date,medicine_name,quantity_used,season,day_of_week,month
2025-05-26,Paracetamol 650mg,19,Summer,0,5
2025-05-26,Cetirizine 10mg,7,Summer,0,5
2025-05-26,Amoxicillin 500mg,8,Summer,0,5
2025-05-26,Insulin Glargine 100IU,4,Summer,0,5
2025-05-26,Salbutamol Inhaler,2,Summer,0,5
2025-05-26,Phenytoin 100mg,3,Summer,0,5
2025-05-26,ORS (Oral Rehydration),71,Summer,0,5
2025-05-26,Cough Syrup 100ml,2,Summer,0,5
2025-05-26,Pantoprazole 40mg,20,Summer,0,5
2025-05-26,Metformin 500mg,20,Summer,0,5
2025-05-26,Amlodipine 5mg,9,Summer,0,5
2025-05-26,Azithromycin 500mg,2,Summer,0,5
2025-05-26,Ibuprofen 400mg,11,Summer,0,5
2025-05-26,Zinc Tablets 20mg,8,Summer,0,5
2025-05-26,Multivitamin Complex,10,Summer,0,5
2025-05-26,Folic Acid 5mg,12,Summer,0,5
2025-05-26,Atorvastatin 10mg,9,Summer,0,5
2025-05-26,Levocetirizine 5mg,3,Summer,0,5
2025-05-26,Ranitidine 150mg,13,Summer,0,5
2025-05-26,Diclofenac Gel 30g,6,Summer,0,5
2025-05-26,ORS (Orange Flavor),50,Summer,0,5
2025-05-26,Dolo 650mg,18,Summer,0,5
2025-05-26,Erythromycin 250mg,7,Summer,0,5
2025-05-26,Montelukast 10mg,6,Summer,0,5
2025-05-26,Carbamazepine 200mg,1,Summer,0,5
2025-05-27,Paracetamol 650mg,18,Summer,1,5
2025-05-27,Cetirizine 10mg,11,Summer,1,5
2025-05-27,Amoxicillin 500mg,6,Summer,1,5
2025-05-27,Insulin Glargine 100IU,11,Summer,1,5
2025-05-27,Salbutamol Inhaler,4,Summer,1,5
2025-05-27,Phenytoin 100mg,2,Summer,1,5
2025-05-27,ORS (Oral Rehydration),59,Summer,1,5
2025-05-27,Cough Syrup 100ml,7,Summer,1,5
2025-05-27,Pantoprazole 40mg,22,Summer,1,5
2025-05-27,Metformin 500mg,15,Summer,1,5
2025-05-27,Amlodipine 5mg,15,Summer,1,5
2025-05-27,Azithromycin 500mg,1,Summer,1,5
2025-05-27,Ibuprofen 400mg,9,Summer,1,5
2025-05-27,Zinc Tablets 20mg,11,Summer,1,5
2025-05-27,Multivitamin Complex,13,Summer,1,5
2025-05-27,Folic Acid 5mg,9,Summer,1,5
2025-05-27,Atorvastatin 10mg,9,Summer,1,5
2025-05-27,Levocetirizine 5mg,3,Summer,1,5
2025-05-27,Ranitidine 150mg,18,Summer,1,5
2025-05-27,Diclofenac Gel 30g,6,Summer,1,5
2025-05-27,ORS (Orange Flavor),33,Summer,1,5
2025-05-27,Dolo 650mg,26,Summer,1,5
2025-05-27,Erythromycin 250mg,8,Summer,1,5
2025-05-27,Montelukast 10mg,7,Summer,1,5
2025-05-27,Carbamazepine 200mg,3,Summer,1,5
2025-05-28,Paracetamol 650mg,10,Summer,2,5
2025-05-28,Cetirizine 10mg,11,Summer,2,5
2025-05-28,Amoxicillin 500mg,11,Summer,2,5
2025-05-28,Insulin Glargine 100IU,7,Summer,2,5
2025-05-28,Salbutamol Inhaler,2,Summer,2,5
2025-05-28,Phenytoin 100mg,2,Summer,2,5
2025-05-28,ORS (Oral Rehydration),74,Summer,2,5
2025-05-28,Cough Syrup 100ml,4,Summer,2,5
2025-05-28,Pantoprazole 40mg,31,Summer,2,5
2025-05-28,Metformin 500mg,23,Summer,2,5
2025-05-28,Amlodipine 5mg,13,Summer,2,5
2025-05-28,Azithromycin 500mg,5,Summer,2,5
2025-05-28,Ibuprofen 400mg,10,Summer,2,5
2025-05-28,Zinc Tablets 20mg,12,Summer,2,5
2025-05-28,Multivitamin Complex,15,Summer,2,5
2025-05-28,Folic Acid 5mg,17,Summer,2,5
2025-05-28,Atorvastatin 10mg,16,Summer,2,5
2025-05-28,Levocetirizine 5mg,3,Summer,2,5
2025-05-28,Ranitidine 150mg,17,Summer,2,5
2025-05-28,Diclofenac Gel 30g,3,Summer,2,5
2025-05-28,ORS (Orange Flavor),49,Summer,2,5
2025-05-28,Dolo 650mg,14,Summer,2,5
2025-05-28,Erythromycin 250mg,4,Summer,2,5
2025-05-28,Montelukast 10mg,8,Summer,2,5
2025-05-28,Carbamazepine 200mg,2,Summer,2,5
2025-05-29,Paracetamol 650mg,18,Summer,3,5
2025-05-29,Cetirizine 10mg,7,Summer,3,5
2025-05-29,Amoxicillin 500mg,13,Summer,3,5
2025-05-29,Insulin Glargine 100IU,1,Summer,3,5
2025-05-29,Salbutamol Inhaler,1,Summer,3,5
2025-05-29,Phenytoin 100mg,3,Summer,3,5
2025-05-29,ORS (Oral Rehydration),70,Summer,3,5
2025-05-29,Cough Syrup 100ml,5,Summer,3,5
2025-05-29,Pantoprazole 40mg,21,Summer,3,5
2025-05-29,Metformin 500mg,18,Summer,3,5
2025-05-29,Amlodipine 5mg,16,Summer,3,5
2025-05-29,Azithromycin 500mg,2,Summer,3,5
2025-05-29,Ibuprofen 400mg,12,Summer,3,5
2025-05-29,Zinc Tablets 20mg,7,Summer,3,5
2025-05-29,Multivitamin Complex,6,Summer,3,5
2025-05-29,Folic Acid 5mg,20,Summer,3,5
2025-05-29,Atorvastatin 10mg,14,Summer,3,5
2025-05-29,Levocetirizine 5mg,6,Summer,3,5
2025-05-29,Ranitidine 150mg,13,Summer,3,5
2025-05-29,Diclofenac Gel 30g,11,Summer,3,5
2025-05-29,ORS (Orange Flavor),52,Summer,3,5
2025-05-29,Dolo 650mg,25,Summer,3,5
2025-05-29,Erythromycin 250mg,4,Summer,3,5
2025-05-29,Montelukast 10mg,6,Summer,3,5
2025-05-29,Carbamazepine 200mg,5,Summer,3,5
2025-05-30,Paracetamol 650mg,16,Summer,4,5
2025-05-30,Cetirizine 10mg,11,Summer,4,5
2025-05-30,Amoxicillin 500mg,7,Summer,4,5
2025-05-30,Insulin Glargine 100IU,4,Summer,4,5
2025-05-30,Salbutamol Inhaler,2,Summer,4,5
2025-05-30,Phenytoin 100mg,6,Summer,4,5
2025-05-30,ORS (Oral Rehydration),78,Summer,4,5
2025-05-30,Cough Syrup 100ml,4,Summer,4,5
2025-05-30,Pantoprazole 40mg,22,Summer,4,5
2025-05-30,Metformin 500mg,12,Summer,4,5
2025-05-30,Amlodipine 5mg,16,Summer,4,5
2025-05-30,Azithromycin 500mg,5,Summer,4,5
2025-05-30,Ibuprofen 400mg,5,Summer,4,5
2025-05-30,Zinc Tablets 20mg,12,Summer,4,5
2025-05-30,Multivitamin Complex,14,Summer,4,5
2025-05-30,Folic Acid 5mg,16,Summer,4,5
2025-05-30,Atorvastatin 10mg,16,Summer,4,5
2025-05-30,Levocetirizine 5mg,6,Summer,4,5
2025-05-30,Ranitidine 150mg,17,Summer,4,5
2025-05-30,Diclofenac Gel 30g,9,Summer,4,5
2025-05-30,ORS (Orange Flavor),52,Summer,4,5
2025-05-30,Dolo 650mg,30,Summer,4,5
2025-05-30,Erythromycin 250mg,5,Summer,4,5
2025-05-30,Montelukast 10mg,5,Summer,4,5
2025-05-30,Carbamazepine 200mg,6,Summer,4,5
2025-05-31,Paracetamol 650mg,17,Summer,5,5
2025-05-31,Cetirizine 10mg,8,Summer,5,5
2025-05-31,Amoxicillin 500mg,11,Summer,5,5
2025-05-31,Insulin Glargine 100IU,6,Summer,5,5
2025-05-31,Salbutamol Inhaler,4,Summer,5,5
2025-05-31,Phenytoin 100mg,1,Summer,5,5
2025-05-31,ORS (Oral Rehydration),67,Summer,5,5
2025-05-31,Cough Syrup 100ml,6,Summer,5,5
2025-05-31,Pantoprazole 40mg,24,Summer,5,5
2025-05-31,Metformin 500mg,27,Summer,5,5
2025-05-31,Amlodipine 5mg,21,Summer,5,5
2025-05-31,Azithromycin 500mg,5,Summer,5,5
2025-05-31,Ibuprofen 400mg,3,Summer,5,5
2025-05-31,Zinc Tablets 20mg,8,Summer,5,5
2025-05-31,Multivitamin Complex,13,Summer,5,5
2025-05-31,Folic Acid 5mg,13,Summer,5,5
2025-05-31,Atorvastatin 10mg,11,Summer,5,5
2025-05-31,Levocetirizine 5mg,2,Summer,5,5
2025-05-31,Ranitidine 150mg,13,Summer,5,5
2025-05-31,Diclofenac Gel 30g,2,Summer,5,5
2025-05-31,ORS (Orange Flavor),41,Summer,5,5
2025-05-31,Dolo 650mg,18,Summer,5,5
2025-05-31,Erythromycin 250mg,4,Summer,5,5
2025-05-31,Montelukast 10mg,3,Summer,5,5
2025-05-31,Carbamazepine 200mg,4,Summer,5,5
2025-06-01,Paracetamol 650mg,44,Monsoon,6,6
2025-06-01,Cetirizine 10mg,20,Monsoon,6,6
2025-06-01,Amoxicillin 500mg,28,Monsoon,6,6
2025-06-01,Insulin Glargine 100IU,5,Monsoon,6,6
2025-06-01,Salbutamol Inhaler,5,Monsoon,6,6
2025-06-01,Phenytoin 100mg,2,Monsoon,6,6
2025-06-01,ORS (Oral Rehydration),32,Monsoon,6,6
2025-06-01,Cough Syrup 100ml,15,Monsoon,6,6
2025-06-01,Pantoprazole 40mg,9,Monsoon,6,6
2025-06-01,Metformin 500mg,19,Monsoon,6,6
2025-06-01,Amlodipine 5mg,13,Monsoon,6,6
2025-06-01,Azithromycin 500mg,8,Monsoon,6,6
2025-06-01,Ibuprofen 400mg,7,Monsoon,6,6
2025-06-01,Zinc Tablets 20mg,18,Monsoon,6,6
2025-06-01,Multivitamin Complex,10,Monsoon,6,6
2025-06-01,Folic Acid 5mg,21,Monsoon,6,6
2025-06-01,Atorvastatin 10mg,11,Monsoon,6,6
2025-06-01,Levocetirizine 5mg,8,Monsoon,6,6
2025-06-01,Ranitidine 150mg,17,Monsoon,6,6
2025-06-01,Diclofenac Gel 30g,6,Monsoon,6,6
2025-06-01,ORS (Orange Flavor),12,Monsoon,6,6
2025-06-01,Dolo 650mg,47,Monsoon,6,6
2025-06-01,Erythromycin 250mg,7,Monsoon,6,6
2025-06-01,Montelukast 10mg,4,Monsoon,6,6
2025-06-01,Carbamazepine 200mg,7,Monsoon,6,6
2025-06-02,Paracetamol 650mg,43,Monsoon,0,6
2025-06-02,Cetirizine 10mg,35,Monsoon,0,6
2025-06-02,Amoxicillin 500mg,19,Monsoon,0,6
2025-06-02,Insulin Glargine 100IU,6,Monsoon,0,6
2025-06-02,Salbutamol Inhaler,8,Monsoon,0,6
2025-06-02,Phenytoin 100mg,3,Monsoon,0,6
2025-06-02,ORS (Oral Rehydration),31,Monsoon,0,6
2025-06-02,Cough Syrup 100ml,17,Monsoon,0,6
2025-06-02,Pantoprazole 40mg,15,Monsoon,0,6
2025-06-02,Metformin 500mg,20,Monsoon,0,6
2025-06-02,Amlodipine 5mg,21,Monsoon,0,6
2025-06-02,Azithromycin 500mg,9,Monsoon,0,6
2025-06-02,Ibuprofen 400mg,14,Monsoon,0,6
2025-06-02,Zinc Tablets 20mg,25,Monsoon,0,6
2025-06-02,Multivitamin Complex,17,Monsoon,0,6
2025-06-02,Folic Acid 5mg,19,Monsoon,0,6
2025-06-02,Atorvastatin 10mg,15,Monsoon,0,6
2025-06-02,Levocetirizine 5mg,9,Monsoon,0,6
2025-06-02,Ranitidine 150mg,11,Monsoon,0,6
2025-06-02,Diclofenac Gel 30g,7,Monsoon,0,6
2025-06-02,ORS (Orange Flavor),25,Monsoon,0,6
2025-06-02,Dolo 650mg,50,Monsoon,0,6
2025-06-02,Erythromycin 250mg,18,Monsoon,0,6
2025-06-02,Montelukast 10mg,10,Monsoon,0,6
2025-06-02,Carbamazepine 200mg,7,Monsoon,0,6
2025-06-03,Paracetamol 650mg,36,Monsoon,1,6
2025-06-03,Cetirizine 10mg,28,Monsoon,1,6
2025-06-03,Amoxicillin 500mg,25,Monsoon,1,6
2025-06-03,Insulin Glargine 100IU,3,Monsoon,1,6
2025-06-03,Salbutamol Inhaler,8,Monsoon,1,6
2025-06-03,Phenytoin 100mg,2,Monsoon,1,6
2025-06-03,ORS (Oral Rehydration),31,Monsoon,1,6
2025-06-03,Cough Syrup 100ml,17,Monsoon,1,6
2025-06-03,Pantoprazole 40mg,16,Monsoon,1,6
2025-06-03,Metformin 500mg,13,Monsoon,1,6
2025-06-03,Amlodipine 5mg,14,Monsoon,1,6
2025-06-03,Azithromycin 500mg,6,Monsoon,1,6
2025-06-03,Ibuprofen 400mg,11,Monsoon,1,6
2025-06-03,Zinc Tablets 20mg,15,Monsoon,1,6
2025-06-03,Multivitamin Complex,11,Monsoon,1,6
2025-06-03,Folic Acid 5mg,14,Monsoon,1,6
2025-06-03,Atorvastatin 10mg,12,Monsoon,1,6
2025-06-03,Levocetirizine 5mg,17,Monsoon,1,6
2025-06-03,Ranitidine 150mg,13,Monsoon,1,6
2025-06-03,Diclofenac Gel 30g,2,Monsoon,1,6
2025-06-03,ORS (Orange Flavor),21,Monsoon,1,6
2025-06-03,Dolo 650mg,46,Monsoon,1,6
2025-06-03,Erythromycin 250mg,14,Monsoon,1,6
2025-06-03,Montelukast 10mg,9,Monsoon,1,6
2025-06-03,Carbamazepine 200mg,2,Monsoon,1,6
2025-06-04,Paracetamol 650mg,34,Monsoon,2,6
2025-06-04,Cetirizine 10mg,23,Monsoon,2,6
2025-06-04,Amoxicillin 500mg,31,Monsoon,2,6
2025-06-04,Insulin Glargine 100IU,4,Monsoon,2,6
2025-06-04,Salbutamol Inhaler,7,Monsoon,2,6
2025-06-04,Phenytoin 100mg,5,Monsoon,2,6
2025-06-04,ORS (Oral Rehydration),27,Monsoon,2,6
2025-06-04,Cough Syrup 100ml,13,Monsoon,2,6
2025-06-04,Pantoprazole 40mg,11,Monsoon,2,6
2025-06-04,Metformin 500mg,12,Monsoon,2,6
2025-06-04,Amlodipine 5mg,11,Monsoon,2,6
2025-06-04,Azithromycin 500mg,4,Monsoon,2,6
2025-06-04,Ibuprofen 400mg,12,Monsoon,2,6
2025-06-04,Zinc Tablets 20mg,26,Monsoon,2,6
2025-06-04,Multivitamin Complex,18,Monsoon,2,6
2025-06-04,Folic Acid 5mg,14,Monsoon,2,6
2025-06-04,Atorvastatin 10mg,3,Monsoon,2,6
2025-06-04,Levocetirizine 5mg,13,Monsoon,2,6
2025-06-04,Ranitidine 150mg,17,Monsoon,2,6
2025-06-04,Diclofenac Gel 30g,6,Monsoon,2,6
2025-06-04,ORS (Orange Flavor),21,Monsoon,2,6
2025-06-04,Dolo 650mg,54,Monsoon,2,6
2025-06-04,Erythromycin 250mg,11,Monsoon,2,6
2025-06-04,Montelukast 10mg,7,Monsoon,2,6
2025-06-04,Carbamazepine 200mg,5,Monsoon,2,6
2025-06-05,Paracetamol 650mg,42,Monsoon,3,6
2025-06-05,Cetirizine 10mg,30,Monsoon,3,6
2025-06-05,Amoxicillin 500mg,35,Monsoon,3,6
2025-06-05,Insulin Glargine 100IU,8,Monsoon,3,6
2025-06-05,Salbutamol Inhaler,7,Monsoon,3,6
2025-06-05,Phenytoin 100mg,2,Monsoon,3,6
2025-06-05,ORS (Oral Rehydration),34,Monsoon,3,6
2025-06-05,Cough Syrup 100ml,19,Monsoon,3,6
2025-06-05,Pantoprazole 40mg,13,Monsoon,3,6
2025-06-05,Metformin 500mg,14,Monsoon,3,6
2025-06-05,Amlodipine 5mg,12,Monsoon,3,6
2025-06-05,Azithromycin 500mg,8,Monsoon,3,6
2025-06-05,Ibuprofen 400mg,10,Monsoon,3,6
2025-06-05,Zinc Tablets 20mg,22,Monsoon,3,6
2025-06-05,Multivitamin Complex,13,Monsoon,3,6
2025-06-05,Folic Acid 5mg,14,Monsoon,3,6
2025-06-05,Atorvastatin 10mg,13,Monsoon,3,6
2025-06-05,Levocetirizine 5mg,6,Monsoon,3,6
2025-06-05,Ranitidine 150mg,13,Monsoon,3,6
2025-06-05,Diclofenac Gel 30g,2,Monsoon,3,6
2025-06-05,ORS (Orange Flavor),16,Monsoon,3,6
2025-06-05,Dolo 650mg,59,Monsoon,3,6
2025-06-05,Erythromycin 250mg,10,Monsoon,3,6
2025-06-05,Montelukast 10mg,11,Monsoon,3,6
2025-06-05,Carbamazepine 200mg,3,Monsoon,3,6
2025-06-06,Paracetamol 650mg,43,Monsoon,4,6
2025-06-06,Cetirizine 10mg,25,Monsoon,4,6
2025-06-06,Amoxicillin 500mg,29,Monsoon,4,6
2025-06-06,Insulin Glargine 100IU,4,Monsoon,4,6
2025-06-06,Salbutamol Inhaler,9,Monsoon,4,6
2025-06-06,Phenytoin 100mg,2,Monsoon,4,6
2025-06-06,ORS (Oral Rehydration),35,Monsoon,4,6
2025-06-06,Cough Syrup 100ml,6,Monsoon,4,6
2025-06-06,Pantoprazole 40mg,17,Monsoon,4,6
2025-06-06,Metformin 500mg,23,Monsoon,4,6
2025-06-06,Amlodipine 5mg,14,Monsoon,4,6
2025-06-06,Azithromycin 500mg,16,Monsoon,4,6
2025-06-06,Ibuprofen 400mg,7,Monsoon,4,6
2025-06-06,Zinc Tablets 20mg,28,Monsoon,4,6
2025-06-06,Multivitamin Complex,12,Monsoon,4,6
2025-06-06,Folic Acid 5mg,12,Monsoon,4,6
2025-06-06,Atorvastatin 10mg,8,Monsoon,4,6
2025-06-06,Levocetirizine 5mg,11,Monsoon,4,6
2025-06-06,Ranitidine 150mg,10,Monsoon,4,6
2025-06-06,Diclofenac Gel 30g,8,Monsoon,4,6
2025-06-06,ORS (Orange Flavor),15,Monsoon,4,6
2025-06-06,Dolo 650mg,38,Monsoon,4,6
2025-06-06,Erythromycin 250mg,10,Monsoon,4,6
2025-06-06,Montelukast 10mg,7,Monsoon,4,6
2025-06-06,Carbamazepine 200mg,1,Monsoon,4,6
2025-06-07,Paracetamol 650mg,45,Monsoon,5,6
2025-06-07,Cetirizine 10mg,25,Monsoon,5,6
2025-06-07,Amoxicillin 500mg,23,Monsoon,5,6
2025-06-07,Insulin Glargine 100IU,4,Monsoon,5,6
2025-06-07,Salbutamol Inhaler,8,Monsoon,5,6
2025-06-07,Phenytoin 100mg,3,Monsoon,5,6
2025-06-07,ORS (Oral Rehydration),39,Monsoon,5,6
2025-06-07,Cough Syrup 100ml,8,Monsoon,5,6
2025-06-07,Pantoprazole 40mg,17,Monsoon,5,6
2025-06-07,Metformin 500mg,23,Monsoon,5,6
2025-06-07,Amlodipine 5mg,25,Monsoon,5,6
2025-06-07,Azithromycin 500mg,11,Monsoon,5,6
2025-06-07,Ibuprofen 400mg,6,Monsoon,5,6
2025-06-07,Zinc Tablets 20mg,27,Monsoon,5,6
2025-06-07,Multivitamin Complex,8,Monsoon,5,6
2025-06-07,Folic Acid 5mg,12,Monsoon,5,6
2025-06-07,Atorvastatin 10mg,9,Monsoon,5,6
2025-06-07,Levocetirizine 5mg,9,Monsoon,5,6
2025-06-07,Ranitidine 150mg,17,Monsoon,5,6
2025-06-07,Diclofenac Gel 30g,5,Monsoon,5,6
2025-06-07,ORS (Orange Flavor),13,Monsoon,5,6
2025-06-07,Dolo 650mg,54,Monsoon,5,6
2025-06-07,Erythromycin 250mg,12,Monsoon,5,6
2025-06-07,Montelukast 10mg,4,Monsoon,5,6
2025-06-07,Carbamazepine 200mg,2,Monsoon,5,6
2025-06-08,Paracetamol 650mg,46,Monsoon,6,6
2025-06-08,Cetirizine 10mg,27,Monsoon,6,6
2025-06-08,Amoxicillin 500mg,18,Monsoon,6,6
2025-06-08,Insulin Glargine 100IU,4,Monsoon,6,6
2025-06-08,Salbutamol Inhaler,9,Monsoon,6,6
2025-06-08,Phenytoin 100mg,5,Monsoon,6,6
2025-06-08,ORS (Oral Rehydration),20,Monsoon,6,6
2025-06-08,Cough Syrup 100ml,8,Monsoon,6,6
2025-06-08,Pantoprazole 40mg,13,Monsoon,6,6
2025-06-08,Metformin 500mg,22,Monsoon,6,6
2025-06-08,Amlodipine 5mg,14,Monsoon,6,6
2025-06-08,Azithromycin 500mg,8,Monsoon,6,6
2025-06-08,Ibuprofen 400mg,9,Monsoon,6,6
2025-06-08,Zinc Tablets 20mg,30,Monsoon,6,6
2025-06-08,Multivitamin Complex,15,Monsoon,6,6
2025-06-08,Folic Acid 5mg,13,Monsoon,6,6
2025-06-08,Atorvastatin 10mg,15,Monsoon,6,6
2025-06-08,Levocetirizine 5mg,10,Monsoon,6,6
2025-06-08,Ranitidine 150mg,16,Monsoon,6,6
2025-06-08,Diclofenac Gel 30g,9,Monsoon,6,6
2025-06-08,ORS (Orange Flavor),13,Monsoon,6,6
2025-06-08,Dolo 650mg,75,Monsoon,6,6
2025-06-08,Erythromycin 250mg,15,Monsoon,6,6
2025-06-08,Montelukast 10mg,9,Monsoon,6,6
2025-06-08,Carbamazepine 200mg,5,Monsoon,6,6
2025-06-09,Paracetamol 650mg,39,Monsoon,0,6
2025-06-09,Cetirizine 10mg,17,Monsoon,0,6
2025-06-09,Amoxicillin 500mg,21,Monsoon,0,6
2025-06-09,Insulin Glargine 100IU,5,Monsoon,0,6
2025-06-09,Salbutamol Inhaler,8,Monsoon,0,6
2025-06-09,Phenytoin 100mg,1,Monsoon,0,6
2025-06-09,ORS (Oral Rehydration),19,Monsoon,0,6
2025-06-09,Cough Syrup 100ml,18,Monsoon,0,6
2025-06-09,Pantoprazole 40mg,10,Monsoon,0,6
2025-06-09,Metformin 500mg,26,Monsoon,0,6
2025-06-09,Amlodipine 5mg,14,Monsoon,0,6
2025-06-09,Azithromycin 500mg,7,Monsoon,0,6
2025-06-09,Ibuprofen 400mg,11,Monsoon,0,6
2025-06-09,Zinc Tablets 20mg,26,Monsoon,0,6
2025-06-09,Multivitamin Complex,14,Monsoon,0,6
2025-06-09,Folic Acid 5mg,9,Monsoon,0,6
2025-06-09,Atorvastatin 10mg,10,Monsoon,0,6
2025-06-09,Levocetirizine 5mg,7,Monsoon,0,6
2025-06-09,Ranitidine 150mg,18,Monsoon,0,6
2025-06-09,Diclofenac Gel 30g,7,Monsoon,0,6
2025-06-09,ORS (Orange Flavor),20,Monsoon,0,6
2025-06-09,Dolo 650mg,55,Monsoon,0,6
2025-06-09,Erythromycin 250mg,10,Monsoon,0,6
2025-06-09,Montelukast 10mg,14,Monsoon,0,6
2025-06-09,Carbamazepine 200mg,4,Monsoon,0,6
2025-06-10,Paracetamol 650mg,44,Monsoon,1,6
2025-06-10,Cetirizine 10mg,20,Monsoon,1,6
2025-06-10,Amoxicillin 500mg,15,Monsoon,1,6
2025-06-10,Insulin Glargine 100IU,7,Monsoon,1,6
2025-06-10,Salbutamol Inhaler,10,Monsoon,1,6
2025-06-10,Phenytoin 100mg,1,Monsoon,1,6
2025-06-10,ORS (Oral Rehydration),33,Monsoon,1,6
2025-06-10,Cough Syrup 100ml,10,Monsoon,1,6
2025-06-10,Pantoprazole 40mg,15,Monsoon,1,6
2025-06-10,Metformin 500mg,15,Monsoon,1,6
2025-06-10,Amlodipine 5mg,18,Monsoon,1,6
2025-06-10,Azithromycin 500mg,8,Monsoon,1,6
2025-06-10,Ibuprofen 400mg,11,Monsoon,1,6
2025-06-10,Zinc Tablets 20mg,17,Monsoon,1,6
2025-06-10,Multivitamin Complex,12,Monsoon,1,6
2025-06-10,Folic Acid 5mg,16,Monsoon,1,6
2025-06-10,Atorvastatin 10mg,12,Monsoon,1,6
2025-06-10,Levocetirizine 5mg,15,Monsoon,1,6
2025-06-10,Ranitidine 150mg,12,Monsoon,1,6
2025-06-10,Diclofenac Gel 30g,8,Monsoon,1,6
2025-06-10,ORS (Orange Flavor),20,Monsoon,1,6
2025-06-10,Dolo 650mg,55,Monsoon,1,6
2025-06-10,Erythromycin 250mg,12,Monsoon,1,6
2025-06-10,Montelukast 10mg,5,Monsoon,1,6
2025-06-10,Carbamazepine 200mg,4,Monsoon,1,6
2025-06-11,Paracetamol 650mg,36,Monsoon,2,6
2025-06-11,Cetirizine 10mg,21,Monsoon,2,6
2025-06-11,Amoxicillin 500mg,27,Monsoon,2,6
2025-06-11,Insulin Glargine 100IU,4,Monsoon,2,6
2025-06-11,Salbutamol Inhaler,2,Monsoon,2,6
2025-06-11,Phenytoin 100mg,3,Monsoon,2,6
2025-06-11,ORS (Oral Rehydration),28,Monsoon,2,6
2025-06-11,Cough Syrup 100ml,12,Monsoon,2,6
2025-06-11,Pantoprazole 40mg,19,Monsoon,2,6
2025-06-11,Metformin 500mg,18,Monsoon,2,6
2025-06-11,Amlodipine 5mg,16,Monsoon,2,6
2025-06-11,Azithromycin 500mg,11,Monsoon,2,6
2025-06-11,Ibuprofen 400mg,13,Monsoon,2,6
2025-06-11,Zinc Tablets 20mg,24,Monsoon,2,6
2025-06-11,Multivitamin Complex,11,Monsoon,2,6
2025-06-11,Folic Acid 5mg,13,Monsoon,2,6
2025-06-11,Atorvastatin 10mg,8,Monsoon,2,6
2025-06-11,Levocetirizine 5mg,16,Monsoon,2,6
2025-06-11,Ranitidine 150mg,21,Monsoon,2,6
2025-06-11,Diclofenac Gel 30g,6,Monsoon,2,6
2025-06-11,ORS (Orange Flavor),15,Monsoon,2,6
2025-06-11,Dolo 650mg,53,Monsoon,2,6
2025-06-11,Erythromycin 250mg,10,Monsoon,2,6
2025-06-11,Montelukast 10mg,15,Monsoon,2,6
2025-06-11,Carbamazepine 200mg,2,Monsoon,2,6
2025-06-12,Paracetamol 650mg,49,Monsoon,3,6
2025-06-12,Cetirizine 10mg,27,Monsoon,3,6
2025-06-12,Amoxicillin 500mg,24,Monsoon,3,6
2025-06-12,Insulin Glargine 100IU,4,Monsoon,3,6
2025-06-12,Salbutamol Inhaler,2,Monsoon,3,6
2025-06-12,Phenytoin 100mg,4,Monsoon,3,6
2025-06-12,ORS (Oral Rehydration),28,Monsoon,3,6
2025-06-12,Cough Syrup 100ml,11,Monsoon,3,6
2025-06-12,Pantoprazole 40mg,17,Monsoon,3,6
2025-06-12,Metformin 500mg,19,Monsoon,3,6
2025-06-12,Amlodipine 5mg,9,Monsoon,3,6
2025-06-12,Azithromycin 500mg,7,Monsoon,3,6
2025-06-12,Ibuprofen 400mg,7,Monsoon,3,6
2025-06-12,Zinc Tablets 20mg,21,Monsoon,3,6
2025-06-12,Multivitamin Complex,14,Monsoon,3,6
2025-06-12,Folic Acid 5mg,19,Monsoon,3,6
2025-06-12,Atorvastatin 10mg,9,Monsoon,3,6
2025-06-12,Levocetirizine 5mg,11,Monsoon,3,6
2025-06-12,Ranitidine 150mg,11,Monsoon,3,6
2025-06-12,Diclofenac Gel 30g,7,Monsoon,3,6
2025-06-12,ORS (Orange Flavor),17,Monsoon,3,6
2025-06-12,Dolo 650mg,58,Monsoon,3,6
2025-06-12,Erythromycin 250mg,11,Monsoon,3,6
2025-06-12,Montelukast 10mg,6,Monsoon,3,6
2025-06-12,Carbamazepine 200mg,4,Monsoon,3,6
2025-06-13,Paracetamol 650mg,37,Monsoon,4,6
2025-06-13,Cetirizine 10mg,25,Monsoon,4,6
2025-06-13,Amoxicillin 500mg,22,Monsoon,4,6
2025-06-13,Insulin Glargine 100IU,8,Monsoon,4,6
2025-06-13,Salbutamol Inhaler,8,Monsoon,4,6
2025-06-13,Phenytoin 100mg,1,Monsoon,4,6
2025-06-13,ORS (Oral Rehydration),24,Monsoon,4,6
2025-06-13,Cough Syrup 100ml,12,Monsoon,4,6
2025-06-13,Pantoprazole 40mg,5,Monsoon,4,6
2025-06-13,Metformin 500mg,21,Monsoon,4,6
2025-06-13,Amlodipine 5mg,7,Monsoon,4,6
2025-06-13,Azithromycin 500mg,9,Monsoon,4,6
2025-06-13,Ibuprofen 400mg,13,Monsoon,4,6
2025-06-13,Zinc Tablets 20mg,20,Monsoon,4,6
2025-06-13,Multivitamin Complex,10,Monsoon,4,6
2025-06-13,Folic Acid 5mg,16,Monsoon,4,6
2025-06-13,Atorvastatin 10mg,8,Monsoon,4,6
2025-06-13,Levocetirizine 5mg,11,Monsoon,4,6
2025-06-13,Ranitidine 150mg,18,Monsoon,4,6
2025-06-13,Diclofenac Gel 30g,7,Monsoon,4,6
2025-06-13,ORS (Orange Flavor),22,Monsoon,4,6
2025-06-13,Dolo 650mg,42,Monsoon,4,6
2025-06-13,Erythromycin 250mg,17,Monsoon,4,6
2025-06-13,Montelukast 10mg,8,Monsoon,4,6
2025-06-13,Carbamazepine 200mg,8,Monsoon,4,6
2025-06-14,Paracetamol 650mg,53,Monsoon,5,6
2025-06-14,Cetirizine 10mg,26,Monsoon,5,6
2025-06-14,Amoxicillin 500mg,19,Monsoon,5,6
2025-06-14,Insulin Glargine 100IU,3,Monsoon,5,6
2025-06-14,Salbutamol Inhaler,8,Monsoon,5,6
2025-06-14,Phenytoin 100mg,5,Monsoon,5,6
2025-06-14,ORS (Oral Rehydration),35,Monsoon,5,6
2025-06-14,Cough Syrup 100ml,11,Monsoon,5,6
2025-06-14,Pantoprazole 40mg,12,Monsoon,5,6
2025-06-14,Metformin 500mg,17,Monsoon,5,6
2025-06-14,Amlodipine 5mg,10,Monsoon,5,6
2025-06-14,Azithromycin 500mg,6,Monsoon,5,6
2025-06-14,Ibuprofen 400mg,14,Monsoon,5,6
2025-06-14,Zinc Tablets 20mg,28,Monsoon,5,6
2025-06-14,Multivitamin Complex,20,Monsoon,5,6
2025-06-14,Folic Acid 5mg,13,Monsoon,5,6
2025-06-14,Atorvastatin 10mg,9,Monsoon,5,6
2025-06-14,Levocetirizine 5mg,10,Monsoon,5,6
2025-06-14,Ranitidine 150mg,22,Monsoon,5,6
2025-06-14,Diclofenac Gel 30g,3,Monsoon,5,6
2025-06-14,ORS (Orange Flavor),19,Monsoon,5,6
2025-06-14,Dolo 650mg,59,Monsoon,5,6
2025-06-14,Erythromycin 250mg,12,Monsoon,5,6
2025-06-14,Montelukast 10mg,11,Monsoon,5,6
2025-06-14,Carbamazepine 200mg,2,Monsoon,5,6
2025-06-15,Paracetamol 650mg,49,Monsoon,6,6
2025-06-15,Cetirizine 10mg,22,Monsoon,6,6
2025-06-15,Amoxicillin 500mg,18,Monsoon,6,6
2025-06-15,Insulin Glargine 100IU,3,Monsoon,6,6
2025-06-15,Salbutamol Inhaler,10,Monsoon,6,6
2025-06-15,Phenytoin 100mg,3,Monsoon,6,6
2025-06-15,ORS (Oral Rehydration),28,Monsoon,6,6
2025-06-15,Cough Syrup 100ml,9,Monsoon,6,6
2025-06-15,Pantoprazole 40mg,12,Monsoon,6,6
2025-06-15,Metformin 500mg,17,Monsoon,6,6
2025-06-15,Amlodipine 5mg,9,Monsoon,6,6
2025-06-15,Azithromycin 500mg,11,Monsoon,6,6
2025-06-15,Ibuprofen 400mg,4,Monsoon,6,6
2025-06-15,Zinc Tablets 20mg,20,Monsoon,6,6
2025-06-15,Multivitamin Complex,17,Monsoon,6,6
2025-06-15,Folic Acid 5mg,12,Monsoon,6,6
2025-06-15,Atorvastatin 10mg,10,Monsoon,6,6
2025-06-15,Levocetirizine 5mg,4,Monsoon,6,6
2025-06-15,Ranitidine 150mg,5,Monsoon,6,6
2025-06-15,Diclofenac Gel 30g,6,Monsoon,6,6
2025-06-15,ORS (Orange Flavor),9,Monsoon,6,6
2025-06-15,Dolo 650mg,47,Monsoon,6,6
2025-06-15,Erythromycin 250mg,13,Monsoon,6,6
2025-06-15,Montelukast 10mg,7,Monsoon,6,6
2025-06-15,Carbamazepine 200mg,4,Monsoon,6,6
2025-06-16,Paracetamol 650mg,53,Monsoon,0,6
2025-06-16,Cetirizine 10mg,23,Monsoon,0,6
2025-06-16,Amoxicillin 500mg,23,Monsoon,0,6
2025-06-16,Insulin Glargine 100IU,7,Monsoon,0,6
2025-06-16,Salbutamol Inhaler,4,Monsoon,0,6
2025-06-16,Phenytoin 100mg,2,Monsoon,0,6
2025-06-16,ORS (Oral Rehydration),24,Monsoon,0,6
2025-06-16,Cough Syrup 100ml,14,Monsoon,0,6
2025-06-16,Pantoprazole 40mg,12,Monsoon,0,6
2025-06-16,Metformin 500mg,17,Monsoon,0,6
2025-06-16,Amlodipine 5mg,14,Monsoon,0,6
2025-06-16,Azithromycin 500mg,11,Monsoon,0,6
2025-06-16,Ibuprofen 400mg,14,Monsoon,0,6
2025-06-16,Zinc Tablets 20mg,32,Monsoon,0,6
2025-06-16,Multivitamin Complex,8,Monsoon,0,6
2025-06-16,Folic Acid 5mg,19,Monsoon,0,6
2025-06-16,Atorvastatin 10mg,7,Monsoon,0,6
2025-06-16,Levocetirizine 5mg,12,Monsoon,0,6
2025-06-16,Ranitidine 150mg,15,Monsoon,0,6
2025-06-16,Diclofenac Gel 30g,9,Monsoon,0,6
2025-06-16,ORS (Orange Flavor),24,Monsoon,0,6
2025-06-16,Dolo 650mg,44,Monsoon,0,6
2025-06-16,Erythromycin 250mg,12,Monsoon,0,6
2025-06-16,Montelukast 10mg,12,Monsoon,0,6
2025-06-16,Carbamazepine 200mg,4,Monsoon,0,6
2025-06-17,Paracetamol 650mg,49,Monsoon,1,6
2025-06-17,Cetirizine 10mg,15,Monsoon,1,6
2025-06-17,Amoxicillin 500mg,18,Monsoon,1,6
2025-06-17,Insulin Glargine 100IU,9,Monsoon,1,6
2025-06-17,Salbutamol Inhaler,4,Monsoon,1,6
2025-06-17,Phenytoin 100mg,3,Monsoon,1,6
2025-06-17,ORS (Oral Rehydration),33,Monsoon,1,6
2025-06-17,Cough Syrup 100ml,12,Monsoon,1,6
2025-06-17,Pantoprazole 40mg,11,Monsoon,1,6
2025-06-17,Metformin 500mg,15,Monsoon,1,6
2025-06-17,Amlodipine 5mg,21,Monsoon,1,6
2025-06-17,Azithromycin 500mg,12,Monsoon,1,6
2025-06-17,Ibuprofen 400mg,23,Monsoon,1,6
2025-06-17,Zinc Tablets 20mg,23,Monsoon,1,6
2025-06-17,Multivitamin Complex,10,Monsoon,1,6
2025-06-17,Folic Acid 5mg,18,Monsoon,1,6
2025-06-17,Atorvastatin 10mg,15,Monsoon,1,6
2025-06-17,Levocetirizine 5mg,15,Monsoon,1,6
2025-06-17,Ranitidine 150mg,18,Monsoon,1,6
2025-06-17,Diclofenac Gel 30g,2,Monsoon,1,6
2025-06-17,ORS (Orange Flavor),18,Monsoon,1,6
2025-06-17,Dolo 650mg,54,Monsoon,1,6
2025-06-17,Erythromycin 250mg,9,Monsoon,1,6
2025-06-17,Montelukast 10mg,7,Monsoon,1,6
2025-06-17,Carbamazepine 200mg,2,Monsoon,1,6
2025-06-18,Paracetamol 650mg,53,Monsoon,2,6
2025-06-18,Cetirizine 10mg,23,Monsoon,2,6
2025-06-18,Amoxicillin 500mg,26,Monsoon,2,6
2025-06-18,Insulin Glargine 100IU,8,Monsoon,2,6
2025-06-18,Salbutamol Inhaler,7,Monsoon,2,6
2025-06-18,Phenytoin 100mg,6,Monsoon,2,6
2025-06-18,ORS (Oral Rehydration),33,Monsoon,2,6
2025-06-18,Cough Syrup 100ml,9,Monsoon,2,6
2025-06-18,Pantoprazole 40mg,15,Monsoon,2,6
2025-06-18,Metformin 500mg,13,Monsoon,2,6
2025-06-18,Amlodipine 5mg,25,Monsoon,2,6
2025-06-18,Azithromycin 500mg,6,Monsoon,2,6
2025-06-18,Ibuprofen 400mg,9,Monsoon,2,6
2025-06-18,Zinc Tablets 20mg,25,Monsoon,2,6
2025-06-18,Multivitamin Complex,10,Monsoon,2,6
2025-06-18,Folic Acid 5mg,14,Monsoon,2,6
2025-06-18,Atorvastatin 10mg,12,Monsoon,2,6
2025-06-18,Levocetirizine 5mg,9,Monsoon,2,6
2025-06-18,Ranitidine 150mg,21,Monsoon,2,6
2025-06-18,Diclofenac Gel 30g,6,Monsoon,2,6
2025-06-18,ORS (Orange Flavor),25,Monsoon,2,6
2025-06-18,Dolo 650mg,54,Monsoon,2,6
2025-06-18,Erythromycin 250mg,15,Monsoon,2,6
2025-06-18,Montelukast 10mg,5,Monsoon,2,6
2025-06-18,Carbamazepine 200mg,3,Monsoon,2,6
2025-06-19,Paracetamol 650mg,36,Monsoon,3,6
2025-06-19,Cetirizine 10mg,26,Monsoon,3,6
2025-06-19,Amoxicillin 500mg,15,Monsoon,3,6
2025-06-19,Insulin Glargine 100IU,5,Monsoon,3,6
2025-06-19,Salbutamol Inhaler,7,Monsoon,3,6
2025-06-19,Phenytoin 100mg,2,Monsoon,3,6
2025-06-19,ORS (Oral Rehydration),29,Monsoon,3,6
2025-06-19,Cough Syrup 100ml,11,Monsoon,3,6
2025-06-19,Pantoprazole 40mg,6,Monsoon,3,6
2025-06-19,Metformin 500mg,19,Monsoon,3,6
2025-06-19,Amlodipine 5mg,17,Monsoon,3,6
2025-06-19,Azithromycin 500mg,14,Monsoon,3,6
2025-06-19,Ibuprofen 400mg,10,Monsoon,3,6
2025-06-19,Zinc Tablets 20mg,27,Monsoon,3,6
2025-06-19,Multivitamin Complex,11,Monsoon,3,6
2025-06-19,Folic Acid 5mg,14,Monsoon,3,6
2025-06-19,Atorvastatin 10mg,16,Monsoon,3,6
2025-06-19,Levocetirizine 5mg,6,Monsoon,3,6
2025-06-19,Ranitidine 150mg,18,Monsoon,3,6
2025-06-19,Diclofenac Gel 30g,4,Monsoon,3,6
2025-06-19,ORS (Orange Flavor),19,Monsoon,3,6
2025-06-19,Dolo 650mg,51,Monsoon,3,6
2025-06-19,Erythromycin 250mg,7,Monsoon,3,6
2025-06-19,Montelukast 10mg,4,Monsoon,3,6
2025-06-19,Carbamazepine 200mg,1,Monsoon,3,6
2025-06-20,Paracetamol 650mg,37,Monsoon,4,6
2025-06-20,Cetirizine 10mg,26,Monsoon,4,6
2025-06-20,Amoxicillin 500mg,21,Monsoon,4,6
2025-06-20,Insulin Glargine 100IU,7,Monsoon,4,6
2025-06-20,Salbutamol Inhaler,6,Monsoon,4,6
2025-06-20,Phenytoin 100mg,4,Monsoon,4,6
2025-06-20,ORS (Oral Rehydration),27,Monsoon,4,6
2025-06-20,Cough Syrup 100ml,5,Monsoon,4,6
2025-06-20,Pantoprazole 40mg,16,Monsoon,4,6
2025-06-20,Metformin 500mg,19,Monsoon,4,6
2025-06-20,Amlodipine 5mg,13,Monsoon,4,6
2025-06-20,Azithromycin 500mg,9,Monsoon,4,6
2025-06-20,Ibuprofen 400mg,11,Monsoon,4,6
2025-06-20,Zinc Tablets 20mg,32,Monsoon,4,6
2025-06-20,Multivitamin Complex,12,Monsoon,4,6
2025-06-20,Folic Acid 5mg,10,Monsoon,4,6
2025-06-20,Atorvastatin 10mg,9,Monsoon,4,6
2025-06-20,Levocetirizine 5mg,17,Monsoon,4,6
2025-06-20,Ranitidine 150mg,16,Monsoon,4,6
2025-06-20,Diclofenac Gel 30g,6,Monsoon,4,6
2025-06-20,ORS (Orange Flavor),18,Monsoon,4,6
2025-06-20,Dolo 650mg,50,Monsoon,4,6
2025-06-20,Erythromycin 250mg,14,Monsoon,4,6
2025-06-20,Montelukast 10mg,9,Monsoon,4,6
2025-06-20,Carbamazepine 200mg,3,Monsoon,4,6
2025-06-21,Paracetamol 650mg,44,Monsoon,5,6
2025-06-21,Cetirizine 10mg,25,Monsoon,5,6
2025-06-21,Amoxicillin 500mg,18,Monsoon,5,6
2025-06-21,Insulin Glargine 100IU,5,Monsoon,5,6
2025-06-21,Salbutamol Inhaler,4,Monsoon,5,6
2025-06-21,Phenytoin 100mg,4,Monsoon,5,6
2025-06-21,ORS (Oral Rehydration),35,Monsoon,5,6
2025-06-21,Cough Syrup 100ml,13,Monsoon,5,6
2025-06-21,Pantoprazole 40mg,15,Monsoon,5,6
2025-06-21,Metformin 500mg,17,Monsoon,5,6
2025-06-21,Amlodipine 5mg,7,Monsoon,5,6
2025-06-21,Azithromycin 500mg,7,Monsoon,5,6
2025-06-21,Ibuprofen 400mg,11,Monsoon,5,6
2025-06-21,Zinc Tablets 20mg,27,Monsoon,5,6
2025-06-21,Multivitamin Complex,6,Monsoon,5,6
2025-06-21,Folic Acid 5mg,12,Monsoon,5,6
2025-06-21,Atorvastatin 10mg,9,Monsoon,5,6
2025-06-21,Levocetirizine 5mg,16,Monsoon,5,6
2025-06-21,Ranitidine 150mg,22,Monsoon,5,6
2025-06-21,Diclofenac Gel 30g,7,Monsoon,5,6
2025-06-21,ORS (Orange Flavor),24,Monsoon,5,6
2025-06-21,Dolo 650mg,51,Monsoon,5,6
2025-06-21,Erythromycin 250mg,12,Monsoon,5,6
2025-06-21,Montelukast 10mg,11,Monsoon,5,6
2025-06-21,Carbamazepine 200mg,2,Monsoon,5,6
2025-06-22,Paracetamol 650mg,50,Monsoon,6,6
2025-06-22,Cetirizine 10mg,11,Monsoon,6,6
2025-06-22,Amoxicillin 500mg,27,Monsoon,6,6
2025-06-22,Insulin Glargine 100IU,1,Monsoon,6,6
2025-06-22,Salbutamol Inhaler,4,Monsoon,6,6
2025-06-22,Phenytoin 100mg,5,Monsoon,6,6
2025-06-22,ORS (Oral Rehydration),40,Monsoon,6,6
2025-06-22,Cough Syrup 100ml,21,Monsoon,6,6
2025-06-22,Pantoprazole 40mg,17,Monsoon,6,6
2025-06-22,Metformin 500mg,16,Monsoon,6,6
2025-06-22,Amlodipine 5mg,16,Monsoon,6,6
2025-06-22,Azithromycin 500mg,11,Monsoon,6,6
2025-06-22,Ibuprofen 400mg,10,Monsoon,6,6
2025-06-22,Zinc Tablets 20mg,24,Monsoon,6,6
2025-06-22,Multivitamin Complex,11,Monsoon,6,6
2025-06-22,Folic Acid 5mg,13,Monsoon,6,6
2025-06-22,Atorvastatin 10mg,10,Monsoon,6,6
2025-06-22,Levocetirizine 5mg,14,Monsoon,6,6
2025-06-22,Ranitidine 150mg,18,Monsoon,6,6
2025-06-22,Diclofenac Gel 30g,6,Monsoon,6,6
2025-06-22,ORS (Orange Flavor),21,Monsoon,6,6
2025-06-22,Dolo 650mg,55,Monsoon,6,6
2025-06-22,Erythromycin 250mg,13,Monsoon,6,6
2025-06-22,Montelukast 10mg,6,Monsoon,6,6
2025-06-22,Carbamazepine 200mg,1,Monsoon,6,6
2025-06-23,Paracetamol 650mg,42,Monsoon,0,6
2025-06-23,Cetirizine 10mg,21,Monsoon,0,6
2025-06-23,Amoxicillin 500mg,23,Monsoon,0,6
2025-06-23,Insulin Glargine 100IU,1,Monsoon,0,6
2025-06-23,Salbutamol Inhaler,9,Monsoon,0,6
2025-06-23,Phenytoin 100mg,1,Monsoon,0,6
2025-06-23,ORS (Oral Rehydration),23,Monsoon,0,6
2025-06-23,Cough Syrup 100ml,15,Monsoon,0,6
2025-06-23,Pantoprazole 40mg,13,Monsoon,0,6
2025-06-23,Metformin 500mg,23,Monsoon,0,6
2025-06-23,Amlodipine 5mg,17,Monsoon,0,6
2025-06-23,Azithromycin 500mg,5,Monsoon,0,6
2025-06-23,Ibuprofen 400mg,14,Monsoon,0,6
2025-06-23,Zinc Tablets 20mg,34,Monsoon,0,6
2025-06-23,Multivitamin Complex,21,Monsoon,0,6
2025-06-23,Folic Acid 5mg,13,Monsoon,0,6
2025-06-23,Atorvastatin 10mg,8,Monsoon,0,6
2025-06-23,Levocetirizine 5mg,12,Monsoon,0,6
2025-06-23,Ranitidine 150mg,17,Monsoon,0,6
2025-06-23,Diclofenac Gel 30g,8,Monsoon,0,6
2025-06-23,ORS (Orange Flavor),24,Monsoon,0,6
2025-06-23,Dolo 650mg,38,Monsoon,0,6
2025-06-23,Erythromycin 250mg,11,Monsoon,0,6
2025-06-23,Montelukast 10mg,9,Monsoon,0,6
2025-06-23,Carbamazepine 200mg,2,Monsoon,0,6
2025-06-24,Paracetamol 650mg,44,Monsoon,1,6
2025-06-24,Cetirizine 10mg,28,Monsoon,1,6
2025-06-24,Amoxicillin 500mg,36,Monsoon,1,6
2025-06-24,Insulin Glargine 100IU,8,Monsoon,1,6
2025-06-24,Salbutamol Inhaler,11,Monsoon,1,6
2025-06-24,Phenytoin 100mg,4,Monsoon,1,6
2025-06-24,ORS (Oral Rehydration),32,Monsoon,1,6
2025-06-24,Cough Syrup 100ml,12,Monsoon,1,6
2025-06-24,Pantoprazole 40mg,22,Monsoon,1,6
2025-06-24,Metformin 500mg,20,Monsoon,1,6
2025-06-24,Amlodipine 5mg,12,Monsoon,1,6
2025-06-24,Azithromycin 500mg,6,Monsoon,1,6
2025-06-24,Ibuprofen 400mg,9,Monsoon,1,6
2025-06-24,Zinc Tablets 20mg,22,Monsoon,1,6
2025-06-24,Multivitamin Complex,20,Monsoon,1,6
2025-06-24,Folic Acid 5mg,13,Monsoon,1,6
2025-06-24,Atorvastatin 10mg,8,Monsoon,1,6
2025-06-24,Levocetirizine 5mg,9,Monsoon,1,6
2025-06-24,Ranitidine 150mg,13,Monsoon,1,6
2025-06-24,Diclofenac Gel 30g,4,Monsoon,1,6
2025-06-24,ORS (Orange Flavor),7,Monsoon,1,6
2025-06-24,Dolo 650mg,61,Monsoon,1,6
2025-06-24,Erythromycin 250mg,19,Monsoon,1,6
2025-06-24,Montelukast 10mg,13,Monsoon,1,6
2025-06-24,Carbamazepine 200mg,4,Monsoon,1,6
2025-06-25,Paracetamol 650mg,32,Monsoon,2,6
2025-06-25,Cetirizine 10mg,31,Monsoon,2,6
2025-06-25,Amoxicillin 500mg,23,Monsoon,2,6
2025-06-25,Insulin Glargine 100IU,8,Monsoon,2,6
2025-06-25,Salbutamol Inhaler,2,Monsoon,2,6
2025-06-25,Phenytoin 100mg,1,Monsoon,2,6
2025-06-25,ORS (Oral Rehydration),29,Monsoon,2,6
2025-06-25,Cough Syrup 100ml,9,Monsoon,2,6
2025-06-25,Pantoprazole 40mg,13,Monsoon,2,6
2025-06-25,Metformin 500mg,30,Monsoon,2,6
2025-06-25,Amlodipine 5mg,16,Monsoon,2,6
2025-06-25,Azithromycin 500mg,13,Monsoon,2,6
2025-06-25,Ibuprofen 400mg,13,Monsoon,2,6
2025-06-25,Zinc Tablets 20mg,25,Monsoon,2,6
2025-06-25,Multivitamin Complex,8,Monsoon,2,6
2025-06-25,Folic Acid 5mg,6,Monsoon,2,6
2025-06-25,Atorvastatin 10mg,12,Monsoon,2,6
2025-06-25,Levocetirizine 5mg,5,Monsoon,2,6
2025-06-25,Ranitidine 150mg,16,Monsoon,2,6
2025-06-25,Diclofenac Gel 30g,12,Monsoon,2,6
2025-06-25,ORS (Orange Flavor),23,Monsoon,2,6
2025-06-25,Dolo 650mg,57,Monsoon,2,6
2025-06-25,Erythromycin 250mg,18,Monsoon,2,6
2025-06-25,Montelukast 10mg,7,Monsoon,2,6
2025-06-25,Carbamazepine 200mg,8,Monsoon,2,6
2025-06-26,Paracetamol 650mg,45,Monsoon,3,6
2025-06-26,Cetirizine 10mg,28,Monsoon,3,6
2025-06-26,Amoxicillin 500mg,29,Monsoon,3,6
2025-06-26,Insulin Glargine 100IU,4,Monsoon,3,6
2025-06-26,Salbutamol Inhaler,9,Monsoon,3,6
2025-06-26,Phenytoin 100mg,1,Monsoon,3,6
2025-06-26,ORS (Oral Rehydration),32,Monsoon,3,6
2025-06-26,Cough Syrup 100ml,10,Monsoon,3,6
2025-06-26,Pantoprazole 40mg,16,Monsoon,3,6
2025-06-26,Metformin 500mg,21,Monsoon,3,6
2025-06-26,Amlodipine 5mg,11,Monsoon,3,6
2025-06-26,Azithromycin 500mg,9,Monsoon,3,6
2025-06-26,Ibuprofen 400mg,14,Monsoon,3,6
2025-06-26,Zinc Tablets 20mg,21,Monsoon,3,6
2025-06-26,Multivitamin Complex,7,Monsoon,3,6
2025-06-26,Folic Acid 5mg,18,Monsoon,3,6
2025-06-26,Atorvastatin 10mg,10,Monsoon,3,6
2025-06-26,Levocetirizine 5mg,9,Monsoon,3,6
2025-06-26,Ranitidine 150mg,12,Monsoon,3,6
2025-06-26,Diclofenac Gel 30g,5,Monsoon,3,6
2025-06-26,ORS (Orange Flavor),15,Monsoon,3,6
2025-06-26,Dolo 650mg,54,Monsoon,3,6
2025-06-26,Erythromycin 250mg,13,Monsoon,3,6
2025-06-26,Montelukast 10mg,7,Monsoon,3,6
2025-06-26,Carbamazepine 200mg,4,Monsoon,3,6
2025-06-27,Paracetamol 650mg,59,Monsoon,4,6
2025-06-27,Cetirizine 10mg,29,Monsoon,4,6
2025-06-27,Amoxicillin 500mg,25,Monsoon,4,6
2025-06-27,Insulin Glargine 100IU,2,Monsoon,4,6
2025-06-27,Salbutamol Inhaler,9,Monsoon,4,6
2025-06-27,Phenytoin 100mg,1,Monsoon,4,6
2025-06-27,ORS (Oral Rehydration),30,Monsoon,4,6
2025-06-27,Cough Syrup 100ml,11,Monsoon,4,6
2025-06-27,Pantoprazole 40mg,14,Monsoon,4,6
2025-06-27,Metformin 500mg,19,Monsoon,4,6
2025-06-27,Amlodipine 5mg,11,Monsoon,4,6
2025-06-27,Azithromycin 500mg,4,Monsoon,4,6
2025-06-27,Ibuprofen 400mg,8,Monsoon,4,6
2025-06-27,Zinc Tablets 20mg,20,Monsoon,4,6
2025-06-27,Multivitamin Complex,5,Monsoon,4,6
2025-06-27,Folic Acid 5mg,18,Monsoon,4,6
2025-06-27,Atorvastatin 10mg,13,Monsoon,4,6
2025-06-27,Levocetirizine 5mg,16,Monsoon,4,6
2025-06-27,Ranitidine 150mg,12,Monsoon,4,6
2025-06-27,Diclofenac Gel 30g,7,Monsoon,4,6
2025-06-27,ORS (Orange Flavor),15,Monsoon,4,6
2025-06-27,Dolo 650mg,63,Monsoon,4,6
2025-06-27,Erythromycin 250mg,14,Monsoon,4,6
2025-06-27,Montelukast 10mg,9,Monsoon,4,6
2025-06-27,Carbamazepine 200mg,1,Monsoon,4,6
2025-06-28,Paracetamol 650mg,41,Monsoon,5,6
2025-06-28,Cetirizine 10mg,12,Monsoon,5,6
2025-06-28,Amoxicillin 500mg,33,Monsoon,5,6
2025-06-28,Insulin Glargine 100IU,5,Monsoon,5,6
2025-06-28,Salbutamol Inhaler,6,Monsoon,5,6
2025-06-28,Phenytoin 100mg,2,Monsoon,5,6
2025-06-28,ORS (Oral Rehydration),31,Monsoon,5,6
2025-06-28,Cough Syrup 100ml,10,Monsoon,5,6
2025-06-28,Pantoprazole 40mg,13,Monsoon,5,6
2025-06-28,Metformin 500mg,28,Monsoon,5,6
2025-06-28,Amlodipine 5mg,12,Monsoon,5,6
2025-06-28,Azithromycin 500mg,13,Monsoon,5,6
2025-06-28,Ibuprofen 400mg,7,Monsoon,5,6
2025-06-28,Zinc Tablets 20mg,19,Monsoon,5,6
2025-06-28,Multivitamin Complex,9,Monsoon,5,6
2025-06-28,Folic Acid 5mg,10,Monsoon,5,6
2025-06-28,Atorvastatin 10mg,13,Monsoon,5,6
2025-06-28,Levocetirizine 5mg,10,Monsoon,5,6
2025-06-28,Ranitidine 150mg,9,Monsoon,5,6
2025-06-28,Diclofenac Gel 30g,4,Monsoon,5,6
2025-06-28,ORS (Orange Flavor),14,Monsoon,5,6
2025-06-28,Dolo 650mg,54,Monsoon,5,6
2025-06-28,Erythromycin 250mg,4,Monsoon,5,6
2025-06-28,Montelukast 10mg,10,Monsoon,5,6
2025-06-28,Carbamazepine 200mg,5,Monsoon,5,6
2025-06-29,Paracetamol 650mg,47,Monsoon,6,6
2025-06-29,Cetirizine 10mg,20,Monsoon,6,6
2025-06-29,Amoxicillin 500mg,27,Monsoon,6,6
2025-06-29,Insulin Glargine 100IU,5,Monsoon,6,6
2025-06-29,Salbutamol Inhaler,6,Monsoon,6,6
2025-06-29,Phenytoin 100mg,1,Monsoon,6,6
2025-06-29,ORS (Oral Rehydration),35,Monsoon,6,6
2025-06-29,Cough Syrup 100ml,16,Monsoon,6,6
2025-06-29,Pantoprazole 40mg,13,Monsoon,6,6
2025-06-29,Metformin 500mg,17,Monsoon,6,6
2025-06-29,Amlodipine 5mg,14,Monsoon,6,6
2025-06-29,Azithromycin 500mg,9,Monsoon,6,6
2025-06-29,Ibuprofen 400mg,13,Monsoon,6,6
2025-06-29,Zinc Tablets 20mg,22,Monsoon,6,6
2025-06-29,Multivitamin Complex,13,Monsoon,6,6
2025-06-29,Folic Acid 5mg,11,Monsoon,6,6
2025-06-29,Atorvastatin 10mg,10,Monsoon,6,6
2025-06-29,Levocetirizine 5mg,9,Monsoon,6,6
2025-06-29,Ranitidine 150mg,19,Monsoon,6,6
2025-06-29,Diclofenac Gel 30g,2,Monsoon,6,6
2025-06-29,ORS (Orange Flavor),20,Monsoon,6,6
2025-06-29,Dolo 650mg,58,Monsoon,6,6
2025-06-29,Erythromycin 250mg,12,Monsoon,6,6
2025-06-29,Montelukast 10mg,12,Monsoon,6,6
2025-06-29,Carbamazepine 200mg,6,Monsoon,6,6
2025-06-30,Paracetamol 650mg,49,Monsoon,0,6
2025-06-30,Cetirizine 10mg,17,Monsoon,0,6
2025-06-30,Amoxicillin 500mg,20,Monsoon,0,6
2025-06-30,Insulin Glargine 100IU,4,Monsoon,0,6
2025-06-30,Salbutamol Inhaler,10,Monsoon,0,6
2025-06-30,Phenytoin 100mg,2,Monsoon,0,6
2025-06-30,ORS (Oral Rehydration),26,Monsoon,0,6
2025-06-30,Cough Syrup 100ml,9,Monsoon,0,6
2025-06-30,Pantoprazole 40mg,18,Monsoon,0,6
2025-06-30,Metformin 500mg,11,Monsoon,0,6
2025-06-30,Amlodipine 5mg,12,Monsoon,0,6
2025-06-30,Azithromycin 500mg,4,Monsoon,0,6
2025-06-30,Ibuprofen 400mg,12,Monsoon,0,6
2025-06-30,Zinc Tablets 20mg,26,Monsoon,0,6
2025-06-30,Multivitamin Complex,10,Monsoon,0,6
2025-06-30,Folic Acid 5mg,20,Monsoon,0,6
2025-06-30,Atorvastatin 10mg,12,Monsoon,0,6
2025-06-30,Levocetirizine 5mg,9,Monsoon,0,6
2025-06-30,Ranitidine 150mg,11,Monsoon,0,6
2025-06-30,Diclofenac Gel 30g,6,Monsoon,0,6
2025-06-30,ORS (Orange Flavor),22,Monsoon,0,6
2025-06-30,Dolo 650mg,58,Monsoon,0,6
2025-06-30,Erythromycin 250mg,15,Monsoon,0,6
2025-06-30,Montelukast 10mg,15,Monsoon,0,6
2025-06-30,Carbamazepine 200mg,7,Monsoon,0,6
2025-07-01,Paracetamol 650mg,44,Monsoon,1,7
2025-07-01,Cetirizine 10mg,24,Monsoon,1,7
2025-07-01,Amoxicillin 500mg,34,Monsoon,1,7
2025-07-01,Insulin Glargine 100IU,5,Monsoon,1,7
2025-07-01,Salbutamol Inhaler,7,Monsoon,1,7
2025-07-01,Phenytoin 100mg,1,Monsoon,1,7
2025-07-01,ORS (Oral Rehydration),36,Monsoon,1,7
2025-07-01,Cough Syrup 100ml,12,Monsoon,1,7
2025-07-01,Pantoprazole 40mg,14,Monsoon,1,7
2025-07-01,Metformin 500mg,19,Monsoon,1,7
2025-07-01,Amlodipine 5mg,20,Monsoon,1,7
2025-07-01,Azithromycin 500mg,4,Monsoon,1,7
2025-07-01,Ibuprofen 400mg,6,Monsoon,1,7
2025-07-01,Zinc Tablets 20mg,26,Monsoon,1,7
2025-07-01,Multivitamin Complex,10,Monsoon,1,7
2025-07-01,Folic Acid 5mg,21,Monsoon,1,7
2025-07-01,Atorvastatin 10mg,15,Monsoon,1,7
2025-07-01,Levocetirizine 5mg,9,Monsoon,1,7
2025-07-01,Ranitidine 150mg,9,Monsoon,1,7
2025-07-01,Diclofenac Gel 30g,3,Monsoon,1,7
2025-07-01,ORS (Orange Flavor),15,Monsoon,1,7
2025-07-01,Dolo 650mg,44,Monsoon,1,7
2025-07-01,Erythromycin 250mg,9,Monsoon,1,7
2025-07-01,Montelukast 10mg,6,Monsoon,1,7
2025-07-01,Carbamazepine 200mg,1,Monsoon,1,7
2025-07-02,Paracetamol 650mg,51,Monsoon,2,7
2025-07-02,Cetirizine 10mg,20,Monsoon,2,7
2025-07-02,Amoxicillin 500mg,18,Monsoon,2,7
2025-07-02,Insulin Glargine 100IU,5,Monsoon,2,7
2025-07-02,Salbutamol Inhaler,5,Monsoon,2,7
2025-07-02,Phenytoin 100mg,3,Monsoon,2,7
2025-07-02,ORS (Oral Rehydration),29,Monsoon,2,7
2025-07-02,Cough Syrup 100ml,14,Monsoon,2,7
2025-07-02,Pantoprazole 40mg,17,Monsoon,2,7
2025-07-02,Metformin 500mg,23,Monsoon,2,7
2025-07-02,Amlodipine 5mg,14,Monsoon,2,7
2025-07-02,Azithromycin 500mg,12,Monsoon,2,7
2025-07-02,Ibuprofen 400mg,11,Monsoon,2,7
2025-07-02,Zinc Tablets 20mg,17,Monsoon,2,7
2025-07-02,Multivitamin Complex,20,Monsoon,2,7
2025-07-02,Folic Acid 5mg,16,Monsoon,2,7
2025-07-02,Atorvastatin 10mg,11,Monsoon,2,7
2025-07-02,Levocetirizine 5mg,7,Monsoon,2,7
2025-07-02,Ranitidine 150mg,14,Monsoon,2,7
2025-07-02,Diclofenac Gel 30g,4,Monsoon,2,7
2025-07-02,ORS (Orange Flavor),13,Monsoon,2,7
2025-07-02,Dolo 650mg,59,Monsoon,2,7
2025-07-02,Erythromycin 250mg,6,Monsoon,2,7
2025-07-02,Montelukast 10mg,8,Monsoon,2,7
2025-07-02,Carbamazepine 200mg,1,Monsoon,2,7
2025-07-03,Paracetamol 650mg,47,Monsoon,3,7
2025-07-03,Cetirizine 10mg,16,Monsoon,3,7
2025-07-03,Amoxicillin 500mg,22,Monsoon,3,7
2025-07-03,Insulin Glargine 100IU,3,Monsoon,3,7
2025-07-03,Salbutamol Inhaler,6,Monsoon,3,7
2025-07-03,Phenytoin 100mg,5,Monsoon,3,7
2025-07-03,ORS (Oral Rehydration),37,Monsoon,3,7
2025-07-03,Cough Syrup 100ml,10,Monsoon,3,7
2025-07-03,Pantoprazole 40mg,16,Monsoon,3,7
2025-07-03,Metformin 500mg,18,Monsoon,3,7
2025-07-03,Amlodipine 5mg,6,Monsoon,3,7
2025-07-03,Azithromycin 500mg,6,Monsoon,3,7
2025-07-03,Ibuprofen 400mg,6,Monsoon,3,7
2025-07-03,Zinc Tablets 20mg,21,Monsoon,3,7
2025-07-03,Multivitamin Complex,11,Monsoon,3,7
2025-07-03,Folic Acid 5mg,14,Monsoon,3,7
2025-07-03,Atorvastatin 10mg,8,Monsoon,3,7
2025-07-03,Levocetirizine 5mg,9,Monsoon,3,7
2025-07-03,Ranitidine 150mg,16,Monsoon,3,7
2025-07-03,Diclofenac Gel 30g,2,Monsoon,3,7
2025-07-03,ORS (Orange Flavor),26,Monsoon,3,7
2025-07-03,Dolo 650mg,54,Monsoon,3,7
2025-07-03,Erythromycin 250mg,9,Monsoon,3,7
2025-07-03,Montelukast 10mg,9,Monsoon,3,7
2025-07-03,Carbamazepine 200mg,3,Monsoon,3,7
2025-07-04,Paracetamol 650mg,44,Monsoon,4,7
2025-07-04,Cetirizine 10mg,20,Monsoon,4,7
2025-07-04,Amoxicillin 500mg,33,Monsoon,4,7
2025-07-04,Insulin Glargine 100IU,3,Monsoon,4,7
2025-07-04,Salbutamol Inhaler,6,Monsoon,4,7
2025-07-04,Phenytoin 100mg,8,Monsoon,4,7
2025-07-04,ORS (Oral Rehydration),33,Monsoon,4,7
2025-07-04,Cough Syrup 100ml,11,Monsoon,4,7
2025-07-04,Pantoprazole 40mg,13,Monsoon,4,7
2025-07-04,Metformin 500mg,15,Monsoon,4,7
2025-07-04,Amlodipine 5mg,10,Monsoon,4,7
2025-07-04,Azithromycin 500mg,9,Monsoon,4,7
2025-07-04,Ibuprofen 400mg,7,Monsoon,4,7
2025-07-04,Zinc Tablets 20mg,25,Monsoon,4,7
2025-07-04,Multivitamin Complex,10,Monsoon,4,7
2025-07-04,Folic Acid 5mg,19,Monsoon,4,7
2025-07-04,Atorvastatin 10mg,10,Monsoon,4,7
2025-07-04,Levocetirizine 5mg,14,Monsoon,4,7
2025-07-04,Ranitidine 150mg,17,Monsoon,4,7
2025-07-04,Diclofenac Gel 30g,3,Monsoon,4,7
2025-07-04,ORS (Orange Flavor),19,Monsoon,4,7
2025-07-04,Dolo 650mg,53,Monsoon,4,7
2025-07-04,Erythromycin 250mg,7,Monsoon,4,7
2025-07-04,Montelukast 10mg,9,Monsoon,4,7
2025-07-04,Carbamazepine 200mg,4,Monsoon,4,7
2025-07-05,Paracetamol 650mg,46,Monsoon,5,7
2025-07-05,Cetirizine 10mg,22,Monsoon,5,7
2025-07-05,Amoxicillin 500mg,22,Monsoon,5,7
2025-07-05,Insulin Glargine 100IU,2,Monsoon,5,7
2025-07-05,Salbutamol Inhaler,8,Monsoon,5,7
2025-07-05,Phenytoin 100mg,2,Monsoon,5,7
2025-07-05,ORS (Oral Rehydration),41,Monsoon,5,7
2025-07-05,Cough Syrup 100ml,12,Monsoon,5,7
2025-07-05,Pantoprazole 40mg,15,Monsoon,5,7
2025-07-05,Metformin 500mg,13,Monsoon,5,7
2025-07-05,Amlodipine 5mg,16,Monsoon,5,7
2025-07-05,Azithromycin 500mg,8,Monsoon,5,7
2025-07-05,Ibuprofen 400mg,12,Monsoon,5,7
2025-07-05,Zinc Tablets 20mg,20,Monsoon,5,7
2025-07-05,Multivitamin Complex,10,Monsoon,5,7
2025-07-05,Folic Acid 5mg,17,Monsoon,5,7
2025-07-05,Atorvastatin 10mg,5,Monsoon,5,7
2025-07-05,Levocetirizine 5mg,7,Monsoon,5,7
2025-07-05,Ranitidine 150mg,20,Monsoon,5,7
2025-07-05,Diclofenac Gel 30g,8,Monsoon,5,7
2025-07-05,ORS (Orange Flavor),25,Monsoon,5,7
2025-07-05,Dolo 650mg,55,Monsoon,5,7
2025-07-05,Erythromycin 250mg,14,Monsoon,5,7
2025-07-05,Montelukast 10mg,13,Monsoon,5,7
2025-07-05,Carbamazepine 200mg,4,Monsoon,5,7
2025-07-06,Paracetamol 650mg,40,Monsoon,6,7
2025-07-06,Cetirizine 10mg,20,Monsoon,6,7
2025-07-06,Amoxicillin 500mg,22,Monsoon,6,7
2025-07-06,Insulin Glargine 100IU,6,Monsoon,6,7
2025-07-06,Salbutamol Inhaler,7,Monsoon,6,7
2025-07-06,Phenytoin 100mg,3,Monsoon,6,7
2025-07-06,ORS (Oral Rehydration),25,Monsoon,6,7
2025-07-06,Cough Syrup 100ml,6,Monsoon,6,7
2025-07-06,Pantoprazole 40mg,9,Monsoon,6,7
2025-07-06,Metformin 500mg,20,Monsoon,6,7
2025-07-06,Amlodipine 5mg,10,Monsoon,6,7
2025-07-06,Azithromycin 500mg,7,Monsoon,6,7
2025-07-06,Ibuprofen 400mg,4,Monsoon,6,7
2025-07-06,Zinc Tablets 20mg,25,Monsoon,6,7
2025-07-06,Multivitamin Complex,10,Monsoon,6,7
2025-07-06,Folic Acid 5mg,16,Monsoon,6,7
2025-07-06,Atorvastatin 10mg,9,Monsoon,6,7
2025-07-06,Levocetirizine 5mg,9,Monsoon,6,7
2025-07-06,Ranitidine 150mg,7,Monsoon,6,7
2025-07-06,Diclofenac Gel 30g,6,Monsoon,6,7
2025-07-06,ORS (Orange Flavor),17,Monsoon,6,7
2025-07-06,Dolo 650mg,61,Monsoon,6,7
2025-07-06,Erythromycin 250mg,8,Monsoon,6,7
2025-07-06,Montelukast 10mg,6,Monsoon,6,7
2025-07-06,Carbamazepine 200mg,4,Monsoon,6,7
2025-07-07,Paracetamol 650mg,40,Monsoon,0,7
2025-07-07,Cetirizine 10mg,21,Monsoon,0,7
2025-07-07,Amoxicillin 500mg,14,Monsoon,0,7
2025-07-07,Insulin Glargine 100IU,7,Monsoon,0,7
2025-07-07,Salbutamol Inhaler,8,Monsoon,0,7
2025-07-07,Phenytoin 100mg,3,Monsoon,0,7
2025-07-07,ORS (Oral Rehydration),33,Monsoon,0,7
2025-07-07,Cough Syrup 100ml,16,Monsoon,0,7
2025-07-07,Pantoprazole 40mg,15,Monsoon,0,7
2025-07-07,Metformin 500mg,17,Monsoon,0,7
2025-07-07,Amlodipine 5mg,12,Monsoon,0,7
2025-07-07,Azithromycin 500mg,9,Monsoon,0,7
2025-07-07,Ibuprofen 400mg,9,Monsoon,0,7
2025-07-07,Zinc Tablets 20mg,28,Monsoon,0,7
2025-07-07,Multivitamin Complex,16,Monsoon,0,7
2025-07-07,Folic Acid 5mg,13,Monsoon,0,7
2025-07-07,Atorvastatin 10mg,12,Monsoon,0,7
2025-07-07,Levocetirizine 5mg,12,Monsoon,0,7
2025-07-07,Ranitidine 150mg,15,Monsoon,0,7
2025-07-07,Diclofenac Gel 30g,7,Monsoon,0,7
2025-07-07,ORS (Orange Flavor),12,Monsoon,0,7
2025-07-07,Dolo 650mg,61,Monsoon,0,7
2025-07-07,Erythromycin 250mg,14,Monsoon,0,7
2025-07-07,Montelukast 10mg,5,Monsoon,0,7
2025-07-07,Carbamazepine 200mg,1,Monsoon,0,7
2025-07-08,Paracetamol 650mg,47,Monsoon,1,7
2025-07-08,Cetirizine 10mg,23,Monsoon,1,7
2025-07-08,Amoxicillin 500mg,21,Monsoon,1,7
2025-07-08,Insulin Glargine 100IU,6,Monsoon,1,7
2025-07-08,Salbutamol Inhaler,5,Monsoon,1,7
2025-07-08,Phenytoin 100mg,6,Monsoon,1,7
2025-07-08,ORS (Oral Rehydration),27,Monsoon,1,7
2025-07-08,Cough Syrup 100ml,9,Monsoon,1,7
2025-07-08,Pantoprazole 40mg,17,Monsoon,1,7
2025-07-08,Metformin 500mg,19,Monsoon,1,7
2025-07-08,Amlodipine 5mg,17,Monsoon,1,7
2025-07-08,Azithromycin 500mg,8,Monsoon,1,7
2025-07-08,Ibuprofen 400mg,10,Monsoon,1,7
2025-07-08,Zinc Tablets 20mg,28,Monsoon,1,7
2025-07-08,Multivitamin Complex,10,Monsoon,1,7
2025-07-08,Folic Acid 5mg,16,Monsoon,1,7
2025-07-08,Atorvastatin 10mg,5,Monsoon,1,7
2025-07-08,Levocetirizine 5mg,9,Monsoon,1,7
2025-07-08,Ranitidine 150mg,15,Monsoon,1,7
2025-07-08,Diclofenac Gel 30g,3,Monsoon,1,7
2025-07-08,ORS (Orange Flavor),18,Monsoon,1,7
2025-07-08,Dolo 650mg,59,Monsoon,1,7
2025-07-08,Erythromycin 250mg,9,Monsoon,1,7
2025-07-08,Montelukast 10mg,11,Monsoon,1,7
2025-07-08,Carbamazepine 200mg,3,Monsoon,1,7
2025-07-09,Paracetamol 650mg,40,Monsoon,2,7
2025-07-09,Cetirizine 10mg,24,Monsoon,2,7
2025-07-09,Amoxicillin 500mg,19,Monsoon,2,7
2025-07-09,Insulin Glargine 100IU,5,Monsoon,2,7
2025-07-09,Salbutamol Inhaler,3,Monsoon,2,7
2025-07-09,Phenytoin 100mg,3,Monsoon,2,7
2025-07-09,ORS (Oral Rehydration),31,Monsoon,2,7
2025-07-09,Cough Syrup 100ml,9,Monsoon,2,7
2025-07-09,Pantoprazole 40mg,16,Monsoon,2,7
2025-07-09,Metformin 500mg,22,Monsoon,2,7
2025-07-09,Amlodipine 5mg,17,Monsoon,2,7
2025-07-09,Azithromycin 500mg,7,Monsoon,2,7
2025-07-09,Ibuprofen 400mg,9,Monsoon,2,7
2025-07-09,Zinc Tablets 20mg,28,Monsoon,2,7
2025-07-09,Multivitamin Complex,10,Monsoon,2,7
2025-07-09,Folic Acid 5mg,14,Monsoon,2,7
2025-07-09,Atorvastatin 10mg,10,Monsoon,2,7
2025-07-09,Levocetirizine 5mg,17,Monsoon,2,7
2025-07-09,Ranitidine 150mg,10,Monsoon,2,7
2025-07-09,Diclofenac Gel 30g,5,Monsoon,2,7
2025-07-09,ORS (Orange Flavor),17,Monsoon,2,7
2025-07-09,Dolo 650mg,50,Monsoon,2,7
2025-07-09,Erythromycin 250mg,16,Monsoon,2,7
2025-07-09,Montelukast 10mg,10,Monsoon,2,7
2025-07-09,Carbamazepine 200mg,4,Monsoon,2,7
2025-07-10,Paracetamol 650mg,43,Monsoon,3,7
2025-07-10,Cetirizine 10mg,25,Monsoon,3,7
2025-07-10,Amoxicillin 500mg,14,Monsoon,3,7
2025-07-10,Insulin Glargine 100IU,6,Monsoon,3,7
2025-07-10,Salbutamol Inhaler,5,Monsoon,3,7
2025-07-10,Phenytoin 100mg,2,Monsoon,3,7
2025-07-10,ORS (Oral Rehydration),42,Monsoon,3,7
2025-07-10,Cough Syrup 100ml,13,Monsoon,3,7
2025-07-10,Pantoprazole 40mg,8,Monsoon,3,7
2025-07-10,Metformin 500mg,20,Monsoon,3,7
2025-07-10,Amlodipine 5mg,17,Monsoon,3,7
2025-07-10,Azithromycin 500mg,7,Monsoon,3,7
2025-07-10,Ibuprofen 400mg,11,Monsoon,3,7
2025-07-10,Zinc Tablets 20mg,33,Monsoon,3,7
2025-07-10,Multivitamin Complex,12,Monsoon,3,7
2025-07-10,Folic Acid 5mg,24,Monsoon,3,7
2025-07-10,Atorvastatin 10mg,14,Monsoon,3,7
2025-07-10,Levocetirizine 5mg,6,Monsoon,3,7
2025-07-10,Ranitidine 150mg,18,Monsoon,3,7
2025-07-10,Diclofenac Gel 30g,4,Monsoon,3,7
2025-07-10,ORS (Orange Flavor),17,Monsoon,3,7
2025-07-10,Dolo 650mg,54,Monsoon,3,7
2025-07-10,Erythromycin 250mg,14,Monsoon,3,7
2025-07-10,Montelukast 10mg,12,Monsoon,3,7
2025-07-10,Carbamazepine 200mg,5,Monsoon,3,7
2025-07-11,Paracetamol 650mg,44,Monsoon,4,7
2025-07-11,Cetirizine 10mg,17,Monsoon,4,7
2025-07-11,Amoxicillin 500mg,22,Monsoon,4,7
2025-07-11,Insulin Glargine 100IU,5,Monsoon,4,7
2025-07-11,Salbutamol Inhaler,2,Monsoon,4,7
2025-07-11,Phenytoin 100mg,5,Monsoon,4,7
2025-07-11,ORS (Oral Rehydration),22,Monsoon,4,7
2025-07-11,Cough Syrup 100ml,8,Monsoon,4,7
2025-07-11,Pantoprazole 40mg,17,Monsoon,4,7
2025-07-11,Metformin 500mg,15,Monsoon,4,7
2025-07-11,Amlodipine 5mg,10,Monsoon,4,7
2025-07-11,Azithromycin 500mg,8,Monsoon,4,7
2025-07-11,Ibuprofen 400mg,12,Monsoon,4,7
2025-07-11,Zinc Tablets 20mg,26,Monsoon,4,7
2025-07-11,Multivitamin Complex,12,Monsoon,4,7
2025-07-11,Folic Acid 5mg,11,Monsoon,4,7
2025-07-11,Atorvastatin 10mg,19,Monsoon,4,7
2025-07-11,Levocetirizine 5mg,13,Monsoon,4,7
2025-07-11,Ranitidine 150mg,15,Monsoon,4,7
2025-07-11,Diclofenac Gel 30g,5,Monsoon,4,7
2025-07-11,ORS (Orange Flavor),25,Monsoon,4,7
2025-07-11,Dolo 650mg,47,Monsoon,4,7
2025-07-11,Erythromycin 250mg,15,Monsoon,4,7
2025-07-11,Montelukast 10mg,12,Monsoon,4,7
2025-07-11,Carbamazepine 200mg,4,Monsoon,4,7
2025-07-12,Paracetamol 650mg,36,Monsoon,5,7
2025-07-12,Cetirizine 10mg,20,Monsoon,5,7
2025-07-12,Amoxicillin 500mg,22,Monsoon,5,7
2025-07-12,Insulin Glargine 100IU,5,Monsoon,5,7
2025-07-12,Salbutamol Inhaler,5,Monsoon,5,7
2025-07-12,Phenytoin 100mg,3,Monsoon,5,7
2025-07-12,ORS (Oral Rehydration),34,Monsoon,5,7
2025-07-12,Cough Syrup 100ml,13,Monsoon,5,7
2025-07-12,Pantoprazole 40mg,10,Monsoon,5,7
2025-07-12,Metformin 500mg,17,Monsoon,5,7
2025-07-12,Amlodipine 5mg,14,Monsoon,5,7
2025-07-12,Azithromycin 500mg,4,Monsoon,5,7
2025-07-12,Ibuprofen 400mg,7,Monsoon,5,7
2025-07-12,Zinc Tablets 20mg,16,Monsoon,5,7
2025-07-12,Multivitamin Complex,12,Monsoon,5,7
2025-07-12,Folic Acid 5mg,15,Monsoon,5,7
2025-07-12,Atorvastatin 10mg,8,Monsoon,5,7
2025-07-12,Levocetirizine 5mg,14,Monsoon,5,7
2025-07-12,Ranitidine 150mg,22,Monsoon,5,7
2025-07-12,Diclofenac Gel 30g,7,Monsoon,5,7
2025-07-12,ORS (Orange Flavor),15,Monsoon,5,7
2025-07-12,Dolo 650mg,53,Monsoon,5,7
2025-07-12,Erythromycin 250mg,10,Monsoon,5,7
2025-07-12,Montelukast 10mg,4,Monsoon,5,7
2025-07-12,Carbamazepine 200mg,3,Monsoon,5,7
2025-07-13,Paracetamol 650mg,48,Monsoon,6,7
2025-07-13,Cetirizine 10mg,29,Monsoon,6,7
2025-07-13,Amoxicillin 500mg,25,Monsoon,6,7
2025-07-13,Insulin Glargine 100IU,6,Monsoon,6,7
2025-07-13,Salbutamol Inhaler,4,Monsoon,6,7
2025-07-13,Phenytoin 100mg,5,Monsoon,6,7
2025-07-13,ORS (Oral Rehydration),28,Monsoon,6,7
2025-07-13,Cough Syrup 100ml,10,Monsoon,6,7
2025-07-13,Pantoprazole 40mg,18,Monsoon,6,7
2025-07-13,Metformin 500mg,30,Monsoon,6,7
2025-07-13,Amlodipine 5mg,9,Monsoon,6,7
2025-07-13,Azithromycin 500mg,10,Monsoon,6,7
2025-07-13,Ibuprofen 400mg,8,Monsoon,6,7
2025-07-13,Zinc Tablets 20mg,32,Monsoon,6,7
2025-07-13,Multivitamin Complex,16,Monsoon,6,7
2025-07-13,Folic Acid 5mg,24,Monsoon,6,7
2025-07-13,Atorvastatin 10mg,9,Monsoon,6,7
2025-07-13,Levocetirizine 5mg,10,Monsoon,6,7
2025-07-13,Ranitidine 150mg,13,Monsoon,6,7
2025-07-13,Diclofenac Gel 30g,11,Monsoon,6,7
2025-07-13,ORS (Orange Flavor),20,Monsoon,6,7
2025-07-13,Dolo 650mg,42,Monsoon,6,7
2025-07-13,Erythromycin 250mg,9,Monsoon,6,7
2025-07-13,Montelukast 10mg,12,Monsoon,6,7
2025-07-13,Carbamazepine 200mg,5,Monsoon,6,7
2025-07-14,Paracetamol 650mg,46,Monsoon,0,7
2025-07-14,Cetirizine 10mg,25,Monsoon,0,7
2025-07-14,Amoxicillin 500mg,25,Monsoon,0,7
2025-07-14,Insulin Glargine 100IU,8,Monsoon,0,7
2025-07-14,Salbutamol Inhaler,4,Monsoon,0,7
2025-07-14,Phenytoin 100mg,4,Monsoon,0,7
2025-07-14,ORS (Oral Rehydration),42,Monsoon,0,7
2025-07-14,Cough Syrup 100ml,15,Monsoon,0,7
2025-07-14,Pantoprazole 40mg,10,Monsoon,0,7
2025-07-14,Metformin 500mg,16,Monsoon,0,7
2025-07-14,Amlodipine 5mg,12,Monsoon,0,7
2025-07-14,Azithromycin 500mg,8,Monsoon,0,7
2025-07-14,Ibuprofen 400mg,12,Monsoon,0,7
2025-07-14,Zinc Tablets 20mg,23,Monsoon,0,7
2025-07-14,Multivitamin Complex,14,Monsoon,0,7
2025-07-14,Folic Acid 5mg,14,Monsoon,0,7
2025-07-14,Atorvastatin 10mg,14,Monsoon,0,7
2025-07-14,Levocetirizine 5mg,9,Monsoon,0,7
2025-07-14,Ranitidine 150mg,23,Monsoon,0,7
2025-07-14,Diclofenac Gel 30g,3,Monsoon,0,7
2025-07-14,ORS (Orange Flavor),13,Monsoon,0,7
2025-07-14,Dolo 650mg,38,Monsoon,0,7
2025-07-14,Erythromycin 250mg,17,Monsoon,0,7
2025-07-14,Montelukast 10mg,7,Monsoon,0,7
2025-07-14,Carbamazepine 200mg,2,Monsoon,0,7
2025-07-15,Paracetamol 650mg,38,Monsoon,1,7
2025-07-15,Cetirizine 10mg,20,Monsoon,1,7
2025-07-15,Amoxicillin 500mg,22,Monsoon,1,7
2025-07-15,Insulin Glargine 100IU,4,Monsoon,1,7
2025-07-15,Salbutamol Inhaler,10,Monsoon,1,7
2025-07-15,Phenytoin 100mg,2,Monsoon,1,7
2025-07-15,ORS (Oral Rehydration),29,Monsoon,1,7
2025-07-15,Cough Syrup 100ml,15,Monsoon,1,7
2025-07-15,Pantoprazole 40mg,19,Monsoon,1,7
2025-07-15,Metformin 500mg,15,Monsoon,1,7
2025-07-15,Amlodipine 5mg,11,Monsoon,1,7
2025-07-15,Azithromycin 500mg,9,Monsoon,1,7
2025-07-15,Ibuprofen 400mg,19,Monsoon,1,7
2025-07-15,Zinc Tablets 20mg,21,Monsoon,1,7
2025-07-15,Multivitamin Complex,10,Monsoon,1,7
2025-07-15,Folic Acid 5mg,19,Monsoon,1,7
2025-07-15,Atorvastatin 10mg,12,Monsoon,1,7
2025-07-15,Levocetirizine 5mg,7,Monsoon,1,7
2025-07-15,Ranitidine 150mg,16,Monsoon,1,7
2025-07-15,Diclofenac Gel 30g,5,Monsoon,1,7
2025-07-15,ORS (Orange Flavor),18,Monsoon,1,7
2025-07-15,Dolo 650mg,45,Monsoon,1,7
2025-07-15,Erythromycin 250mg,9,Monsoon,1,7
2025-07-15,Montelukast 10mg,10,Monsoon,1,7
2025-07-15,Carbamazepine 200mg,2,Monsoon,1,7
2025-07-16,Paracetamol 650mg,43,Monsoon,2,7
2025-07-16,Cetirizine 10mg,19,Monsoon,2,7
2025-07-16,Amoxicillin 500mg,35,Monsoon,2,7
2025-07-16,Insulin Glargine 100IU,2,Monsoon,2,7
2025-07-16,Salbutamol Inhaler,7,Monsoon,2,7
2025-07-16,Phenytoin 100mg,2,Monsoon,2,7
2025-07-16,ORS (Oral Rehydration),39,Monsoon,2,7
2025-07-16,Cough Syrup 100ml,15,Monsoon,2,7
2025-07-16,Pantoprazole 40mg,13,Monsoon,2,7
2025-07-16,Metformin 500mg,20,Monsoon,2,7
2025-07-16,Amlodipine 5mg,9,Monsoon,2,7
2025-07-16,Azithromycin 500mg,7,Monsoon,2,7
2025-07-16,Ibuprofen 400mg,13,Monsoon,2,7
2025-07-16,Zinc Tablets 20mg,29,Monsoon,2,7
2025-07-16,Multivitamin Complex,12,Monsoon,2,7
2025-07-16,Folic Acid 5mg,11,Monsoon,2,7
2025-07-16,Atorvastatin 10mg,16,Monsoon,2,7
2025-07-16,Levocetirizine 5mg,12,Monsoon,2,7
2025-07-16,Ranitidine 150mg,18,Monsoon,2,7
2025-07-16,Diclofenac Gel 30g,4,Monsoon,2,7
2025-07-16,ORS (Orange Flavor),13,Monsoon,2,7
2025-07-16,Dolo 650mg,42,Monsoon,2,7
2025-07-16,Erythromycin 250mg,17,Monsoon,2,7
2025-07-16,Montelukast 10mg,10,Monsoon,2,7
2025-07-16,Carbamazepine 200mg,7,Monsoon,2,7
2025-07-17,Paracetamol 650mg,40,Monsoon,3,7
2025-07-17,Cetirizine 10mg,18,Monsoon,3,7
2025-07-17,Amoxicillin 500mg,32,Monsoon,3,7
2025-07-17,Insulin Glargine 100IU,9,Monsoon,3,7
2025-07-17,Salbutamol Inhaler,10,Monsoon,3,7
2025-07-17,Phenytoin 100mg,4,Monsoon,3,7
2025-07-17,ORS (Oral Rehydration),33,Monsoon,3,7
2025-07-17,Cough Syrup 100ml,14,Monsoon,3,7
2025-07-17,Pantoprazole 40mg,11,Monsoon,3,7
2025-07-17,Metformin 500mg,21,Monsoon,3,7
2025-07-17,Amlodipine 5mg,13,Monsoon,3,7
2025-07-17,Azithromycin 500mg,7,Monsoon,3,7
2025-07-17,Ibuprofen 400mg,8,Monsoon,3,7
2025-07-17,Zinc Tablets 20mg,30,Monsoon,3,7
2025-07-17,Multivitamin Complex,8,Monsoon,3,7
2025-07-17,Folic Acid 5mg,16,Monsoon,3,7
2025-07-17,Atorvastatin 10mg,12,Monsoon,3,7
2025-07-17,Levocetirizine 5mg,12,Monsoon,3,7
2025-07-17,Ranitidine 150mg,22,Monsoon,3,7
2025-07-17,Diclofenac Gel 30g,8,Monsoon,3,7
2025-07-17,ORS (Orange Flavor),13,Monsoon,3,7
2025-07-17,Dolo 650mg,44,Monsoon,3,7
2025-07-17,Erythromycin 250mg,11,Monsoon,3,7
2025-07-17,Montelukast 10mg,6,Monsoon,3,7
2025-07-17,Carbamazepine 200mg,6,Monsoon,3,7
2025-07-18,Paracetamol 650mg,49,Monsoon,4,7
2025-07-18,Cetirizine 10mg,19,Monsoon,4,7
2025-07-18,Amoxicillin 500mg,25,Monsoon,4,7
2025-07-18,Insulin Glargine 100IU,8,Monsoon,4,7
2025-07-18,Salbutamol Inhaler,7,Monsoon,4,7
2025-07-18,Phenytoin 100mg,2,Monsoon,4,7
2025-07-18,ORS (Oral Rehydration),30,Monsoon,4,7
2025-07-18,Cough Syrup 100ml,11,Monsoon,4,7
2025-07-18,Pantoprazole 40mg,16,Monsoon,4,7
2025-07-18,Metformin 500mg,18,Monsoon,4,7
2025-07-18,Amlodipine 5mg,17,Monsoon,4,7
2025-07-18,Azithromycin 500mg,7,Monsoon,4,7
2025-07-18,Ibuprofen 400mg,12,Monsoon,4,7
2025-07-18,Zinc Tablets 20mg,24,Monsoon,4,7
2025-07-18,Multivitamin Complex,6,Monsoon,4,7
2025-07-18,Folic Acid 5mg,19,Monsoon,4,7
2025-07-18,Atorvastatin 10mg,8,Monsoon,4,7
2025-07-18,Levocetirizine 5mg,13,Monsoon,4,7
2025-07-18,Ranitidine 150mg,17,Monsoon,4,7
2025-07-18,Diclofenac Gel 30g,1,Monsoon,4,7
2025-07-18,ORS (Orange Flavor),23,Monsoon,4,7
2025-07-18,Dolo 650mg,35,Monsoon,4,7
2025-07-18,Erythromycin 250mg,15,Monsoon,4,7
2025-07-18,Montelukast 10mg,7,Monsoon,4,7
2025-07-18,Carbamazepine 200mg,6,Monsoon,4,7
2025-07-19,Paracetamol 650mg,49,Monsoon,5,7
2025-07-19,Cetirizine 10mg,24,Monsoon,5,7
2025-07-19,Amoxicillin 500mg,24,Monsoon,5,7
2025-07-19,Insulin Glargine 100IU,3,Monsoon,5,7
2025-07-19,Salbutamol Inhaler,9,Monsoon,5,7
2025-07-19,Phenytoin 100mg,1,Monsoon,5,7
2025-07-19,ORS (Oral Rehydration),46,Monsoon,5,7
2025-07-19,Cough Syrup 100ml,13,Monsoon,5,7
2025-07-19,Pantoprazole 40mg,16,Monsoon,5,7
2025-07-19,Metformin 500mg,19,Monsoon,5,7
2025-07-19,Amlodipine 5mg,13,Monsoon,5,7
2025-07-19,Azithromycin 500mg,10,Monsoon,5,7
2025-07-19,Ibuprofen 400mg,14,Monsoon,5,7
2025-07-19,Zinc Tablets 20mg,20,Monsoon,5,7
2025-07-19,Multivitamin Complex,12,Monsoon,5,7
2025-07-19,Folic Acid 5mg,10,Monsoon,5,7
2025-07-19,Atorvastatin 10mg,14,Monsoon,5,7
2025-07-19,Levocetirizine 5mg,11,Monsoon,5,7
2025-07-19,Ranitidine 150mg,9,Monsoon,5,7
2025-07-19,Diclofenac Gel 30g,10,Monsoon,5,7
2025-07-19,ORS (Orange Flavor),16,Monsoon,5,7
2025-07-19,Dolo 650mg,45,Monsoon,5,7
2025-07-19,Erythromycin 250mg,14,Monsoon,5,7
2025-07-19,Montelukast 10mg,13,Monsoon,5,7
2025-07-19,Carbamazepine 200mg,6,Monsoon,5,7
2025-07-20,Paracetamol 650mg,31,Monsoon,6,7
2025-07-20,Cetirizine 10mg,22,Monsoon,6,7
2025-07-20,Amoxicillin 500mg,22,Monsoon,6,7
2025-07-20,Insulin Glargine 100IU,3,Monsoon,6,7
2025-07-20,Salbutamol Inhaler,6,Monsoon,6,7
2025-07-20,Phenytoin 100mg,2,Monsoon,6,7
2025-07-20,ORS (Oral Rehydration),29,Monsoon,6,7
2025-07-20,Cough Syrup 100ml,11,Monsoon,6,7
2025-07-20,Pantoprazole 40mg,21,Monsoon,6,7
2025-07-20,Metformin 500mg,19,Monsoon,6,7
2025-07-20,Amlodipine 5mg,19,Monsoon,6,7
2025-07-20,Azithromycin 500mg,8,Monsoon,6,7
2025-07-20,Ibuprofen 400mg,10,Monsoon,6,7
2025-07-20,Zinc Tablets 20mg,19,Monsoon,6,7
2025-07-20,Multivitamin Complex,13,Monsoon,6,7
2025-07-20,Folic Acid 5mg,12,Monsoon,6,7
2025-07-20,Atorvastatin 10mg,15,Monsoon,6,7
2025-07-20,Levocetirizine 5mg,7,Monsoon,6,7
2025-07-20,Ranitidine 150mg,13,Monsoon,6,7
2025-07-20,Diclofenac Gel 30g,5,Monsoon,6,7
2025-07-20,ORS (Orange Flavor),17,Monsoon,6,7
2025-07-20,Dolo 650mg,41,Monsoon,6,7
2025-07-20,Erythromycin 250mg,9,Monsoon,6,7
2025-07-20,Montelukast 10mg,3,Monsoon,6,7
2025-07-20,Carbamazepine 200mg,3,Monsoon,6,7
2025-07-21,Paracetamol 650mg,51,Monsoon,0,7
2025-07-21,Cetirizine 10mg,21,Monsoon,0,7
2025-07-21,Amoxicillin 500mg,24,Monsoon,0,7
2025-07-21,Insulin Glargine 100IU,10,Monsoon,0,7
2025-07-21,Salbutamol Inhaler,5,Monsoon,0,7
2025-07-21,Phenytoin 100mg,1,Monsoon,0,7
2025-07-21,ORS (Oral Rehydration),24,Monsoon,0,7
2025-07-21,Cough Syrup 100ml,12,Monsoon,0,7
2025-07-21,Pantoprazole 40mg,13,Monsoon,0,7
2025-07-21,Metformin 500mg,27,Monsoon,0,7
2025-07-21,Amlodipine 5mg,22,Monsoon,0,7
2025-07-21,Azithromycin 500mg,5,Monsoon,0,7
2025-07-21,Ibuprofen 400mg,13,Monsoon,0,7
2025-07-21,Zinc Tablets 20mg,24,Monsoon,0,7
2025-07-21,Multivitamin Complex,11,Monsoon,0,7
2025-07-21,Folic Acid 5mg,15,Monsoon,0,7
2025-07-21,Atorvastatin 10mg,8,Monsoon,0,7
2025-07-21,Levocetirizine 5mg,12,Monsoon,0,7
2025-07-21,Ranitidine 150mg,14,Monsoon,0,7
2025-07-21,Diclofenac Gel 30g,7,Monsoon,0,7
2025-07-21,ORS (Orange Flavor),16,Monsoon,0,7
2025-07-21,Dolo 650mg,46,Monsoon,0,7
2025-07-21,Erythromycin 250mg,11,Monsoon,0,7
2025-07-21,Montelukast 10mg,7,Monsoon,0,7
2025-07-21,Carbamazepine 200mg,5,Monsoon,0,7
2025-07-22,Paracetamol 650mg,44,Monsoon,1,7
2025-07-22,Cetirizine 10mg,28,Monsoon,1,7
2025-07-22,Amoxicillin 500mg,20,Monsoon,1,7
2025-07-22,Insulin Glargine 100IU,8,Monsoon,1,7
2025-07-22,Salbutamol Inhaler,3,Monsoon,1,7
2025-07-22,Phenytoin 100mg,2,Monsoon,1,7
2025-07-22,ORS (Oral Rehydration),29,Monsoon,1,7
2025-07-22,Cough Syrup 100ml,9,Monsoon,1,7
2025-07-22,Pantoprazole 40mg,18,Monsoon,1,7
2025-07-22,Metformin 500mg,11,Monsoon,1,7
2025-07-22,Amlodipine 5mg,7,Monsoon,1,7
2025-07-22,Azithromycin 500mg,7,Monsoon,1,7
2025-07-22,Ibuprofen 400mg,19,Monsoon,1,7
2025-07-22,Zinc Tablets 20mg,19,Monsoon,1,7
2025-07-22,Multivitamin Complex,13,Monsoon,1,7
2025-07-22,Folic Acid 5mg,10,Monsoon,1,7
2025-07-22,Atorvastatin 10mg,8,Monsoon,1,7
2025-07-22,Levocetirizine 5mg,9,Monsoon,1,7
2025-07-22,Ranitidine 150mg,12,Monsoon,1,7
2025-07-22,Diclofenac Gel 30g,6,Monsoon,1,7
2025-07-22,ORS (Orange Flavor),15,Monsoon,1,7
2025-07-22,Dolo 650mg,58,Monsoon,1,7
2025-07-22,Erythromycin 250mg,15,Monsoon,1,7
2025-07-22,Montelukast 10mg,4,Monsoon,1,7
2025-07-22,Carbamazepine 200mg,5,Monsoon,1,7
2025-07-23,Paracetamol 650mg,41,Monsoon,2,7
2025-07-23,Cetirizine 10mg,25,Monsoon,2,7
2025-07-23,Amoxicillin 500mg,26,Monsoon,2,7
2025-07-23,Insulin Glargine 100IU,6,Monsoon,2,7
2025-07-23,Salbutamol Inhaler,6,Monsoon,2,7
2025-07-23,Phenytoin 100mg,2,Monsoon,2,7
2025-07-23,ORS (Oral Rehydration),31,Monsoon,2,7
2025-07-23,Cough Syrup 100ml,9,Monsoon,2,7
2025-07-23,Pantoprazole 40mg,20,Monsoon,2,7
2025-07-23,Metformin 500mg,12,Monsoon,2,7
2025-07-23,Amlodipine 5mg,9,Monsoon,2,7
2025-07-23,Azithromycin 500mg,7,Monsoon,2,7
2025-07-23,Ibuprofen 400mg,10,Monsoon,2,7
2025-07-23,Zinc Tablets 20mg,25,Monsoon,2,7
2025-07-23,Multivitamin Complex,14,Monsoon,2,7
2025-07-23,Folic Acid 5mg,10,Monsoon,2,7
2025-07-23,Atorvastatin 10mg,11,Monsoon,2,7
2025-07-23,Levocetirizine 5mg,6,Monsoon,2,7
2025-07-23,Ranitidine 150mg,17,Monsoon,2,7
2025-07-23,Diclofenac Gel 30g,2,Monsoon,2,7
2025-07-23,ORS (Orange Flavor),12,Monsoon,2,7
2025-07-23,Dolo 650mg,49,Monsoon,2,7
2025-07-23,Erythromycin 250mg,12,Monsoon,2,7
2025-07-23,Montelukast 10mg,10,Monsoon,2,7
2025-07-23,Carbamazepine 200mg,7,Monsoon,2,7
2025-07-24,Paracetamol 650mg,48,Monsoon,3,7
2025-07-24,Cetirizine 10mg,30,Monsoon,3,7
2025-07-24,Amoxicillin 500mg,12,Monsoon,3,7
2025-07-24,Insulin Glargine 100IU,4,Monsoon,3,7
2025-07-24,Salbutamol Inhaler,7,Monsoon,3,7
2025-07-24,Phenytoin 100mg,5,Monsoon,3,7
2025-07-24,ORS (Oral Rehydration),28,Monsoon,3,7
2025-07-24,Cough Syrup 100ml,13,Monsoon,3,7
2025-07-24,Pantoprazole 40mg,16,Monsoon,3,7
2025-07-24,Metformin 500mg,24,Monsoon,3,7
2025-07-24,Amlodipine 5mg,13,Monsoon,3,7
2025-07-24,Azithromycin 500mg,9,Monsoon,3,7
2025-07-24,Ibuprofen 400mg,14,Monsoon,3,7
2025-07-24,Zinc Tablets 20mg,30,Monsoon,3,7
2025-07-24,Multivitamin Complex,10,Monsoon,3,7
2025-07-24,Folic Acid 5mg,9,Monsoon,3,7
2025-07-24,Atorvastatin 10mg,12,Monsoon,3,7
2025-07-24,Levocetirizine 5mg,7,Monsoon,3,7
2025-07-24,Ranitidine 150mg,8,Monsoon,3,7
2025-07-24,Diclofenac Gel 30g,2,Monsoon,3,7
2025-07-24,ORS (Orange Flavor),19,Monsoon,3,7
2025-07-24,Dolo 650mg,48,Monsoon,3,7
2025-07-24,Erythromycin 250mg,12,Monsoon,3,7
2025-07-24,Montelukast 10mg,8,Monsoon,3,7
2025-07-24,Carbamazepine 200mg,5,Monsoon,3,7
2025-07-25,Paracetamol 650mg,35,Monsoon,4,7
2025-07-25,Cetirizine 10mg,23,Monsoon,4,7
2025-07-25,Amoxicillin 500mg,28,Monsoon,4,7
2025-07-25,Insulin Glargine 100IU,5,Monsoon,4,7
2025-07-25,Salbutamol Inhaler,4,Monsoon,4,7
2025-07-25,Phenytoin 100mg,2,Monsoon,4,7
2025-07-25,ORS (Oral Rehydration),31,Monsoon,4,7
2025-07-25,Cough Syrup 100ml,8,Monsoon,4,7
2025-07-25,Pantoprazole 40mg,18,Monsoon,4,7
2025-07-25,Metformin 500mg,25,Monsoon,4,7
2025-07-25,Amlodipine 5mg,16,Monsoon,4,7
2025-07-25,Azithromycin 500mg,10,Monsoon,4,7
2025-07-25,Ibuprofen 400mg,12,Monsoon,4,7
2025-07-25,Zinc Tablets 20mg,32,Monsoon,4,7
2025-07-25,Multivitamin Complex,17,Monsoon,4,7
2025-07-25,Folic Acid 5mg,17,Monsoon,4,7
2025-07-25,Atorvastatin 10mg,7,Monsoon,4,7
2025-07-25,Levocetirizine 5mg,5,Monsoon,4,7
2025-07-25,Ranitidine 150mg,10,Monsoon,4,7
2025-07-25,Diclofenac Gel 30g,4,Monsoon,4,7
2025-07-25,ORS (Orange Flavor),11,Monsoon,4,7
2025-07-25,Dolo 650mg,65,Monsoon,4,7
2025-07-25,Erythromycin 250mg,10,Monsoon,4,7
2025-07-25,Montelukast 10mg,11,Monsoon,4,7
2025-07-25,Carbamazepine 200mg,7,Monsoon,4,7
2025-07-26,Paracetamol 650mg,42,Monsoon,5,7
2025-07-26,Cetirizine 10mg,21,Monsoon,5,7
2025-07-26,Amoxicillin 500mg,21,Monsoon,5,7
2025-07-26,Insulin Glargine 100IU,6,Monsoon,5,7
2025-07-26,Salbutamol Inhaler,6,Monsoon,5,7
2025-07-26,Phenytoin 100mg,2,Monsoon,5,7
2025-07-26,ORS (Oral Rehydration),37,Monsoon,5,7
2025-07-26,Cough Syrup 100ml,13,Monsoon,5,7
2025-07-26,Pantoprazole 40mg,16,Monsoon,5,7
2025-07-26,Metformin 500mg,15,Monsoon,5,7
2025-07-26,Amlodipine 5mg,11,Monsoon,5,7
2025-07-26,Azithromycin 500mg,9,Monsoon,5,7
2025-07-26,Ibuprofen 400mg,9,Monsoon,5,7
2025-07-26,Zinc Tablets 20mg,22,Monsoon,5,7
2025-07-26,Multivitamin Complex,13,Monsoon,5,7
2025-07-26,Folic Acid 5mg,19,Monsoon,5,7
2025-07-26,Atorvastatin 10mg,5,Monsoon,5,7
2025-07-26,Levocetirizine 5mg,6,Monsoon,5,7
2025-07-26,Ranitidine 150mg,23,Monsoon,5,7
2025-07-26,Diclofenac Gel 30g,7,Monsoon,5,7
2025-07-26,ORS (Orange Flavor),16,Monsoon,5,7
2025-07-26,Dolo 650mg,59,Monsoon,5,7
2025-07-26,Erythromycin 250mg,14,Monsoon,5,7
2025-07-26,Montelukast 10mg,7,Monsoon,5,7
2025-07-26,Carbamazepine 200mg,4,Monsoon,5,7
2025-07-27,Paracetamol 650mg,45,Monsoon,6,7
2025-07-27,Cetirizine 10mg,28,Monsoon,6,7
2025-07-27,Amoxicillin 500mg,28,Monsoon,6,7
2025-07-27,Insulin Glargine 100IU,1,Monsoon,6,7
2025-07-27,Salbutamol Inhaler,3,Monsoon,6,7
2025-07-27,Phenytoin 100mg,4,Monsoon,6,7
2025-07-27,ORS (Oral Rehydration),36,Monsoon,6,7
2025-07-27,Cough Syrup 100ml,8,Monsoon,6,7
2025-07-27,Pantoprazole 40mg,16,Monsoon,6,7
2025-07-27,Metformin 500mg,17,Monsoon,6,7
2025-07-27,Amlodipine 5mg,19,Monsoon,6,7
2025-07-27,Azithromycin 500mg,13,Monsoon,6,7
2025-07-27,Ibuprofen 400mg,11,Monsoon,6,7
2025-07-27,Zinc Tablets 20mg,23,Monsoon,6,7
2025-07-27,Multivitamin Complex,18,Monsoon,6,7
2025-07-27,Folic Acid 5mg,24,Monsoon,6,7
2025-07-27,Atorvastatin 10mg,12,Monsoon,6,7
2025-07-27,Levocetirizine 5mg,6,Monsoon,6,7
2025-07-27,Ranitidine 150mg,10,Monsoon,6,7
2025-07-27,Diclofenac Gel 30g,7,Monsoon,6,7
2025-07-27,ORS (Orange Flavor),18,Monsoon,6,7
2025-07-27,Dolo 650mg,47,Monsoon,6,7
2025-07-27,Erythromycin 250mg,7,Monsoon,6,7
2025-07-27,Montelukast 10mg,10,Monsoon,6,7
2025-07-27,Carbamazepine 200mg,4,Monsoon,6,7
2025-07-28,Paracetamol 650mg,43,Monsoon,0,7
2025-07-28,Cetirizine 10mg,35,Monsoon,0,7
2025-07-28,Amoxicillin 500mg,22,Monsoon,0,7
2025-07-28,Insulin Glargine 100IU,5,Monsoon,0,7
2025-07-28,Salbutamol Inhaler,4,Monsoon,0,7
2025-07-28,Phenytoin 100mg,5,Monsoon,0,7
2025-07-28,ORS (Oral Rehydration),22,Monsoon,0,7
2025-07-28,Cough Syrup 100ml,16,Monsoon,0,7
2025-07-28,Pantoprazole 40mg,24,Monsoon,0,7
2025-07-28,Metformin 500mg,13,Monsoon,0,7
2025-07-28,Amlodipine 5mg,15,Monsoon,0,7
2025-07-28,Azithromycin 500mg,3,Monsoon,0,7
2025-07-28,Ibuprofen 400mg,17,Monsoon,0,7
2025-07-28,Zinc Tablets 20mg,29,Monsoon,0,7
2025-07-28,Multivitamin Complex,12,Monsoon,0,7
2025-07-28,Folic Acid 5mg,15,Monsoon,0,7
2025-07-28,Atorvastatin 10mg,13,Monsoon,0,7
2025-07-28,Levocetirizine 5mg,13,Monsoon,0,7
2025-07-28,Ranitidine 150mg,11,Monsoon,0,7
2025-07-28,Diclofenac Gel 30g,6,Monsoon,0,7
2025-07-28,ORS (Orange Flavor),20,Monsoon,0,7
2025-07-28,Dolo 650mg,59,Monsoon,0,7
2025-07-28,Erythromycin 250mg,11,Monsoon,0,7
2025-07-28,Montelukast 10mg,7,Monsoon,0,7
2025-07-28,Carbamazepine 200mg,3,Monsoon,0,7
2025-07-29,Paracetamol 650mg,49,Monsoon,1,7
2025-07-29,Cetirizine 10mg,24,Monsoon,1,7
2025-07-29,Amoxicillin 500mg,29,Monsoon,1,7
2025-07-29,Insulin Glargine 100IU,6,Monsoon,1,7
2025-07-29,Salbutamol Inhaler,5,Monsoon,1,7
2025-07-29,Phenytoin 100mg,6,Monsoon,1,7
2025-07-29,ORS (Oral Rehydration),37,Monsoon,1,7
2025-07-29,Cough Syrup 100ml,11,Monsoon,1,7
2025-07-29,Pantoprazole 40mg,14,Monsoon,1,7
2025-07-29,Metformin 500mg,18,Monsoon,1,7
2025-07-29,Amlodipine 5mg,11,Monsoon,1,7
2025-07-29,Azithromycin 500mg,6,Monsoon,1,7
2025-07-29,Ibuprofen 400mg,11,Monsoon,1,7
2025-07-29,Zinc Tablets 20mg,25,Monsoon,1,7
2025-07-29,Multivitamin Complex,10,Monsoon,1,7
2025-07-29,Folic Acid 5mg,26,Monsoon,1,7
2025-07-29,Atorvastatin 10mg,8,Monsoon,1,7
2025-07-29,Levocetirizine 5mg,10,Monsoon,1,7
2025-07-29,Ranitidine 150mg,12,Monsoon,1,7
2025-07-29,Diclofenac Gel 30g,3,Monsoon,1,7
2025-07-29,ORS (Orange Flavor),19,Monsoon,1,7
2025-07-29,Dolo 650mg,57,Monsoon,1,7
2025-07-29,Erythromycin 250mg,15,Monsoon,1,7
2025-07-29,Montelukast 10mg,8,Monsoon,1,7
2025-07-29,Carbamazepine 200mg,6,Monsoon,1,7
2025-07-30,Paracetamol 650mg,49,Monsoon,2,7
2025-07-30,Cetirizine 10mg,24,Monsoon,2,7
2025-07-30,Amoxicillin 500mg,17,Monsoon,2,7
2025-07-30,Insulin Glargine 100IU,6,Monsoon,2,7
2025-07-30,Salbutamol Inhaler,4,Monsoon,2,7
2025-07-30,Phenytoin 100mg,1,Monsoon,2,7
2025-07-30,ORS (Oral Rehydration),41,Monsoon,2,7
2025-07-30,Cough Syrup 100ml,15,Monsoon,2,7
2025-07-30,Pantoprazole 40mg,13,Monsoon,2,7
2025-07-30,Metformin 500mg,13,Monsoon,2,7
2025-07-30,Amlodipine 5mg,14,Monsoon,2,7
2025-07-30,Azithromycin 500mg,5,Monsoon,2,7
2025-07-30,Ibuprofen 400mg,14,Monsoon,2,7
2025-07-30,Zinc Tablets 20mg,30,Monsoon,2,7
2025-07-30,Multivitamin Complex,10,Monsoon,2,7
2025-07-30,Folic Acid 5mg,13,Monsoon,2,7
2025-07-30,Atorvastatin 10mg,11,Monsoon,2,7
2025-07-30,Levocetirizine 5mg,6,Monsoon,2,7
2025-07-30,Ranitidine 150mg,17,Monsoon,2,7
2025-07-30,Diclofenac Gel 30g,6,Monsoon,2,7
2025-07-30,ORS (Orange Flavor),19,Monsoon,2,7
2025-07-30,Dolo 650mg,59,Monsoon,2,7
2025-07-30,Erythromycin 250mg,7,Monsoon,2,7
2025-07-30,Montelukast 10mg,9,Monsoon,2,7
2025-07-30,Carbamazepine 200mg,4,Monsoon,2,7
2025-07-31,Paracetamol 650mg,59,Monsoon,3,7
2025-07-31,Cetirizine 10mg,20,Monsoon,3,7
2025-07-31,Amoxicillin 500mg,13,Monsoon,3,7
2025-07-31,Insulin Glargine 100IU,5,Monsoon,3,7
2025-07-31,Salbutamol Inhaler,5,Monsoon,3,7
2025-07-31,Phenytoin 100mg,1,Monsoon,3,7
2025-07-31,ORS (Oral Rehydration),33,Monsoon,3,7
2025-07-31,Cough Syrup 100ml,10,Monsoon,3,7
2025-07-31,Pantoprazole 40mg,21,Monsoon,3,7
2025-07-31,Metformin 500mg,13,Monsoon,3,7
2025-07-31,Amlodipine 5mg,18,Monsoon,3,7
2025-07-31,Azithromycin 500mg,12,Monsoon,3,7
2025-07-31,Ibuprofen 400mg,11,Monsoon,3,7
2025-07-31,Zinc Tablets 20mg,22,Monsoon,3,7
2025-07-31,Multivitamin Complex,11,Monsoon,3,7
2025-07-31,Folic Acid 5mg,16,Monsoon,3,7
2025-07-31,Atorvastatin 10mg,15,Monsoon,3,7
2025-07-31,Levocetirizine 5mg,14,Monsoon,3,7
2025-07-31,Ranitidine 150mg,13,Monsoon,3,7
2025-07-31,Diclofenac Gel 30g,6,Monsoon,3,7
2025-07-31,ORS (Orange Flavor),16,Monsoon,3,7
2025-07-31,Dolo 650mg,45,Monsoon,3,7
2025-07-31,Erythromycin 250mg,12,Monsoon,3,7
2025-07-31,Montelukast 10mg,11,Monsoon,3,7
2025-07-31,Carbamazepine 200mg,4,Monsoon,3,7
2025-08-01,Paracetamol 650mg,51,Monsoon,4,8
2025-08-01,Cetirizine 10mg,22,Monsoon,4,8
2025-08-01,Amoxicillin 500mg,22,Monsoon,4,8
2025-08-01,Insulin Glargine 100IU,7,Monsoon,4,8
2025-08-01,Salbutamol Inhaler,5,Monsoon,4,8
2025-08-01,Phenytoin 100mg,4,Monsoon,4,8
2025-08-01,ORS (Oral Rehydration),29,Monsoon,4,8
2025-08-01,Cough Syrup 100ml,4,Monsoon,4,8
2025-08-01,Pantoprazole 40mg,18,Monsoon,4,8
2025-08-01,Metformin 500mg,18,Monsoon,4,8
2025-08-01,Amlodipine 5mg,17,Monsoon,4,8
2025-08-01,Azithromycin 500mg,8,Monsoon,4,8
2025-08-01,Ibuprofen 400mg,12,Monsoon,4,8
2025-08-01,Zinc Tablets 20mg,25,Monsoon,4,8
2025-08-01,Multivitamin Complex,19,Monsoon,4,8
2025-08-01,Folic Acid 5mg,7,Monsoon,4,8
2025-08-01,Atorvastatin 10mg,8,Monsoon,4,8
2025-08-01,Levocetirizine 5mg,10,Monsoon,4,8
2025-08-01,Ranitidine 150mg,14,Monsoon,4,8
2025-08-01,Diclofenac Gel 30g,7,Monsoon,4,8
2025-08-01,ORS (Orange Flavor),19,Monsoon,4,8
2025-08-01,Dolo 650mg,51,Monsoon,4,8
2025-08-01,Erythromycin 250mg,12,Monsoon,4,8
2025-08-01,Montelukast 10mg,9,Monsoon,4,8
2025-08-01,Carbamazepine 200mg,6,Monsoon,4,8
2025-08-02,Paracetamol 650mg,54,Monsoon,5,8
2025-08-02,Cetirizine 10mg,19,Monsoon,5,8
2025-08-02,Amoxicillin 500mg,34,Monsoon,5,8
2025-08-02,Insulin Glargine 100IU,5,Monsoon,5,8
2025-08-02,Salbutamol Inhaler,6,Monsoon,5,8
2025-08-02,Phenytoin 100mg,3,Monsoon,5,8
2025-08-02,ORS (Oral Rehydration),27,Monsoon,5,8
2025-08-02,Cough Syrup 100ml,16,Monsoon,5,8
2025-08-02,Pantoprazole 40mg,18,Monsoon,5,8
2025-08-02,Metformin 500mg,19,Monsoon,5,8
2025-08-02,Amlodipine 5mg,9,Monsoon,5,8
2025-08-02,Azithromycin 500mg,3,Monsoon,5,8
2025-08-02,Ibuprofen 400mg,12,Monsoon,5,8
2025-08-02,Zinc Tablets 20mg,14,Monsoon,5,8
2025-08-02,Multivitamin Complex,11,Monsoon,5,8
2025-08-02,Folic Acid 5mg,21,Monsoon,5,8
2025-08-02,Atorvastatin 10mg,12,Monsoon,5,8
2025-08-02,Levocetirizine 5mg,8,Monsoon,5,8
2025-08-02,Ranitidine 150mg,25,Monsoon,5,8
2025-08-02,Diclofenac Gel 30g,3,Monsoon,5,8
2025-08-02,ORS (Orange Flavor),26,Monsoon,5,8
2025-08-02,Dolo 650mg,55,Monsoon,5,8
2025-08-02,Erythromycin 250mg,11,Monsoon,5,8
2025-08-02,Montelukast 10mg,5,Monsoon,5,8
2025-08-02,Carbamazepine 200mg,4,Monsoon,5,8
2025-08-03,Paracetamol 650mg,49,Monsoon,6,8
2025-08-03,Cetirizine 10mg,19,Monsoon,6,8
2025-08-03,Amoxicillin 500mg,17,Monsoon,6,8
2025-08-03,Insulin Glargine 100IU,1,Monsoon,6,8
2025-08-03,Salbutamol Inhaler,4,Monsoon,6,8
2025-08-03,Phenytoin 100mg,3,Monsoon,6,8
2025-08-03,ORS (Oral Rehydration),38,Monsoon,6,8
2025-08-03,Cough Syrup 100ml,12,Monsoon,6,8
2025-08-03,Pantoprazole 40mg,11,Monsoon,6,8
2025-08-03,Metformin 500mg,22,Monsoon,6,8
2025-08-03,Amlodipine 5mg,12,Monsoon,6,8
2025-08-03,Azithromycin 500mg,5,Monsoon,6,8
2025-08-03,Ibuprofen 400mg,11,Monsoon,6,8
2025-08-03,Zinc Tablets 20mg,19,Monsoon,6,8
2025-08-03,Multivitamin Complex,22,Monsoon,6,8
2025-08-03,Folic Acid 5mg,15,Monsoon,6,8
2025-08-03,Atorvastatin 10mg,12,Monsoon,6,8
2025-08-03,Levocetirizine 5mg,6,Monsoon,6,8
2025-08-03,Ranitidine 150mg,14,Monsoon,6,8
2025-08-03,Diclofenac Gel 30g,4,Monsoon,6,8
2025-08-03,ORS (Orange Flavor),28,Monsoon,6,8
2025-08-03,Dolo 650mg,48,Monsoon,6,8
2025-08-03,Erythromycin 250mg,12,Monsoon,6,8
2025-08-03,Montelukast 10mg,6,Monsoon,6,8
2025-08-03,Carbamazepine 200mg,2,Monsoon,6,8
2025-08-04,Paracetamol 650mg,40,Monsoon,0,8
2025-08-04,Cetirizine 10mg,23,Monsoon,0,8
2025-08-04,Amoxicillin 500mg,34,Monsoon,0,8
2025-08-04,Insulin Glargine 100IU,4,Monsoon,0,8
2025-08-04,Salbutamol Inhaler,7,Monsoon,0,8
2025-08-04,Phenytoin 100mg,1,Monsoon,0,8
2025-08-04,ORS (Oral Rehydration),40,Monsoon,0,8
2025-08-04,Cough Syrup 100ml,12,Monsoon,0,8
2025-08-04,Pantoprazole 40mg,13,Monsoon,0,8
2025-08-04,Metformin 500mg,18,Monsoon,0,8
2025-08-04,Amlodipine 5mg,9,Monsoon,0,8
2025-08-04,Azithromycin 500mg,6,Monsoon,0,8
2025-08-04,Ibuprofen 400mg,14,Monsoon,0,8
2025-08-04,Zinc Tablets 20mg,22,Monsoon,0,8
2025-08-04,Multivitamin Complex,14,Monsoon,0,8
2025-08-04,Folic Acid 5mg,14,Monsoon,0,8
2025-08-04,Atorvastatin 10mg,11,Monsoon,0,8
2025-08-04,Levocetirizine 5mg,7,Monsoon,0,8
2025-08-04,Ranitidine 150mg,18,Monsoon,0,8
2025-08-04,Diclofenac Gel 30g,8,Monsoon,0,8
2025-08-04,ORS (Orange Flavor),11,Monsoon,0,8
2025-08-04,Dolo 650mg,58,Monsoon,0,8
2025-08-04,Erythromycin 250mg,11,Monsoon,0,8
2025-08-04,Montelukast 10mg,10,Monsoon,0,8
2025-08-04,Carbamazepine 200mg,3,Monsoon,0,8
2025-08-05,Paracetamol 650mg,41,Monsoon,1,8
2025-08-05,Cetirizine 10mg,21,Monsoon,1,8
2025-08-05,Amoxicillin 500mg,28,Monsoon,1,8
2025-08-05,Insulin Glargine 100IU,3,Monsoon,1,8
2025-08-05,Salbutamol Inhaler,3,Monsoon,1,8
2025-08-05,Phenytoin 100mg,4,Monsoon,1,8
2025-08-05,ORS (Oral Rehydration),33,Monsoon,1,8
2025-08-05,Cough Syrup 100ml,16,Monsoon,1,8
2025-08-05,Pantoprazole 40mg,17,Monsoon,1,8
2025-08-05,Metformin 500mg,16,Monsoon,1,8
2025-08-05,Amlodipine 5mg,14,Monsoon,1,8
2025-08-05,Azithromycin 500mg,13,Monsoon,1,8
2025-08-05,Ibuprofen 400mg,11,Monsoon,1,8
2025-08-05,Zinc Tablets 20mg,33,Monsoon,1,8
2025-08-05,Multivitamin Complex,7,Monsoon,1,8
2025-08-05,Folic Acid 5mg,17,Monsoon,1,8
2025-08-05,Atorvastatin 10mg,15,Monsoon,1,8
2025-08-05,Levocetirizine 5mg,5,Monsoon,1,8
2025-08-05,Ranitidine 150mg,12,Monsoon,1,8
2025-08-05,Diclofenac Gel 30g,5,Monsoon,1,8
2025-08-05,ORS (Orange Flavor),16,Monsoon,1,8
2025-08-05,Dolo 650mg,51,Monsoon,1,8
2025-08-05,Erythromycin 250mg,17,Monsoon,1,8
2025-08-05,Montelukast 10mg,4,Monsoon,1,8
2025-08-05,Carbamazepine 200mg,2,Monsoon,1,8
2025-08-06,Paracetamol 650mg,46,Monsoon,2,8
2025-08-06,Cetirizine 10mg,25,Monsoon,2,8
2025-08-06,Amoxicillin 500mg,21,Monsoon,2,8
2025-08-06,Insulin Glargine 100IU,2,Monsoon,2,8
2025-08-06,Salbutamol Inhaler,7,Monsoon,2,8
2025-08-06,Phenytoin 100mg,4,Monsoon,2,8
2025-08-06,ORS (Oral Rehydration),38,Monsoon,2,8
2025-08-06,Cough Syrup 100ml,7,Monsoon,2,8
2025-08-06,Pantoprazole 40mg,17,Monsoon,2,8
2025-08-06,Metformin 500mg,17,Monsoon,2,8
2025-08-06,Amlodipine 5mg,17,Monsoon,2,8
2025-08-06,Azithromycin 500mg,13,Monsoon,2,8
2025-08-06,Ibuprofen 400mg,10,Monsoon,2,8
2025-08-06,Zinc Tablets 20mg,23,Monsoon,2,8
2025-08-06,Multivitamin Complex,21,Monsoon,2,8
2025-08-06,Folic Acid 5mg,9,Monsoon,2,8
2025-08-06,Atorvastatin 10mg,4,Monsoon,2,8
2025-08-06,Levocetirizine 5mg,7,Monsoon,2,8
2025-08-06,Ranitidine 150mg,15,Monsoon,2,8
2025-08-06,Diclofenac Gel 30g,5,Monsoon,2,8
2025-08-06,ORS (Orange Flavor),18,Monsoon,2,8
2025-08-06,Dolo 650mg,61,Monsoon,2,8
2025-08-06,Erythromycin 250mg,11,Monsoon,2,8
2025-08-06,Montelukast 10mg,9,Monsoon,2,8
2025-08-06,Carbamazepine 200mg,5,Monsoon,2,8
2025-08-07,Paracetamol 650mg,56,Monsoon,3,8
2025-08-07,Cetirizine 10mg,15,Monsoon,3,8
2025-08-07,Amoxicillin 500mg,32,Monsoon,3,8
2025-08-07,Insulin Glargine 100IU,4,Monsoon,3,8
2025-08-07,Salbutamol Inhaler,6,Monsoon,3,8
2025-08-07,Phenytoin 100mg,2,Monsoon,3,8
2025-08-07,ORS (Oral Rehydration),21,Monsoon,3,8
2025-08-07,Cough Syrup 100ml,10,Monsoon,3,8
2025-08-07,Pantoprazole 40mg,11,Monsoon,3,8
2025-08-07,Metformin 500mg,28,Monsoon,3,8
2025-08-07,Amlodipine 5mg,8,Monsoon,3,8
2025-08-07,Azithromycin 500mg,8,Monsoon,3,8
2025-08-07,Ibuprofen 400mg,9,Monsoon,3,8
2025-08-07,Zinc Tablets 20mg,19,Monsoon,3,8
2025-08-07,Multivitamin Complex,8,Monsoon,3,8
2025-08-07,Folic Acid 5mg,14,Monsoon,3,8
2025-08-07,Atorvastatin 10mg,17,Monsoon,3,8
2025-08-07,Levocetirizine 5mg,10,Monsoon,3,8
2025-08-07,Ranitidine 150mg,20,Monsoon,3,8
2025-08-07,Diclofenac Gel 30g,4,Monsoon,3,8
2025-08-07,ORS (Orange Flavor),20,Monsoon,3,8
2025-08-07,Dolo 650mg,36,Monsoon,3,8
2025-08-07,Erythromycin 250mg,11,Monsoon,3,8
2025-08-07,Montelukast 10mg,8,Monsoon,3,8
2025-08-07,Carbamazepine 200mg,2,Monsoon,3,8
2025-08-08,Paracetamol 650mg,46,Monsoon,4,8
2025-08-08,Cetirizine 10mg,24,Monsoon,4,8
2025-08-08,Amoxicillin 500mg,26,Monsoon,4,8
2025-08-08,Insulin Glargine 100IU,2,Monsoon,4,8
2025-08-08,Salbutamol Inhaler,9,Monsoon,4,8
2025-08-08,Phenytoin 100mg,3,Monsoon,4,8
2025-08-08,ORS (Oral Rehydration),38,Monsoon,4,8
2025-08-08,Cough Syrup 100ml,14,Monsoon,4,8
2025-08-08,Pantoprazole 40mg,14,Monsoon,4,8
2025-08-08,Metformin 500mg,22,Monsoon,4,8
2025-08-08,Amlodipine 5mg,14,Monsoon,4,8
2025-08-08,Azithromycin 500mg,12,Monsoon,4,8
2025-08-08,Ibuprofen 400mg,12,Monsoon,4,8
2025-08-08,Zinc Tablets 20mg,23,Monsoon,4,8
2025-08-08,Multivitamin Complex,11,Monsoon,4,8
2025-08-08,Folic Acid 5mg,19,Monsoon,4,8
2025-08-08,Atorvastatin 10mg,3,Monsoon,4,8
2025-08-08,Levocetirizine 5mg,8,Monsoon,4,8
2025-08-08,Ranitidine 150mg,16,Monsoon,4,8
2025-08-08,Diclofenac Gel 30g,3,Monsoon,4,8
2025-08-08,ORS (Orange Flavor),19,Monsoon,4,8
2025-08-08,Dolo 650mg,64,Monsoon,4,8
2025-08-08,Erythromycin 250mg,12,Monsoon,4,8
2025-08-08,Montelukast 10mg,6,Monsoon,4,8
2025-08-08,Carbamazepine 200mg,2,Monsoon,4,8
2025-08-09,Paracetamol 650mg,51,Monsoon,5,8
2025-08-09,Cetirizine 10mg,17,Monsoon,5,8
2025-08-09,Amoxicillin 500mg,30,Monsoon,5,8
2025-08-09,Insulin Glargine 100IU,7,Monsoon,5,8
2025-08-09,Salbutamol Inhaler,4,Monsoon,5,8
2025-08-09,Phenytoin 100mg,4,Monsoon,5,8
2025-08-09,ORS (Oral Rehydration),37,Monsoon,5,8
2025-08-09,Cough Syrup 100ml,11,Monsoon,5,8
2025-08-09,Pantoprazole 40mg,17,Monsoon,5,8
2025-08-09,Metformin 500mg,17,Monsoon,5,8
2025-08-09,Amlodipine 5mg,13,Monsoon,5,8
2025-08-09,Azithromycin 500mg,7,Monsoon,5,8
2025-08-09,Ibuprofen 400mg,11,Monsoon,5,8
2025-08-09,Zinc Tablets 20mg,28,Monsoon,5,8
2025-08-09,Multivitamin Complex,13,Monsoon,5,8
2025-08-09,Folic Acid 5mg,15,Monsoon,5,8
2025-08-09,Atorvastatin 10mg,7,Monsoon,5,8
2025-08-09,Levocetirizine 5mg,10,Monsoon,5,8
2025-08-09,Ranitidine 150mg,9,Monsoon,5,8
2025-08-09,Diclofenac Gel 30g,8,Monsoon,5,8
2025-08-09,ORS (Orange Flavor),20,Monsoon,5,8
2025-08-09,Dolo 650mg,55,Monsoon,5,8
2025-08-09,Erythromycin 250mg,9,Monsoon,5,8
2025-08-09,Montelukast 10mg,7,Monsoon,5,8
2025-08-09,Carbamazepine 200mg,2,Monsoon,5,8
2025-08-10,Paracetamol 650mg,47,Monsoon,6,8
2025-08-10,Cetirizine 10mg,13,Monsoon,6,8
2025-08-10,Amoxicillin 500mg,20,Monsoon,6,8
2025-08-10,Insulin Glargine 100IU,8,Monsoon,6,8
2025-08-10,Salbutamol Inhaler,8,Monsoon,6,8
2025-08-10,Phenytoin 100mg,3,Monsoon,6,8
2025-08-10,ORS (Oral Rehydration),30,Monsoon,6,8
2025-08-10,Cough Syrup 100ml,8,Monsoon,6,8
2025-08-10,Pantoprazole 40mg,16,Monsoon,6,8
2025-08-10,Metformin 500mg,21,Monsoon,6,8
2025-08-10,Amlodipine 5mg,10,Monsoon,6,8
2025-08-10,Azithromycin 500mg,12,Monsoon,6,8
2025-08-10,Ibuprofen 400mg,12,Monsoon,6,8
2025-08-10,Zinc Tablets 20mg,27,Monsoon,6,8
2025-08-10,Multivitamin Complex,16,Monsoon,6,8
2025-08-10,Folic Acid 5mg,12,Monsoon,6,8
2025-08-10,Atorvastatin 10mg,11,Monsoon,6,8
2025-08-10,Levocetirizine 5mg,9,Monsoon,6,8
2025-08-10,Ranitidine 150mg,10,Monsoon,6,8
2025-08-10,Diclofenac Gel 30g,8,Monsoon,6,8
2025-08-10,ORS (Orange Flavor),25,Monsoon,6,8
2025-08-10,Dolo 650mg,49,Monsoon,6,8
2025-08-10,Erythromycin 250mg,12,Monsoon,6,8
2025-08-10,Montelukast 10mg,10,Monsoon,6,8
2025-08-10,Carbamazepine 200mg,3,Monsoon,6,8
2025-08-11,Paracetamol 650mg,40,Monsoon,0,8
2025-08-11,Cetirizine 10mg,20,Monsoon,0,8
2025-08-11,Amoxicillin 500mg,23,Monsoon,0,8
2025-08-11,Insulin Glargine 100IU,5,Monsoon,0,8
2025-08-11,Salbutamol Inhaler,9,Monsoon,0,8
2025-08-11,Phenytoin 100mg,2,Monsoon,0,8
2025-08-11,ORS (Oral Rehydration),30,Monsoon,0,8
2025-08-11,Cough Syrup 100ml,12,Monsoon,0,8
2025-08-11,Pantoprazole 40mg,15,Monsoon,0,8
2025-08-11,Metformin 500mg,17,Monsoon,0,8
2025-08-11,Amlodipine 5mg,20,Monsoon,0,8
2025-08-11,Azithromycin 500mg,9,Monsoon,0,8
2025-08-11,Ibuprofen 400mg,16,Monsoon,0,8
2025-08-11,Zinc Tablets 20mg,25,Monsoon,0,8
2025-08-11,Multivitamin Complex,11,Monsoon,0,8
2025-08-11,Folic Acid 5mg,11,Monsoon,0,8
2025-08-11,Atorvastatin 10mg,5,Monsoon,0,8
2025-08-11,Levocetirizine 5mg,9,Monsoon,0,8
2025-08-11,Ranitidine 150mg,14,Monsoon,0,8
2025-08-11,Diclofenac Gel 30g,5,Monsoon,0,8
2025-08-11,ORS (Orange Flavor),19,Monsoon,0,8
2025-08-11,Dolo 650mg,36,Monsoon,0,8
2025-08-11,Erythromycin 250mg,12,Monsoon,0,8
2025-08-11,Montelukast 10mg,8,Monsoon,0,8
2025-08-11,Carbamazepine 200mg,3,Monsoon,0,8
2025-08-12,Paracetamol 650mg,42,Monsoon,1,8
2025-08-12,Cetirizine 10mg,16,Monsoon,1,8
2025-08-12,Amoxicillin 500mg,29,Monsoon,1,8
2025-08-12,Insulin Glargine 100IU,4,Monsoon,1,8
2025-08-12,Salbutamol Inhaler,3,Monsoon,1,8
2025-08-12,Phenytoin 100mg,4,Monsoon,1,8
2025-08-12,ORS (Oral Rehydration),30,Monsoon,1,8
2025-08-12,Cough Syrup 100ml,5,Monsoon,1,8
2025-08-12,Pantoprazole 40mg,11,Monsoon,1,8
2025-08-12,Metformin 500mg,14,Monsoon,1,8
2025-08-12,Amlodipine 5mg,22,Monsoon,1,8
2025-08-12,Azithromycin 500mg,7,Monsoon,1,8
2025-08-12,Ibuprofen 400mg,13,Monsoon,1,8
2025-08-12,Zinc Tablets 20mg,24,Monsoon,1,8
2025-08-12,Multivitamin Complex,11,Monsoon,1,8
2025-08-12,Folic Acid 5mg,13,Monsoon,1,8
2025-08-12,Atorvastatin 10mg,11,Monsoon,1,8
2025-08-12,Levocetirizine 5mg,7,Monsoon,1,8
2025-08-12,Ranitidine 150mg,18,Monsoon,1,8
2025-08-12,Diclofenac Gel 30g,9,Monsoon,1,8
2025-08-12,ORS (Orange Flavor),11,Monsoon,1,8
2025-08-12,Dolo 650mg,42,Monsoon,1,8
2025-08-12,Erythromycin 250mg,11,Monsoon,1,8
2025-08-12,Montelukast 10mg,8,Monsoon,1,8
2025-08-12,Carbamazepine 200mg,4,Monsoon,1,8
2025-08-13,Paracetamol 650mg,52,Monsoon,2,8
2025-08-13,Cetirizine 10mg,19,Monsoon,2,8
2025-08-13,Amoxicillin 500mg,27,Monsoon,2,8
2025-08-13,Insulin Glargine 100IU,4,Monsoon,2,8
2025-08-13,Salbutamol Inhaler,7,Monsoon,2,8
2025-08-13,Phenytoin 100mg,4,Monsoon,2,8
2025-08-13,ORS (Oral Rehydration),22,Monsoon,2,8
2025-08-13,Cough Syrup 100ml,8,Monsoon,2,8
2025-08-13,Pantoprazole 40mg,14,Monsoon,2,8
2025-08-13,Metformin 500mg,18,Monsoon,2,8
2025-08-13,Amlodipine 5mg,8,Monsoon,2,8
2025-08-13,Azithromycin 500mg,6,Monsoon,2,8
2025-08-13,Ibuprofen 400mg,16,Monsoon,2,8
2025-08-13,Zinc Tablets 20mg,20,Monsoon,2,8
2025-08-13,Multivitamin Complex,7,Monsoon,2,8
2025-08-13,Folic Acid 5mg,8,Monsoon,2,8
2025-08-13,Atorvastatin 10mg,12,Monsoon,2,8
2025-08-13,Levocetirizine 5mg,12,Monsoon,2,8
2025-08-13,Ranitidine 150mg,13,Monsoon,2,8
2025-08-13,Diclofenac Gel 30g,7,Monsoon,2,8
2025-08-13,ORS (Orange Flavor),17,Monsoon,2,8
2025-08-13,Dolo 650mg,46,Monsoon,2,8
2025-08-13,Erythromycin 250mg,10,Monsoon,2,8
2025-08-13,Montelukast 10mg,8,Monsoon,2,8
2025-08-13,Carbamazepine 200mg,5,Monsoon,2,8
2025-08-14,Paracetamol 650mg,54,Monsoon,3,8
2025-08-14,Cetirizine 10mg,20,Monsoon,3,8
2025-08-14,Amoxicillin 500mg,23,Monsoon,3,8
2025-08-14,Insulin Glargine 100IU,6,Monsoon,3,8
2025-08-14,Salbutamol Inhaler,5,Monsoon,3,8
2025-08-14,Phenytoin 100mg,5,Monsoon,3,8
2025-08-14,ORS (Oral Rehydration),23,Monsoon,3,8
2025-08-14,Cough Syrup 100ml,19,Monsoon,3,8
2025-08-14,Pantoprazole 40mg,13,Monsoon,3,8
2025-08-14,Metformin 500mg,12,Monsoon,3,8
2025-08-14,Amlodipine 5mg,18,Monsoon,3,8
2025-08-14,Azithromycin 500mg,8,Monsoon,3,8
2025-08-14,Ibuprofen 400mg,12,Monsoon,3,8
2025-08-14,Zinc Tablets 20mg,26,Monsoon,3,8
2025-08-14,Multivitamin Complex,6,Monsoon,3,8
2025-08-14,Folic Acid 5mg,11,Monsoon,3,8
2025-08-14,Atorvastatin 10mg,14,Monsoon,3,8
2025-08-14,Levocetirizine 5mg,9,Monsoon,3,8
2025-08-14,Ranitidine 150mg,12,Monsoon,3,8
2025-08-14,Diclofenac Gel 30g,5,Monsoon,3,8
2025-08-14,ORS (Orange Flavor),27,Monsoon,3,8
2025-08-14,Dolo 650mg,55,Monsoon,3,8
2025-08-14,Erythromycin 250mg,12,Monsoon,3,8
2025-08-14,Montelukast 10mg,11,Monsoon,3,8
2025-08-14,Carbamazepine 200mg,2,Monsoon,3,8
2025-08-15,Paracetamol 650mg,46,Monsoon,4,8
2025-08-15,Cetirizine 10mg,26,Monsoon,4,8
2025-08-15,Amoxicillin 500mg,18,Monsoon,4,8
2025-08-15,Insulin Glargine 100IU,5,Monsoon,4,8
2025-08-15,Salbutamol Inhaler,6,Monsoon,4,8
2025-08-15,Phenytoin 100mg,4,Monsoon,4,8
2025-08-15,ORS (Oral Rehydration),27,Monsoon,4,8
2025-08-15,Cough Syrup 100ml,8,Monsoon,4,8
2025-08-15,Pantoprazole 40mg,21,Monsoon,4,8
2025-08-15,Metformin 500mg,20,Monsoon,4,8
2025-08-15,Amlodipine 5mg,15,Monsoon,4,8
2025-08-15,Azithromycin 500mg,7,Monsoon,4,8
2025-08-15,Ibuprofen 400mg,10,Monsoon,4,8
2025-08-15,Zinc Tablets 20mg,25,Monsoon,4,8
2025-08-15,Multivitamin Complex,14,Monsoon,4,8
2025-08-15,Folic Acid 5mg,14,Monsoon,4,8
2025-08-15,Atorvastatin 10mg,14,Monsoon,4,8
2025-08-15,Levocetirizine 5mg,11,Monsoon,4,8
2025-08-15,Ranitidine 150mg,17,Monsoon,4,8
2025-08-15,Diclofenac Gel 30g,3,Monsoon,4,8
2025-08-15,ORS (Orange Flavor),15,Monsoon,4,8
2025-08-15,Dolo 650mg,56,Monsoon,4,8
2025-08-15,Erythromycin 250mg,8,Monsoon,4,8
2025-08-15,Montelukast 10mg,6,Monsoon,4,8
2025-08-15,Carbamazepine 200mg,4,Monsoon,4,8
2025-08-16,Paracetamol 650mg,47,Monsoon,5,8
2025-08-16,Cetirizine 10mg,22,Monsoon,5,8
2025-08-16,Amoxicillin 500mg,21,Monsoon,5,8
2025-08-16,Insulin Glargine 100IU,11,Monsoon,5,8
2025-08-16,Salbutamol Inhaler,5,Monsoon,5,8
2025-08-16,Phenytoin 100mg,4,Monsoon,5,8
2025-08-16,ORS (Oral Rehydration),21,Monsoon,5,8
2025-08-16,Cough Syrup 100ml,9,Monsoon,5,8
2025-08-16,Pantoprazole 40mg,22,Monsoon,5,8
2025-08-16,Metformin 500mg,17,Monsoon,5,8
2025-08-16,Amlodipine 5mg,12,Monsoon,5,8
2025-08-16,Azithromycin 500mg,6,Monsoon,5,8
2025-08-16,Ibuprofen 400mg,14,Monsoon,5,8
2025-08-16,Zinc Tablets 20mg,30,Monsoon,5,8
2025-08-16,Multivitamin Complex,11,Monsoon,5,8
2025-08-16,Folic Acid 5mg,14,Monsoon,5,8
2025-08-16,Atorvastatin 10mg,19,Monsoon,5,8
2025-08-16,Levocetirizine 5mg,16,Monsoon,5,8
2025-08-16,Ranitidine 150mg,23,Monsoon,5,8
2025-08-16,Diclofenac Gel 30g,6,Monsoon,5,8
2025-08-16,ORS (Orange Flavor),18,Monsoon,5,8
2025-08-16,Dolo 650mg,40,Monsoon,5,8
2025-08-16,Erythromycin 250mg,17,Monsoon,5,8
2025-08-16,Montelukast 10mg,8,Monsoon,5,8
2025-08-16,Carbamazepine 200mg,4,Monsoon,5,8
2025-08-17,Paracetamol 650mg,36,Monsoon,6,8
2025-08-17,Cetirizine 10mg,18,Monsoon,6,8
2025-08-17,Amoxicillin 500mg,31,Monsoon,6,8
2025-08-17,Insulin Glargine 100IU,5,Monsoon,6,8
2025-08-17,Salbutamol Inhaler,6,Monsoon,6,8
2025-08-17,Phenytoin 100mg,2,Monsoon,6,8
2025-08-17,ORS (Oral Rehydration),28,Monsoon,6,8
2025-08-17,Cough Syrup 100ml,17,Monsoon,6,8
2025-08-17,Pantoprazole 40mg,14,Monsoon,6,8
2025-08-17,Metformin 500mg,24,Monsoon,6,8
2025-08-17,Amlodipine 5mg,22,Monsoon,6,8
2025-08-17,Azithromycin 500mg,7,Monsoon,6,8
2025-08-17,Ibuprofen 400mg,14,Monsoon,6,8
2025-08-17,Zinc Tablets 20mg,34,Monsoon,6,8
2025-08-17,Multivitamin Complex,9,Monsoon,6,8
2025-08-17,Folic Acid 5mg,5,Monsoon,6,8
2025-08-17,Atorvastatin 10mg,6,Monsoon,6,8
2025-08-17,Levocetirizine 5mg,8,Monsoon,6,8
2025-08-17,Ranitidine 150mg,12,Monsoon,6,8
2025-08-17,Diclofenac Gel 30g,4,Monsoon,6,8
2025-08-17,ORS (Orange Flavor),26,Monsoon,6,8
2025-08-17,Dolo 650mg,53,Monsoon,6,8
2025-08-17,Erythromycin 250mg,10,Monsoon,6,8
2025-08-17,Montelukast 10mg,9,Monsoon,6,8
2025-08-17,Carbamazepine 200mg,5,Monsoon,6,8
2025-08-18,Paracetamol 650mg,53,Monsoon,0,8
2025-08-18,Cetirizine 10mg,21,Monsoon,0,8
2025-08-18,Amoxicillin 500mg,23,Monsoon,0,8
2025-08-18,Insulin Glargine 100IU,4,Monsoon,0,8
2025-08-18,Salbutamol Inhaler,7,Monsoon,0,8
2025-08-18,Phenytoin 100mg,1,Monsoon,0,8
2025-08-18,ORS (Oral Rehydration),19,Monsoon,0,8
2025-08-18,Cough Syrup 100ml,8,Monsoon,0,8
2025-08-18,Pantoprazole 40mg,13,Monsoon,0,8
2025-08-18,Metformin 500mg,23,Monsoon,0,8
2025-08-18,Amlodipine 5mg,21,Monsoon,0,8
2025-08-18,Azithromycin 500mg,6,Monsoon,0,8
2025-08-18,Ibuprofen 400mg,11,Monsoon,0,8
2025-08-18,Zinc Tablets 20mg,31,Monsoon,0,8
2025-08-18,Multivitamin Complex,16,Monsoon,0,8
2025-08-18,Folic Acid 5mg,14,Monsoon,0,8
2025-08-18,Atorvastatin 10mg,10,Monsoon,0,8
2025-08-18,Levocetirizine 5mg,10,Monsoon,0,8
2025-08-18,Ranitidine 150mg,15,Monsoon,0,8
2025-08-18,Diclofenac Gel 30g,7,Monsoon,0,8
2025-08-18,ORS (Orange Flavor),22,Monsoon,0,8
2025-08-18,Dolo 650mg,59,Monsoon,0,8
2025-08-18,Erythromycin 250mg,11,Monsoon,0,8
2025-08-18,Montelukast 10mg,3,Monsoon,0,8
2025-08-18,Carbamazepine 200mg,3,Monsoon,0,8
2025-08-19,Paracetamol 650mg,43,Monsoon,1,8
2025-08-19,Cetirizine 10mg,25,Monsoon,1,8
2025-08-19,Amoxicillin 500mg,20,Monsoon,1,8
2025-08-19,Insulin Glargine 100IU,7,Monsoon,1,8
2025-08-19,Salbutamol Inhaler,5,Monsoon,1,8
2025-08-19,Phenytoin 100mg,3,Monsoon,1,8
2025-08-19,ORS (Oral Rehydration),24,Monsoon,1,8
2025-08-19,Cough Syrup 100ml,5,Monsoon,1,8
2025-08-19,Pantoprazole 40mg,15,Monsoon,1,8
2025-08-19,Metformin 500mg,23,Monsoon,1,8
2025-08-19,Amlodipine 5mg,12,Monsoon,1,8
2025-08-19,Azithromycin 500mg,4,Monsoon,1,8
2025-08-19,Ibuprofen 400mg,10,Monsoon,1,8
2025-08-19,Zinc Tablets 20mg,24,Monsoon,1,8
2025-08-19,Multivitamin Complex,18,Monsoon,1,8
2025-08-19,Folic Acid 5mg,18,Monsoon,1,8
2025-08-19,Atorvastatin 10mg,8,Monsoon,1,8
2025-08-19,Levocetirizine 5mg,12,Monsoon,1,8
2025-08-19,Ranitidine 150mg,15,Monsoon,1,8
2025-08-19,Diclofenac Gel 30g,8,Monsoon,1,8
2025-08-19,ORS (Orange Flavor),15,Monsoon,1,8
2025-08-19,Dolo 650mg,51,Monsoon,1,8
2025-08-19,Erythromycin 250mg,6,Monsoon,1,8
2025-08-19,Montelukast 10mg,8,Monsoon,1,8
2025-08-19,Carbamazepine 200mg,6,Monsoon,1,8
2025-08-20,Paracetamol 650mg,47,Monsoon,2,8
2025-08-20,Cetirizine 10mg,29,Monsoon,2,8
2025-08-20,Amoxicillin 500mg,23,Monsoon,2,8
2025-08-20,Insulin Glargine 100IU,7,Monsoon,2,8
2025-08-20,Salbutamol Inhaler,3,Monsoon,2,8
2025-08-20,Phenytoin 100mg,5,Monsoon,2,8
2025-08-20,ORS (Oral Rehydration),34,Monsoon,2,8
2025-08-20,Cough Syrup 100ml,7,Monsoon,2,8
2025-08-20,Pantoprazole 40mg,17,Monsoon,2,8
2025-08-20,Metformin 500mg,17,Monsoon,2,8
2025-08-20,Amlodipine 5mg,11,Monsoon,2,8
2025-08-20,Azithromycin 500mg,6,Monsoon,2,8
2025-08-20,Ibuprofen 400mg,11,Monsoon,2,8
2025-08-20,Zinc Tablets 20mg,23,Monsoon,2,8
2025-08-20,Multivitamin Complex,11,Monsoon,2,8
2025-08-20,Folic Acid 5mg,18,Monsoon,2,8
2025-08-20,Atorvastatin 10mg,15,Monsoon,2,8
2025-08-20,Levocetirizine 5mg,11,Monsoon,2,8
2025-08-20,Ranitidine 150mg,14,Monsoon,2,8
2025-08-20,Diclofenac Gel 30g,3,Monsoon,2,8
2025-08-20,ORS (Orange Flavor),20,Monsoon,2,8
2025-08-20,Dolo 650mg,68,Monsoon,2,8
2025-08-20,Erythromycin 250mg,15,Monsoon,2,8
2025-08-20,Montelukast 10mg,11,Monsoon,2,8
2025-08-20,Carbamazepine 200mg,6,Monsoon,2,8
2025-08-21,Paracetamol 650mg,48,Monsoon,3,8
2025-08-21,Cetirizine 10mg,19,Monsoon,3,8
2025-08-21,Amoxicillin 500mg,20,Monsoon,3,8
2025-08-21,Insulin Glargine 100IU,5,Monsoon,3,8
2025-08-21,Salbutamol Inhaler,1,Monsoon,3,8
2025-08-21,Phenytoin 100mg,3,Monsoon,3,8
2025-08-21,ORS (Oral Rehydration),36,Monsoon,3,8
2025-08-21,Cough Syrup 100ml,22,Monsoon,3,8
2025-08-21,Pantoprazole 40mg,17,Monsoon,3,8
2025-08-21,Metformin 500mg,17,Monsoon,3,8
2025-08-21,Amlodipine 5mg,14,Monsoon,3,8
2025-08-21,Azithromycin 500mg,6,Monsoon,3,8
2025-08-21,Ibuprofen 400mg,17,Monsoon,3,8
2025-08-21,Zinc Tablets 20mg,20,Monsoon,3,8
2025-08-21,Multivitamin Complex,16,Monsoon,3,8
2025-08-21,Folic Acid 5mg,11,Monsoon,3,8
2025-08-21,Atorvastatin 10mg,10,Monsoon,3,8
2025-08-21,Levocetirizine 5mg,6,Monsoon,3,8
2025-08-21,Ranitidine 150mg,16,Monsoon,3,8
2025-08-21,Diclofenac Gel 30g,4,Monsoon,3,8
2025-08-21,ORS (Orange Flavor),22,Monsoon,3,8
2025-08-21,Dolo 650mg,52,Monsoon,3,8
2025-08-21,Erythromycin 250mg,13,Monsoon,3,8
2025-08-21,Montelukast 10mg,4,Monsoon,3,8
2025-08-21,Carbamazepine 200mg,1,Monsoon,3,8
2025-08-22,Paracetamol 650mg,37,Monsoon,4,8
2025-08-22,Cetirizine 10mg,31,Monsoon,4,8
2025-08-22,Amoxicillin 500mg,22,Monsoon,4,8
2025-08-22,Insulin Glargine 100IU,4,Monsoon,4,8
2025-08-22,Salbutamol Inhaler,4,Monsoon,4,8
2025-08-22,Phenytoin 100mg,4,Monsoon,4,8
2025-08-22,ORS (Oral Rehydration),23,Monsoon,4,8
2025-08-22,Cough Syrup 100ml,10,Monsoon,4,8
2025-08-22,Pantoprazole 40mg,11,Monsoon,4,8
2025-08-22,Metformin 500mg,16,Monsoon,4,8
2025-08-22,Amlodipine 5mg,15,Monsoon,4,8
2025-08-22,Azithromycin 500mg,8,Monsoon,4,8
2025-08-22,Ibuprofen 400mg,7,Monsoon,4,8
2025-08-22,Zinc Tablets 20mg,24,Monsoon,4,8
2025-08-22,Multivitamin Complex,11,Monsoon,4,8
2025-08-22,Folic Acid 5mg,16,Monsoon,4,8
2025-08-22,Atorvastatin 10mg,11,Monsoon,4,8
2025-08-22,Levocetirizine 5mg,13,Monsoon,4,8
2025-08-22,Ranitidine 150mg,11,Monsoon,4,8
2025-08-22,Diclofenac Gel 30g,3,Monsoon,4,8
2025-08-22,ORS (Orange Flavor),20,Monsoon,4,8
2025-08-22,Dolo 650mg,54,Monsoon,4,8
2025-08-22,Erythromycin 250mg,23,Monsoon,4,8
2025-08-22,Montelukast 10mg,10,Monsoon,4,8
2025-08-22,Carbamazepine 200mg,1,Monsoon,4,8
2025-08-23,Paracetamol 650mg,48,Monsoon,5,8
2025-08-23,Cetirizine 10mg,24,Monsoon,5,8
2025-08-23,Amoxicillin 500mg,22,Monsoon,5,8
2025-08-23,Insulin Glargine 100IU,5,Monsoon,5,8
2025-08-23,Salbutamol Inhaler,5,Monsoon,5,8
2025-08-23,Phenytoin 100mg,3,Monsoon,5,8
2025-08-23,ORS (Oral Rehydration),21,Monsoon,5,8
2025-08-23,Cough Syrup 100ml,5,Monsoon,5,8
2025-08-23,Pantoprazole 40mg,16,Monsoon,5,8
2025-08-23,Metformin 500mg,22,Monsoon,5,8
2025-08-23,Amlodipine 5mg,16,Monsoon,5,8
2025-08-23,Azithromycin 500mg,4,Monsoon,5,8
2025-08-23,Ibuprofen 400mg,11,Monsoon,5,8
2025-08-23,Zinc Tablets 20mg,20,Monsoon,5,8
2025-08-23,Multivitamin Complex,13,Monsoon,5,8
2025-08-23,Folic Acid 5mg,15,Monsoon,5,8
2025-08-23,Atorvastatin 10mg,13,Monsoon,5,8
2025-08-23,Levocetirizine 5mg,10,Monsoon,5,8
2025-08-23,Ranitidine 150mg,20,Monsoon,5,8
2025-08-23,Diclofenac Gel 30g,14,Monsoon,5,8
2025-08-23,ORS (Orange Flavor),13,Monsoon,5,8
2025-08-23,Dolo 650mg,59,Monsoon,5,8
2025-08-23,Erythromycin 250mg,11,Monsoon,5,8
2025-08-23,Montelukast 10mg,7,Monsoon,5,8
2025-08-23,Carbamazepine 200mg,1,Monsoon,5,8
2025-08-24,Paracetamol 650mg,52,Monsoon,6,8
2025-08-24,Cetirizine 10mg,18,Monsoon,6,8
2025-08-24,Amoxicillin 500mg,24,Monsoon,6,8
2025-08-24,Insulin Glargine 100IU,4,Monsoon,6,8
2025-08-24,Salbutamol Inhaler,6,Monsoon,6,8
2025-08-24,Phenytoin 100mg,3,Monsoon,6,8
2025-08-24,ORS (Oral Rehydration),33,Monsoon,6,8
2025-08-24,Cough Syrup 100ml,9,Monsoon,6,8
2025-08-24,Pantoprazole 40mg,16,Monsoon,6,8
2025-08-24,Metformin 500mg,19,Monsoon,6,8
2025-08-24,Amlodipine 5mg,23,Monsoon,6,8
2025-08-24,Azithromycin 500mg,12,Monsoon,6,8
2025-08-24,Ibuprofen 400mg,8,Monsoon,6,8
2025-08-24,Zinc Tablets 20mg,22,Monsoon,6,8
2025-08-24,Multivitamin Complex,11,Monsoon,6,8
2025-08-24,Folic Acid 5mg,16,Monsoon,6,8
2025-08-24,Atorvastatin 10mg,7,Monsoon,6,8
2025-08-24,Levocetirizine 5mg,8,Monsoon,6,8
2025-08-24,Ranitidine 150mg,14,Monsoon,6,8
2025-08-24,Diclofenac Gel 30g,5,Monsoon,6,8
2025-08-24,ORS (Orange Flavor),15,Monsoon,6,8
2025-08-24,Dolo 650mg,50,Monsoon,6,8
2025-08-24,Erythromycin 250mg,8,Monsoon,6,8
2025-08-24,Montelukast 10mg,8,Monsoon,6,8
2025-08-24,Carbamazepine 200mg,5,Monsoon,6,8
2025-08-25,Paracetamol 650mg,61,Monsoon,0,8
2025-08-25,Cetirizine 10mg,19,Monsoon,0,8
2025-08-25,Amoxicillin 500mg,23,Monsoon,0,8
2025-08-25,Insulin Glargine 100IU,1,Monsoon,0,8
2025-08-25,Salbutamol Inhaler,6,Monsoon,0,8
2025-08-25,Phenytoin 100mg,3,Monsoon,0,8
2025-08-25,ORS (Oral Rehydration),41,Monsoon,0,8
2025-08-25,Cough Syrup 100ml,15,Monsoon,0,8
2025-08-25,Pantoprazole 40mg,15,Monsoon,0,8
2025-08-25,Metformin 500mg,12,Monsoon,0,8
2025-08-25,Amlodipine 5mg,21,Monsoon,0,8
2025-08-25,Azithromycin 500mg,9,Monsoon,0,8
2025-08-25,Ibuprofen 400mg,14,Monsoon,0,8
2025-08-25,Zinc Tablets 20mg,25,Monsoon,0,8
2025-08-25,Multivitamin Complex,10,Monsoon,0,8
2025-08-25,Folic Acid 5mg,17,Monsoon,0,8
2025-08-25,Atorvastatin 10mg,13,Monsoon,0,8
2025-08-25,Levocetirizine 5mg,16,Monsoon,0,8
2025-08-25,Ranitidine 150mg,21,Monsoon,0,8
2025-08-25,Diclofenac Gel 30g,4,Monsoon,0,8
2025-08-25,ORS (Orange Flavor),17,Monsoon,0,8
2025-08-25,Dolo 650mg,56,Monsoon,0,8
2025-08-25,Erythromycin 250mg,17,Monsoon,0,8
2025-08-25,Montelukast 10mg,13,Monsoon,0,8
2025-08-25,Carbamazepine 200mg,3,Monsoon,0,8
2025-08-26,Paracetamol 650mg,56,Monsoon,1,8
2025-08-26,Cetirizine 10mg,24,Monsoon,1,8
2025-08-26,Amoxicillin 500mg,23,Monsoon,1,8
2025-08-26,Insulin Glargine 100IU,4,Monsoon,1,8
2025-08-26,Salbutamol Inhaler,10,Monsoon,1,8
2025-08-26,Phenytoin 100mg,3,Monsoon,1,8
2025-08-26,ORS (Oral Rehydration),34,Monsoon,1,8
2025-08-26,Cough Syrup 100ml,10,Monsoon,1,8
2025-08-26,Pantoprazole 40mg,12,Monsoon,1,8
2025-08-26,Metformin 500mg,24,Monsoon,1,8
2025-08-26,Amlodipine 5mg,14,Monsoon,1,8
2025-08-26,Azithromycin 500mg,10,Monsoon,1,8
2025-08-26,Ibuprofen 400mg,10,Monsoon,1,8
2025-08-26,Zinc Tablets 20mg,26,Monsoon,1,8
2025-08-26,Multivitamin Complex,8,Monsoon,1,8
2025-08-26,Folic Acid 5mg,14,Monsoon,1,8
2025-08-26,Atorvastatin 10mg,8,Monsoon,1,8
2025-08-26,Levocetirizine 5mg,15,Monsoon,1,8
2025-08-26,Ranitidine 150mg,10,Monsoon,1,8
2025-08-26,Diclofenac Gel 30g,3,Monsoon,1,8
2025-08-26,ORS (Orange Flavor),13,Monsoon,1,8
2025-08-26,Dolo 650mg,61,Monsoon,1,8
2025-08-26,Erythromycin 250mg,12,Monsoon,1,8
2025-08-26,Montelukast 10mg,7,Monsoon,1,8
2025-08-26,Carbamazepine 200mg,7,Monsoon,1,8
2025-08-27,Paracetamol 650mg,40,Monsoon,2,8
2025-08-27,Cetirizine 10mg,21,Monsoon,2,8
2025-08-27,Amoxicillin 500mg,16,Monsoon,2,8
2025-08-27,Insulin Glargine 100IU,3,Monsoon,2,8
2025-08-27,Salbutamol Inhaler,5,Monsoon,2,8
2025-08-27,Phenytoin 100mg,3,Monsoon,2,8
2025-08-27,ORS (Oral Rehydration),31,Monsoon,2,8
2025-08-27,Cough Syrup 100ml,12,Monsoon,2,8
2025-08-27,Pantoprazole 40mg,11,Monsoon,2,8
2025-08-27,Metformin 500mg,12,Monsoon,2,8
2025-08-27,Amlodipine 5mg,10,Monsoon,2,8
2025-08-27,Azithromycin 500mg,5,Monsoon,2,8
2025-08-27,Ibuprofen 400mg,15,Monsoon,2,8
2025-08-27,Zinc Tablets 20mg,25,Monsoon,2,8
2025-08-27,Multivitamin Complex,13,Monsoon,2,8
2025-08-27,Folic Acid 5mg,9,Monsoon,2,8
2025-08-27,Atorvastatin 10mg,7,Monsoon,2,8
2025-08-27,Levocetirizine 5mg,12,Monsoon,2,8
2025-08-27,Ranitidine 150mg,17,Monsoon,2,8
2025-08-27,Diclofenac Gel 30g,8,Monsoon,2,8
2025-08-27,ORS (Orange Flavor),10,Monsoon,2,8
2025-08-27,Dolo 650mg,59,Monsoon,2,8
2025-08-27,Erythromycin 250mg,13,Monsoon,2,8
2025-08-27,Montelukast 10mg,13,Monsoon,2,8
2025-08-27,Carbamazepine 200mg,2,Monsoon,2,8
2025-08-28,Paracetamol 650mg,50,Monsoon,3,8
2025-08-28,Cetirizine 10mg,21,Monsoon,3,8
2025-08-28,Amoxicillin 500mg,15,Monsoon,3,8
2025-08-28,Insulin Glargine 100IU,4,Monsoon,3,8
2025-08-28,Salbutamol Inhaler,4,Monsoon,3,8
2025-08-28,Phenytoin 100mg,2,Monsoon,3,8
2025-08-28,ORS (Oral Rehydration),26,Monsoon,3,8
2025-08-28,Cough Syrup 100ml,9,Monsoon,3,8
2025-08-28,Pantoprazole 40mg,11,Monsoon,3,8
2025-08-28,Metformin 500mg,18,Monsoon,3,8
2025-08-28,Amlodipine 5mg,10,Monsoon,3,8
2025-08-28,Azithromycin 500mg,7,Monsoon,3,8
2025-08-28,Ibuprofen 400mg,18,Monsoon,3,8
2025-08-28,Zinc Tablets 20mg,40,Monsoon,3,8
2025-08-28,Multivitamin Complex,15,Monsoon,3,8
2025-08-28,Folic Acid 5mg,13,Monsoon,3,8
2025-08-28,Atorvastatin 10mg,12,Monsoon,3,8
2025-08-28,Levocetirizine 5mg,10,Monsoon,3,8
2025-08-28,Ranitidine 150mg,22,Monsoon,3,8
2025-08-28,Diclofenac Gel 30g,4,Monsoon,3,8
2025-08-28,ORS (Orange Flavor),18,Monsoon,3,8
2025-08-28,Dolo 650mg,51,Monsoon,3,8
2025-08-28,Erythromycin 250mg,9,Monsoon,3,8
2025-08-28,Montelukast 10mg,7,Monsoon,3,8
2025-08-28,Carbamazepine 200mg,6,Monsoon,3,8
2025-08-29,Paracetamol 650mg,46,Monsoon,4,8
2025-08-29,Cetirizine 10mg,16,Monsoon,4,8
2025-08-29,Amoxicillin 500mg,31,Monsoon,4,8
2025-08-29,Insulin Glargine 100IU,5,Monsoon,4,8
2025-08-29,Salbutamol Inhaler,7,Monsoon,4,8
2025-08-29,Phenytoin 100mg,4,Monsoon,4,8
2025-08-29,ORS (Oral Rehydration),33,Monsoon,4,8
2025-08-29,Cough Syrup 100ml,11,Monsoon,4,8
2025-08-29,Pantoprazole 40mg,17,Monsoon,4,8
2025-08-29,Metformin 500mg,12,Monsoon,4,8
2025-08-29,Amlodipine 5mg,7,Monsoon,4,8
2025-08-29,Azithromycin 500mg,9,Monsoon,4,8
2025-08-29,Ibuprofen 400mg,10,Monsoon,4,8
2025-08-29,Zinc Tablets 20mg,18,Monsoon,4,8
2025-08-29,Multivitamin Complex,7,Monsoon,4,8
2025-08-29,Folic Acid 5mg,13,Monsoon,4,8
2025-08-29,Atorvastatin 10mg,8,Monsoon,4,8
2025-08-29,Levocetirizine 5mg,10,Monsoon,4,8
2025-08-29,Ranitidine 150mg,14,Monsoon,4,8
2025-08-29,Diclofenac Gel 30g,6,Monsoon,4,8
2025-08-29,ORS (Orange Flavor),16,Monsoon,4,8
2025-08-29,Dolo 650mg,49,Monsoon,4,8
2025-08-29,Erythromycin 250mg,14,Monsoon,4,8
2025-08-29,Montelukast 10mg,12,Monsoon,4,8
2025-08-29,Carbamazepine 200mg,4,Monsoon,4,8
2025-08-30,Paracetamol 650mg,47,Monsoon,5,8
2025-08-30,Cetirizine 10mg,16,Monsoon,5,8
2025-08-30,Amoxicillin 500mg,25,Monsoon,5,8
2025-08-30,Insulin Glargine 100IU,4,Monsoon,5,8
2025-08-30,Salbutamol Inhaler,7,Monsoon,5,8
2025-08-30,Phenytoin 100mg,7,Monsoon,5,8
2025-08-30,ORS (Oral Rehydration),32,Monsoon,5,8
2025-08-30,Cough Syrup 100ml,15,Monsoon,5,8
2025-08-30,Pantoprazole 40mg,16,Monsoon,5,8
2025-08-30,Metformin 500mg,16,Monsoon,5,8
2025-08-30,Amlodipine 5mg,19,Monsoon,5,8
2025-08-30,Azithromycin 500mg,7,Monsoon,5,8
2025-08-30,Ibuprofen 400mg,14,Monsoon,5,8
2025-08-30,Zinc Tablets 20mg,15,Monsoon,5,8
2025-08-30,Multivitamin Complex,13,Monsoon,5,8
2025-08-30,Folic Acid 5mg,8,Monsoon,5,8
2025-08-30,Atorvastatin 10mg,11,Monsoon,5,8
2025-08-30,Levocetirizine 5mg,13,Monsoon,5,8
2025-08-30,Ranitidine 150mg,14,Monsoon,5,8
2025-08-30,Diclofenac Gel 30g,4,Monsoon,5,8
2025-08-30,ORS (Orange Flavor),22,Monsoon,5,8
2025-08-30,Dolo 650mg,46,Monsoon,5,8
2025-08-30,Erythromycin 250mg,9,Monsoon,5,8
2025-08-30,Montelukast 10mg,11,Monsoon,5,8
2025-08-30,Carbamazepine 200mg,4,Monsoon,5,8
2025-08-31,Paracetamol 650mg,42,Monsoon,6,8
2025-08-31,Cetirizine 10mg,12,Monsoon,6,8
2025-08-31,Amoxicillin 500mg,15,Monsoon,6,8
2025-08-31,Insulin Glargine 100IU,3,Monsoon,6,8
2025-08-31,Salbutamol Inhaler,6,Monsoon,6,8
2025-08-31,Phenytoin 100mg,4,Monsoon,6,8
2025-08-31,ORS (Oral Rehydration),37,Monsoon,6,8
2025-08-31,Cough Syrup 100ml,14,Monsoon,6,8
2025-08-31,Pantoprazole 40mg,11,Monsoon,6,8
2025-08-31,Metformin 500mg,16,Monsoon,6,8
2025-08-31,Amlodipine 5mg,11,Monsoon,6,8
2025-08-31,Azithromycin 500mg,7,Monsoon,6,8
2025-08-31,Ibuprofen 400mg,9,Monsoon,6,8
2025-08-31,Zinc Tablets 20mg,20,Monsoon,6,8
2025-08-31,Multivitamin Complex,11,Monsoon,6,8
2025-08-31,Folic Acid 5mg,15,Monsoon,6,8
2025-08-31,Atorvastatin 10mg,11,Monsoon,6,8
2025-08-31,Levocetirizine 5mg,13,Monsoon,6,8
2025-08-31,Ranitidine 150mg,16,Monsoon,6,8
2025-08-31,Diclofenac Gel 30g,9,Monsoon,6,8
2025-08-31,ORS (Orange Flavor),13,Monsoon,6,8
2025-08-31,Dolo 650mg,54,Monsoon,6,8
2025-08-31,Erythromycin 250mg,5,Monsoon,6,8
2025-08-31,Montelukast 10mg,11,Monsoon,6,8
2025-08-31,Carbamazepine 200mg,3,Monsoon,6,8
2025-09-01,Paracetamol 650mg,45,Monsoon,0,9
2025-09-01,Cetirizine 10mg,21,Monsoon,0,9
2025-09-01,Amoxicillin 500mg,24,Monsoon,0,9
2025-09-01,Insulin Glargine 100IU,13,Monsoon,0,9
2025-09-01,Salbutamol Inhaler,9,Monsoon,0,9
2025-09-01,Phenytoin 100mg,4,Monsoon,0,9
2025-09-01,ORS (Oral Rehydration),28,Monsoon,0,9
2025-09-01,Cough Syrup 100ml,11,Monsoon,0,9
2025-09-01,Pantoprazole 40mg,15,Monsoon,0,9
2025-09-01,Metformin 500mg,12,Monsoon,0,9
2025-09-01,Amlodipine 5mg,10,Monsoon,0,9
2025-09-01,Azithromycin 500mg,13,Monsoon,0,9
2025-09-01,Ibuprofen 400mg,9,Monsoon,0,9
2025-09-01,Zinc Tablets 20mg,10,Monsoon,0,9
2025-09-01,Multivitamin Complex,9,Monsoon,0,9
2025-09-01,Folic Acid 5mg,12,Monsoon,0,9
2025-09-01,Atorvastatin 10mg,12,Monsoon,0,9
2025-09-01,Levocetirizine 5mg,10,Monsoon,0,9
2025-09-01,Ranitidine 150mg,10,Monsoon,0,9
2025-09-01,Diclofenac Gel 30g,3,Monsoon,0,9
2025-09-01,ORS (Orange Flavor),25,Monsoon,0,9
2025-09-01,Dolo 650mg,66,Monsoon,0,9
2025-09-01,Erythromycin 250mg,15,Monsoon,0,9
2025-09-01,Montelukast 10mg,16,Monsoon,0,9
2025-09-01,Carbamazepine 200mg,1,Monsoon,0,9
2025-09-02,Paracetamol 650mg,41,Monsoon,1,9
2025-09-02,Cetirizine 10mg,16,Monsoon,1,9
2025-09-02,Amoxicillin 500mg,25,Monsoon,1,9
2025-09-02,Insulin Glargine 100IU,8,Monsoon,1,9
2025-09-02,Salbutamol Inhaler,4,Monsoon,1,9
2025-09-02,Phenytoin 100mg,2,Monsoon,1,9
2025-09-02,ORS (Oral Rehydration),28,Monsoon,1,9
2025-09-02,Cough Syrup 100ml,14,Monsoon,1,9
2025-09-02,Pantoprazole 40mg,15,Monsoon,1,9
2025-09-02,Metformin 500mg,18,Monsoon,1,9
2025-09-02,Amlodipine 5mg,10,Monsoon,1,9
2025-09-02,Azithromycin 500mg,6,Monsoon,1,9
2025-09-02,Ibuprofen 400mg,7,Monsoon,1,9
2025-09-02,Zinc Tablets 20mg,24,Monsoon,1,9
2025-09-02,Multivitamin Complex,13,Monsoon,1,9
2025-09-02,Folic Acid 5mg,6,Monsoon,1,9
2025-09-02,Atorvastatin 10mg,9,Monsoon,1,9
2025-09-02,Levocetirizine 5mg,8,Monsoon,1,9
2025-09-02,Ranitidine 150mg,16,Monsoon,1,9
2025-09-02,Diclofenac Gel 30g,5,Monsoon,1,9
2025-09-02,ORS (Orange Flavor),11,Monsoon,1,9
2025-09-02,Dolo 650mg,67,Monsoon,1,9
2025-09-02,Erythromycin 250mg,6,Monsoon,1,9
2025-09-02,Montelukast 10mg,14,Monsoon,1,9
2025-09-02,Carbamazepine 200mg,5,Monsoon,1,9
2025-09-03,Paracetamol 650mg,40,Monsoon,2,9
2025-09-03,Cetirizine 10mg,17,Monsoon,2,9
2025-09-03,Amoxicillin 500mg,20,Monsoon,2,9
2025-09-03,Insulin Glargine 100IU,5,Monsoon,2,9
2025-09-03,Salbutamol Inhaler,9,Monsoon,2,9
2025-09-03,Phenytoin 100mg,5,Monsoon,2,9
2025-09-03,ORS (Oral Rehydration),29,Monsoon,2,9
2025-09-03,Cough Syrup 100ml,10,Monsoon,2,9
2025-09-03,Pantoprazole 40mg,17,Monsoon,2,9
2025-09-03,Metformin 500mg,20,Monsoon,2,9
2025-09-03,Amlodipine 5mg,9,Monsoon,2,9
2025-09-03,Azithromycin 500mg,10,Monsoon,2,9
2025-09-03,Ibuprofen 400mg,8,Monsoon,2,9
2025-09-03,Zinc Tablets 20mg,24,Monsoon,2,9
2025-09-03,Multivitamin Complex,15,Monsoon,2,9
2025-09-03,Folic Acid 5mg,16,Monsoon,2,9
2025-09-03,Atorvastatin 10mg,8,Monsoon,2,9
2025-09-03,Levocetirizine 5mg,15,Monsoon,2,9
2025-09-03,Ranitidine 150mg,13,Monsoon,2,9
2025-09-03,Diclofenac Gel 30g,3,Monsoon,2,9
2025-09-03,ORS (Orange Flavor),15,Monsoon,2,9
2025-09-03,Dolo 650mg,49,Monsoon,2,9
2025-09-03,Erythromycin 250mg,9,Monsoon,2,9
2025-09-03,Montelukast 10mg,7,Monsoon,2,9
2025-09-03,Carbamazepine 200mg,2,Monsoon,2,9
2025-09-04,Paracetamol 650mg,49,Monsoon,3,9
2025-09-04,Cetirizine 10mg,23,Monsoon,3,9
2025-09-04,Amoxicillin 500mg,18,Monsoon,3,9
2025-09-04,Insulin Glargine 100IU,4,Monsoon,3,9
2025-09-04,Salbutamol Inhaler,4,Monsoon,3,9
2025-09-04,Phenytoin 100mg,3,Monsoon,3,9
2025-09-04,ORS (Oral Rehydration),41,Monsoon,3,9
2025-09-04,Cough Syrup 100ml,12,Monsoon,3,9
2025-09-04,Pantoprazole 40mg,23,Monsoon,3,9
2025-09-04,Metformin 500mg,15,Monsoon,3,9
2025-09-04,Amlodipine 5mg,13,Monsoon,3,9
2025-09-04,Azithromycin 500mg,8,Monsoon,3,9
2025-09-04,Ibuprofen 400mg,13,Monsoon,3,9
2025-09-04,Zinc Tablets 20mg,17,Monsoon,3,9
2025-09-04,Multivitamin Complex,11,Monsoon,3,9
2025-09-04,Folic Acid 5mg,18,Monsoon,3,9
2025-09-04,Atorvastatin 10mg,9,Monsoon,3,9
2025-09-04,Levocetirizine 5mg,12,Monsoon,3,9
2025-09-04,Ranitidine 150mg,12,Monsoon,3,9
2025-09-04,Diclofenac Gel 30g,6,Monsoon,3,9
2025-09-04,ORS (Orange Flavor),21,Monsoon,3,9
2025-09-04,Dolo 650mg,52,Monsoon,3,9
2025-09-04,Erythromycin 250mg,11,Monsoon,3,9
2025-09-04,Montelukast 10mg,9,Monsoon,3,9
2025-09-04,Carbamazepine 200mg,4,Monsoon,3,9
2025-09-05,Paracetamol 650mg,38,Monsoon,4,9
2025-09-05,Cetirizine 10mg,20,Monsoon,4,9
2025-09-05,Amoxicillin 500mg,12,Monsoon,4,9
2025-09-05,Insulin Glargine 100IU,6,Monsoon,4,9
2025-09-05,Salbutamol Inhaler,7,Monsoon,4,9
2025-09-05,Phenytoin 100mg,1,Monsoon,4,9
2025-09-05,ORS (Oral Rehydration),31,Monsoon,4,9
2025-09-05,Cough Syrup 100ml,6,Monsoon,4,9
2025-09-05,Pantoprazole 40mg,16,Monsoon,4,9
2025-09-05,Metformin 500mg,18,Monsoon,4,9
2025-09-05,Amlodipine 5mg,14,Monsoon,4,9
2025-09-05,Azithromycin 500mg,10,Monsoon,4,9
2025-09-05,Ibuprofen 400mg,17,Monsoon,4,9
2025-09-05,Zinc Tablets 20mg,30,Monsoon,4,9
2025-09-05,Multivitamin Complex,11,Monsoon,4,9
2025-09-05,Folic Acid 5mg,18,Monsoon,4,9
2025-09-05,Atorvastatin 10mg,12,Monsoon,4,9
2025-09-05,Levocetirizine 5mg,9,Monsoon,4,9
2025-09-05,Ranitidine 150mg,16,Monsoon,4,9
2025-09-05,Diclofenac Gel 30g,2,Monsoon,4,9
2025-09-05,ORS (Orange Flavor),21,Monsoon,4,9
2025-09-05,Dolo 650mg,55,Monsoon,4,9
2025-09-05,Erythromycin 250mg,6,Monsoon,4,9
2025-09-05,Montelukast 10mg,12,Monsoon,4,9
2025-09-05,Carbamazepine 200mg,1,Monsoon,4,9
2025-09-06,Paracetamol 650mg,30,Monsoon,5,9
2025-09-06,Cetirizine 10mg,20,Monsoon,5,9
2025-09-06,Amoxicillin 500mg,28,Monsoon,5,9
2025-09-06,Insulin Glargine 100IU,3,Monsoon,5,9
2025-09-06,Salbutamol Inhaler,6,Monsoon,5,9
2025-09-06,Phenytoin 100mg,2,Monsoon,5,9
2025-09-06,ORS (Oral Rehydration),29,Monsoon,5,9
2025-09-06,Cough Syrup 100ml,10,Monsoon,5,9
2025-09-06,Pantoprazole 40mg,13,Monsoon,5,9
2025-09-06,Metformin 500mg,17,Monsoon,5,9
2025-09-06,Amlodipine 5mg,17,Monsoon,5,9
2025-09-06,Azithromycin 500mg,9,Monsoon,5,9
2025-09-06,Ibuprofen 400mg,15,Monsoon,5,9
2025-09-06,Zinc Tablets 20mg,34,Monsoon,5,9
2025-09-06,Multivitamin Complex,8,Monsoon,5,9
2025-09-06,Folic Acid 5mg,8,Monsoon,5,9
2025-09-06,Atorvastatin 10mg,14,Monsoon,5,9
2025-09-06,Levocetirizine 5mg,9,Monsoon,5,9
2025-09-06,Ranitidine 150mg,21,Monsoon,5,9
2025-09-06,Diclofenac Gel 30g,5,Monsoon,5,9
2025-09-06,ORS (Orange Flavor),18,Monsoon,5,9
2025-09-06,Dolo 650mg,43,Monsoon,5,9
2025-09-06,Erythromycin 250mg,13,Monsoon,5,9
2025-09-06,Montelukast 10mg,6,Monsoon,5,9
2025-09-06,Carbamazepine 200mg,6,Monsoon,5,9
2025-09-07,Paracetamol 650mg,40,Monsoon,6,9
2025-09-07,Cetirizine 10mg,26,Monsoon,6,9
2025-09-07,Amoxicillin 500mg,19,Monsoon,6,9
2025-09-07,Insulin Glargine 100IU,5,Monsoon,6,9
2025-09-07,Salbutamol Inhaler,6,Monsoon,6,9
2025-09-07,Phenytoin 100mg,4,Monsoon,6,9
2025-09-07,ORS (Oral Rehydration),27,Monsoon,6,9
2025-09-07,Cough Syrup 100ml,11,Monsoon,6,9
2025-09-07,Pantoprazole 40mg,20,Monsoon,6,9
2025-09-07,Metformin 500mg,19,Monsoon,6,9
2025-09-07,Amlodipine 5mg,17,Monsoon,6,9
2025-09-07,Azithromycin 500mg,7,Monsoon,6,9
2025-09-07,Ibuprofen 400mg,11,Monsoon,6,9
2025-09-07,Zinc Tablets 20mg,25,Monsoon,6,9
2025-09-07,Multivitamin Complex,16,Monsoon,6,9
2025-09-07,Folic Acid 5mg,11,Monsoon,6,9
2025-09-07,Atorvastatin 10mg,11,Monsoon,6,9
2025-09-07,Levocetirizine 5mg,8,Monsoon,6,9
2025-09-07,Ranitidine 150mg,15,Monsoon,6,9
2025-09-07,Diclofenac Gel 30g,6,Monsoon,6,9
2025-09-07,ORS (Orange Flavor),13,Monsoon,6,9
2025-09-07,Dolo 650mg,51,Monsoon,6,9
2025-09-07,Erythromycin 250mg,14,Monsoon,6,9
2025-09-07,Montelukast 10mg,4,Monsoon,6,9
2025-09-07,Carbamazepine 200mg,3,Monsoon,6,9
2025-09-08,Paracetamol 650mg,49,Monsoon,0,9
2025-09-08,Cetirizine 10mg,19,Monsoon,0,9
2025-09-08,Amoxicillin 500mg,33,Monsoon,0,9
2025-09-08,Insulin Glargine 100IU,4,Monsoon,0,9
2025-09-08,Salbutamol Inhaler,9,Monsoon,0,9
2025-09-08,Phenytoin 100mg,5,Monsoon,0,9
2025-09-08,ORS (Oral Rehydration),25,Monsoon,0,9
2025-09-08,Cough Syrup 100ml,15,Monsoon,0,9
2025-09-08,Pantoprazole 40mg,14,Monsoon,0,9
2025-09-08,Metformin 500mg,16,Monsoon,0,9
2025-09-08,Amlodipine 5mg,14,Monsoon,0,9
2025-09-08,Azithromycin 500mg,3,Monsoon,0,9
2025-09-08,Ibuprofen 400mg,8,Monsoon,0,9
2025-09-08,Zinc Tablets 20mg,24,Monsoon,0,9
2025-09-08,Multivitamin Complex,18,Monsoon,0,9
2025-09-08,Folic Acid 5mg,14,Monsoon,0,9
2025-09-08,Atorvastatin 10mg,14,Monsoon,0,9
2025-09-08,Levocetirizine 5mg,6,Monsoon,0,9
2025-09-08,Ranitidine 150mg,17,Monsoon,0,9
2025-09-08,Diclofenac Gel 30g,10,Monsoon,0,9
2025-09-08,ORS (Orange Flavor),17,Monsoon,0,9
2025-09-08,Dolo 650mg,49,Monsoon,0,9
2025-09-08,Erythromycin 250mg,14,Monsoon,0,9
2025-09-08,Montelukast 10mg,11,Monsoon,0,9
2025-09-08,Carbamazepine 200mg,1,Monsoon,0,9
2025-09-09,Paracetamol 650mg,54,Monsoon,1,9
2025-09-09,Cetirizine 10mg,25,Monsoon,1,9
2025-09-09,Amoxicillin 500mg,21,Monsoon,1,9
2025-09-09,Insulin Glargine 100IU,5,Monsoon,1,9
2025-09-09,Salbutamol Inhaler,6,Monsoon,1,9
2025-09-09,Phenytoin 100mg,2,Monsoon,1,9
2025-09-09,ORS (Oral Rehydration),37,Monsoon,1,9
2025-09-09,Cough Syrup 100ml,18,Monsoon,1,9
2025-09-09,Pantoprazole 40mg,17,Monsoon,1,9
2025-09-09,Metformin 500mg,17,Monsoon,1,9
2025-09-09,Amlodipine 5mg,20,Monsoon,1,9
2025-09-09,Azithromycin 500mg,6,Monsoon,1,9
2025-09-09,Ibuprofen 400mg,10,Monsoon,1,9
2025-09-09,Zinc Tablets 20mg,25,Monsoon,1,9
2025-09-09,Multivitamin Complex,13,Monsoon,1,9
2025-09-09,Folic Acid 5mg,22,Monsoon,1,9
2025-09-09,Atorvastatin 10mg,14,Monsoon,1,9
2025-09-09,Levocetirizine 5mg,8,Monsoon,1,9
2025-09-09,Ranitidine 150mg,19,Monsoon,1,9
2025-09-09,Diclofenac Gel 30g,4,Monsoon,1,9
2025-09-09,ORS (Orange Flavor),13,Monsoon,1,9
2025-09-09,Dolo 650mg,64,Monsoon,1,9
2025-09-09,Erythromycin 250mg,15,Monsoon,1,9
2025-09-09,Montelukast 10mg,4,Monsoon,1,9
2025-09-09,Carbamazepine 200mg,4,Monsoon,1,9
2025-09-10,Paracetamol 650mg,40,Monsoon,2,9
2025-09-10,Cetirizine 10mg,23,Monsoon,2,9
2025-09-10,Amoxicillin 500mg,24,Monsoon,2,9
2025-09-10,Insulin Glargine 100IU,6,Monsoon,2,9
2025-09-10,Salbutamol Inhaler,1,Monsoon,2,9
2025-09-10,Phenytoin 100mg,2,Monsoon,2,9
2025-09-10,ORS (Oral Rehydration),38,Monsoon,2,9
2025-09-10,Cough Syrup 100ml,18,Monsoon,2,9
2025-09-10,Pantoprazole 40mg,12,Monsoon,2,9
2025-09-10,Metformin 500mg,16,Monsoon,2,9
2025-09-10,Amlodipine 5mg,14,Monsoon,2,9
2025-09-10,Azithromycin 500mg,9,Monsoon,2,9
2025-09-10,Ibuprofen 400mg,12,Monsoon,2,9
2025-09-10,Zinc Tablets 20mg,24,Monsoon,2,9
2025-09-10,Multivitamin Complex,12,Monsoon,2,9
2025-09-10,Folic Acid 5mg,18,Monsoon,2,9
2025-09-10,Atorvastatin 10mg,14,Monsoon,2,9
2025-09-10,Levocetirizine 5mg,18,Monsoon,2,9
2025-09-10,Ranitidine 150mg,15,Monsoon,2,9
2025-09-10,Diclofenac Gel 30g,10,Monsoon,2,9
2025-09-10,ORS (Orange Flavor),15,Monsoon,2,9
2025-09-10,Dolo 650mg,59,Monsoon,2,9
2025-09-10,Erythromycin 250mg,9,Monsoon,2,9
2025-09-10,Montelukast 10mg,9,Monsoon,2,9
2025-09-10,Carbamazepine 200mg,3,Monsoon,2,9
2025-09-11,Paracetamol 650mg,48,Monsoon,3,9
2025-09-11,Cetirizine 10mg,20,Monsoon,3,9
2025-09-11,Amoxicillin 500mg,20,Monsoon,3,9
2025-09-11,Insulin Glargine 100IU,2,Monsoon,3,9
2025-09-11,Salbutamol Inhaler,3,Monsoon,3,9
2025-09-11,Phenytoin 100mg,4,Monsoon,3,9
2025-09-11,ORS (Oral Rehydration),39,Monsoon,3,9
2025-09-11,Cough Syrup 100ml,10,Monsoon,3,9
2025-09-11,Pantoprazole 40mg,12,Monsoon,3,9
2025-09-11,Metformin 500mg,13,Monsoon,3,9
2025-09-11,Amlodipine 5mg,15,Monsoon,3,9
2025-09-11,Azithromycin 500mg,2,Monsoon,3,9
2025-09-11,Ibuprofen 400mg,15,Monsoon,3,9
2025-09-11,Zinc Tablets 20mg,32,Monsoon,3,9
2025-09-11,Multivitamin Complex,12,Monsoon,3,9
2025-09-11,Folic Acid 5mg,14,Monsoon,3,9
2025-09-11,Atorvastatin 10mg,11,Monsoon,3,9
2025-09-11,Levocetirizine 5mg,8,Monsoon,3,9
2025-09-11,Ranitidine 150mg,17,Monsoon,3,9
2025-09-11,Diclofenac Gel 30g,11,Monsoon,3,9
2025-09-11,ORS (Orange Flavor),14,Monsoon,3,9
2025-09-11,Dolo 650mg,54,Monsoon,3,9
2025-09-11,Erythromycin 250mg,13,Monsoon,3,9
2025-09-11,Montelukast 10mg,6,Monsoon,3,9
2025-09-11,Carbamazepine 200mg,4,Monsoon,3,9
2025-09-12,Paracetamol 650mg,46,Monsoon,4,9
2025-09-12,Cetirizine 10mg,18,Monsoon,4,9
2025-09-12,Amoxicillin 500mg,27,Monsoon,4,9
2025-09-12,Insulin Glargine 100IU,4,Monsoon,4,9
2025-09-12,Salbutamol Inhaler,3,Monsoon,4,9
2025-09-12,Phenytoin 100mg,1,Monsoon,4,9
2025-09-12,ORS (Oral Rehydration),33,Monsoon,4,9
2025-09-12,Cough Syrup 100ml,14,Monsoon,4,9
2025-09-12,Pantoprazole 40mg,12,Monsoon,4,9
2025-09-12,Metformin 500mg,21,Monsoon,4,9
2025-09-12,Amlodipine 5mg,18,Monsoon,4,9
2025-09-12,Azithromycin 500mg,8,Monsoon,4,9
2025-09-12,Ibuprofen 400mg,12,Monsoon,4,9
2025-09-12,Zinc Tablets 20mg,33,Monsoon,4,9
2025-09-12,Multivitamin Complex,13,Monsoon,4,9
2025-09-12,Folic Acid 5mg,19,Monsoon,4,9
2025-09-12,Atorvastatin 10mg,15,Monsoon,4,9
2025-09-12,Levocetirizine 5mg,15,Monsoon,4,9
2025-09-12,Ranitidine 150mg,13,Monsoon,4,9
2025-09-12,Diclofenac Gel 30g,8,Monsoon,4,9
2025-09-12,ORS (Orange Flavor),17,Monsoon,4,9
2025-09-12,Dolo 650mg,42,Monsoon,4,9
2025-09-12,Erythromycin 250mg,10,Monsoon,4,9
2025-09-12,Montelukast 10mg,6,Monsoon,4,9
2025-09-12,Carbamazepine 200mg,7,Monsoon,4,9
2025-09-13,Paracetamol 650mg,48,Monsoon,5,9
2025-09-13,Cetirizine 10mg,17,Monsoon,5,9
2025-09-13,Amoxicillin 500mg,26,Monsoon,5,9
2025-09-13,Insulin Glargine 100IU,2,Monsoon,5,9
2025-09-13,Salbutamol Inhaler,6,Monsoon,5,9
2025-09-13,Phenytoin 100mg,2,Monsoon,5,9
2025-09-13,ORS (Oral Rehydration),25,Monsoon,5,9
2025-09-13,Cough Syrup 100ml,8,Monsoon,5,9
2025-09-13,Pantoprazole 40mg,13,Monsoon,5,9
2025-09-13,Metformin 500mg,19,Monsoon,5,9
2025-09-13,Amlodipine 5mg,17,Monsoon,5,9
2025-09-13,Azithromycin 500mg,7,Monsoon,5,9
2025-09-13,Ibuprofen 400mg,12,Monsoon,5,9
2025-09-13,Zinc Tablets 20mg,29,Monsoon,5,9
2025-09-13,Multivitamin Complex,9,Monsoon,5,9
2025-09-13,Folic Acid 5mg,13,Monsoon,5,9
2025-09-13,Atorvastatin 10mg,11,Monsoon,5,9
2025-09-13,Levocetirizine 5mg,11,Monsoon,5,9
2025-09-13,Ranitidine 150mg,14,Monsoon,5,9
2025-09-13,Diclofenac Gel 30g,5,Monsoon,5,9
2025-09-13,ORS (Orange Flavor),30,Monsoon,5,9
2025-09-13,Dolo 650mg,46,Monsoon,5,9
2025-09-13,Erythromycin 250mg,11,Monsoon,5,9
2025-09-13,Montelukast 10mg,8,Monsoon,5,9
2025-09-13,Carbamazepine 200mg,5,Monsoon,5,9
2025-09-14,Paracetamol 650mg,56,Monsoon,6,9
2025-09-14,Cetirizine 10mg,24,Monsoon,6,9
2025-09-14,Amoxicillin 500mg,22,Monsoon,6,9
2025-09-14,Insulin Glargine 100IU,5,Monsoon,6,9
2025-09-14,Salbutamol Inhaler,4,Monsoon,6,9
2025-09-14,Phenytoin 100mg,1,Monsoon,6,9
2025-09-14,ORS (Oral Rehydration),28,Monsoon,6,9
2025-09-14,Cough Syrup 100ml,16,Monsoon,6,9
2025-09-14,Pantoprazole 40mg,21,Monsoon,6,9
2025-09-14,Metformin 500mg,15,Monsoon,6,9
2025-09-14,Amlodipine 5mg,20,Monsoon,6,9
2025-09-14,Azithromycin 500mg,9,Monsoon,6,9
2025-09-14,Ibuprofen 400mg,13,Monsoon,6,9
2025-09-14,Zinc Tablets 20mg,25,Monsoon,6,9
2025-09-14,Multivitamin Complex,20,Monsoon,6,9
2025-09-14,Folic Acid 5mg,11,Monsoon,6,9
2025-09-14,Atorvastatin 10mg,10,Monsoon,6,9
2025-09-14,Levocetirizine 5mg,10,Monsoon,6,9
2025-09-14,Ranitidine 150mg,19,Monsoon,6,9
2025-09-14,Diclofenac Gel 30g,4,Monsoon,6,9
2025-09-14,ORS (Orange Flavor),17,Monsoon,6,9
2025-09-14,Dolo 650mg,61,Monsoon,6,9
2025-09-14,Erythromycin 250mg,12,Monsoon,6,9
2025-09-14,Montelukast 10mg,12,Monsoon,6,9
2025-09-14,Carbamazepine 200mg,4,Monsoon,6,9
2025-09-15,Paracetamol 650mg,53,Monsoon,0,9
2025-09-15,Cetirizine 10mg,20,Monsoon,0,9
2025-09-15,Amoxicillin 500mg,22,Monsoon,0,9
2025-09-15,Insulin Glargine 100IU,7,Monsoon,0,9
2025-09-15,Salbutamol Inhaler,9,Monsoon,0,9
2025-09-15,Phenytoin 100mg,7,Monsoon,0,9
2025-09-15,ORS (Oral Rehydration),35,Monsoon,0,9
2025-09-15,Cough Syrup 100ml,13,Monsoon,0,9
2025-09-15,Pantoprazole 40mg,15,Monsoon,0,9
2025-09-15,Metformin 500mg,15,Monsoon,0,9
2025-09-15,Amlodipine 5mg,9,Monsoon,0,9
2025-09-15,Azithromycin 500mg,10,Monsoon,0,9
2025-09-15,Ibuprofen 400mg,10,Monsoon,0,9
2025-09-15,Zinc Tablets 20mg,19,Monsoon,0,9
2025-09-15,Multivitamin Complex,13,Monsoon,0,9
2025-09-15,Folic Acid 5mg,13,Monsoon,0,9
2025-09-15,Atorvastatin 10mg,7,Monsoon,0,9
2025-09-15,Levocetirizine 5mg,12,Monsoon,0,9
2025-09-15,Ranitidine 150mg,22,Monsoon,0,9
2025-09-15,Diclofenac Gel 30g,9,Monsoon,0,9
2025-09-15,ORS (Orange Flavor),17,Monsoon,0,9
2025-09-15,Dolo 650mg,59,Monsoon,0,9
2025-09-15,Erythromycin 250mg,8,Monsoon,0,9
2025-09-15,Montelukast 10mg,7,Monsoon,0,9
2025-09-15,Carbamazepine 200mg,7,Monsoon,0,9
2025-09-16,Paracetamol 650mg,49,Monsoon,1,9
2025-09-16,Cetirizine 10mg,19,Monsoon,1,9
2025-09-16,Amoxicillin 500mg,24,Monsoon,1,9
2025-09-16,Insulin Glargine 100IU,4,Monsoon,1,9
2025-09-16,Salbutamol Inhaler,4,Monsoon,1,9
2025-09-16,Phenytoin 100mg,1,Monsoon,1,9
2025-09-16,ORS (Oral Rehydration),26,Monsoon,1,9
2025-09-16,Cough Syrup 100ml,13,Monsoon,1,9
2025-09-16,Pantoprazole 40mg,15,Monsoon,1,9
2025-09-16,Metformin 500mg,15,Monsoon,1,9
2025-09-16,Amlodipine 5mg,4,Monsoon,1,9
2025-09-16,Azithromycin 500mg,10,Monsoon,1,9
2025-09-16,Ibuprofen 400mg,11,Monsoon,1,9
2025-09-16,Zinc Tablets 20mg,24,Monsoon,1,9
2025-09-16,Multivitamin Complex,12,Monsoon,1,9
2025-09-16,Folic Acid 5mg,17,Monsoon,1,9
2025-09-16,Atorvastatin 10mg,10,Monsoon,1,9
2025-09-16,Levocetirizine 5mg,13,Monsoon,1,9
2025-09-16,Ranitidine 150mg,9,Monsoon,1,9
2025-09-16,Diclofenac Gel 30g,4,Monsoon,1,9
2025-09-16,ORS (Orange Flavor),19,Monsoon,1,9
2025-09-16,Dolo 650mg,48,Monsoon,1,9
2025-09-16,Erythromycin 250mg,12,Monsoon,1,9
2025-09-16,Montelukast 10mg,11,Monsoon,1,9
2025-09-16,Carbamazepine 200mg,4,Monsoon,1,9
2025-09-17,Paracetamol 650mg,53,Monsoon,2,9
2025-09-17,Cetirizine 10mg,36,Monsoon,2,9
2025-09-17,Amoxicillin 500mg,36,Monsoon,2,9
2025-09-17,Insulin Glargine 100IU,3,Monsoon,2,9
2025-09-17,Salbutamol Inhaler,11,Monsoon,2,9
2025-09-17,Phenytoin 100mg,5,Monsoon,2,9
2025-09-17,ORS (Oral Rehydration),28,Monsoon,2,9
2025-09-17,Cough Syrup 100ml,13,Monsoon,2,9
2025-09-17,Pantoprazole 40mg,12,Monsoon,2,9
2025-09-17,Metformin 500mg,21,Monsoon,2,9
2025-09-17,Amlodipine 5mg,15,Monsoon,2,9
2025-09-17,Azithromycin 500mg,11,Monsoon,2,9
2025-09-17,Ibuprofen 400mg,14,Monsoon,2,9
2025-09-17,Zinc Tablets 20mg,22,Monsoon,2,9
2025-09-17,Multivitamin Complex,17,Monsoon,2,9
2025-09-17,Folic Acid 5mg,11,Monsoon,2,9
2025-09-17,Atorvastatin 10mg,9,Monsoon,2,9
2025-09-17,Levocetirizine 5mg,11,Monsoon,2,9
2025-09-17,Ranitidine 150mg,16,Monsoon,2,9
2025-09-17,Diclofenac Gel 30g,8,Monsoon,2,9
2025-09-17,ORS (Orange Flavor),19,Monsoon,2,9
2025-09-17,Dolo 650mg,51,Monsoon,2,9
2025-09-17,Erythromycin 250mg,8,Monsoon,2,9
2025-09-17,Montelukast 10mg,15,Monsoon,2,9
2025-09-17,Carbamazepine 200mg,4,Monsoon,2,9
2025-09-18,Paracetamol 650mg,39,Monsoon,3,9
2025-09-18,Cetirizine 10mg,15,Monsoon,3,9
2025-09-18,Amoxicillin 500mg,19,Monsoon,3,9
2025-09-18,Insulin Glargine 100IU,1,Monsoon,3,9
2025-09-18,Salbutamol Inhaler,8,Monsoon,3,9
2025-09-18,Phenytoin 100mg,3,Monsoon,3,9
2025-09-18,ORS (Oral Rehydration),36,Monsoon,3,9
2025-09-18,Cough Syrup 100ml,14,Monsoon,3,9
2025-09-18,Pantoprazole 40mg,24,Monsoon,3,9
2025-09-18,Metformin 500mg,30,Monsoon,3,9
2025-09-18,Amlodipine 5mg,17,Monsoon,3,9
2025-09-18,Azithromycin 500mg,8,Monsoon,3,9
2025-09-18,Ibuprofen 400mg,6,Monsoon,3,9
2025-09-18,Zinc Tablets 20mg,21,Monsoon,3,9
2025-09-18,Multivitamin Complex,8,Monsoon,3,9
2025-09-18,Folic Acid 5mg,12,Monsoon,3,9
2025-09-18,Atorvastatin 10mg,8,Monsoon,3,9
2025-09-18,Levocetirizine 5mg,15,Monsoon,3,9
2025-09-18,Ranitidine 150mg,15,Monsoon,3,9
2025-09-18,Diclofenac Gel 30g,8,Monsoon,3,9
2025-09-18,ORS (Orange Flavor),22,Monsoon,3,9
2025-09-18,Dolo 650mg,46,Monsoon,3,9
2025-09-18,Erythromycin 250mg,8,Monsoon,3,9
2025-09-18,Montelukast 10mg,8,Monsoon,3,9
2025-09-18,Carbamazepine 200mg,3,Monsoon,3,9
2025-09-19,Paracetamol 650mg,50,Monsoon,4,9
2025-09-19,Cetirizine 10mg,25,Monsoon,4,9
2025-09-19,Amoxicillin 500mg,23,Monsoon,4,9
2025-09-19,Insulin Glargine 100IU,7,Monsoon,4,9
2025-09-19,Salbutamol Inhaler,4,Monsoon,4,9
2025-09-19,Phenytoin 100mg,3,Monsoon,4,9
2025-09-19,ORS (Oral Rehydration),45,Monsoon,4,9
2025-09-19,Cough Syrup 100ml,17,Monsoon,4,9
2025-09-19,Pantoprazole 40mg,18,Monsoon,4,9
2025-09-19,Metformin 500mg,14,Monsoon,4,9
2025-09-19,Amlodipine 5mg,16,Monsoon,4,9
2025-09-19,Azithromycin 500mg,8,Monsoon,4,9
2025-09-19,Ibuprofen 400mg,6,Monsoon,4,9
2025-09-19,Zinc Tablets 20mg,30,Monsoon,4,9
2025-09-19,Multivitamin Complex,6,Monsoon,4,9
2025-09-19,Folic Acid 5mg,13,Monsoon,4,9
2025-09-19,Atorvastatin 10mg,12,Monsoon,4,9
2025-09-19,Levocetirizine 5mg,13,Monsoon,4,9
2025-09-19,Ranitidine 150mg,20,Monsoon,4,9
2025-09-19,Diclofenac Gel 30g,6,Monsoon,4,9
2025-09-19,ORS (Orange Flavor),28,Monsoon,4,9
2025-09-19,Dolo 650mg,56,Monsoon,4,9
2025-09-19,Erythromycin 250mg,15,Monsoon,4,9
2025-09-19,Montelukast 10mg,9,Monsoon,4,9
2025-09-19,Carbamazepine 200mg,4,Monsoon,4,9
2025-09-20,Paracetamol 650mg,53,Monsoon,5,9
2025-09-20,Cetirizine 10mg,12,Monsoon,5,9
2025-09-20,Amoxicillin 500mg,22,Monsoon,5,9
2025-09-20,Insulin Glargine 100IU,6,Monsoon,5,9
2025-09-20,Salbutamol Inhaler,4,Monsoon,5,9
2025-09-20,Phenytoin 100mg,1,Monsoon,5,9
2025-09-20,ORS (Oral Rehydration),35,Monsoon,5,9
2025-09-20,Cough Syrup 100ml,10,Monsoon,5,9
2025-09-20,Pantoprazole 40mg,16,Monsoon,5,9
2025-09-20,Metformin 500mg,15,Monsoon,5,9
2025-09-20,Amlodipine 5mg,14,Monsoon,5,9
2025-09-20,Azithromycin 500mg,7,Monsoon,5,9
2025-09-20,Ibuprofen 400mg,9,Monsoon,5,9
2025-09-20,Zinc Tablets 20mg,22,Monsoon,5,9
2025-09-20,Multivitamin Complex,8,Monsoon,5,9
2025-09-20,Folic Acid 5mg,11,Monsoon,5,9
2025-09-20,Atorvastatin 10mg,9,Monsoon,5,9
2025-09-20,Levocetirizine 5mg,11,Monsoon,5,9
2025-09-20,Ranitidine 150mg,18,Monsoon,5,9
2025-09-20,Diclofenac Gel 30g,5,Monsoon,5,9
2025-09-20,ORS (Orange Flavor),20,Monsoon,5,9
2025-09-20,Dolo 650mg,62,Monsoon,5,9
2025-09-20,Erythromycin 250mg,5,Monsoon,5,9
2025-09-20,Montelukast 10mg,7,Monsoon,5,9
2025-09-20,Carbamazepine 200mg,6,Monsoon,5,9
2025-09-21,Paracetamol 650mg,38,Monsoon,6,9
2025-09-21,Cetirizine 10mg,21,Monsoon,6,9
2025-09-21,Amoxicillin 500mg,32,Monsoon,6,9
2025-09-21,Insulin Glargine 100IU,1,Monsoon,6,9
2025-09-21,Salbutamol Inhaler,6,Monsoon,6,9
2025-09-21,Phenytoin 100mg,3,Monsoon,6,9
2025-09-21,ORS (Oral Rehydration),36,Monsoon,6,9
2025-09-21,Cough Syrup 100ml,16,Monsoon,6,9
2025-09-21,Pantoprazole 40mg,17,Monsoon,6,9
2025-09-21,Metformin 500mg,23,Monsoon,6,9
2025-09-21,Amlodipine 5mg,14,Monsoon,6,9
2025-09-21,Azithromycin 500mg,8,Monsoon,6,9
2025-09-21,Ibuprofen 400mg,8,Monsoon,6,9
2025-09-21,Zinc Tablets 20mg,28,Monsoon,6,9
2025-09-21,Multivitamin Complex,11,Monsoon,6,9
2025-09-21,Folic Acid 5mg,17,Monsoon,6,9
2025-09-21,Atorvastatin 10mg,16,Monsoon,6,9
2025-09-21,Levocetirizine 5mg,8,Monsoon,6,9
2025-09-21,Ranitidine 150mg,6,Monsoon,6,9
2025-09-21,Diclofenac Gel 30g,12,Monsoon,6,9
2025-09-21,ORS (Orange Flavor),12,Monsoon,6,9
2025-09-21,Dolo 650mg,48,Monsoon,6,9
2025-09-21,Erythromycin 250mg,18,Monsoon,6,9
2025-09-21,Montelukast 10mg,14,Monsoon,6,9
2025-09-21,Carbamazepine 200mg,4,Monsoon,6,9
2025-09-22,Paracetamol 650mg,44,Monsoon,0,9
2025-09-22,Cetirizine 10mg,25,Monsoon,0,9
2025-09-22,Amoxicillin 500mg,34,Monsoon,0,9
2025-09-22,Insulin Glargine 100IU,9,Monsoon,0,9
2025-09-22,Salbutamol Inhaler,3,Monsoon,0,9
2025-09-22,Phenytoin 100mg,4,Monsoon,0,9
2025-09-22,ORS (Oral Rehydration),32,Monsoon,0,9
2025-09-22,Cough Syrup 100ml,8,Monsoon,0,9
2025-09-22,Pantoprazole 40mg,18,Monsoon,0,9
2025-09-22,Metformin 500mg,23,Monsoon,0,9
2025-09-22,Amlodipine 5mg,4,Monsoon,0,9
2025-09-22,Azithromycin 500mg,7,Monsoon,0,9
2025-09-22,Ibuprofen 400mg,9,Monsoon,0,9
2025-09-22,Zinc Tablets 20mg,23,Monsoon,0,9
2025-09-22,Multivitamin Complex,11,Monsoon,0,9
2025-09-22,Folic Acid 5mg,18,Monsoon,0,9
2025-09-22,Atorvastatin 10mg,16,Monsoon,0,9
2025-09-22,Levocetirizine 5mg,10,Monsoon,0,9
2025-09-22,Ranitidine 150mg,16,Monsoon,0,9
2025-09-22,Diclofenac Gel 30g,9,Monsoon,0,9
2025-09-22,ORS (Orange Flavor),22,Monsoon,0,9
2025-09-22,Dolo 650mg,47,Monsoon,0,9
2025-09-22,Erythromycin 250mg,13,Monsoon,0,9
2025-09-22,Montelukast 10mg,9,Monsoon,0,9
2025-09-22,Carbamazepine 200mg,2,Monsoon,0,9
2025-09-23,Paracetamol 650mg,49,Monsoon,1,9
2025-09-23,Cetirizine 10mg,21,Monsoon,1,9
2025-09-23,Amoxicillin 500mg,21,Monsoon,1,9
2025-09-23,Insulin Glargine 100IU,9,Monsoon,1,9
2025-09-23,Salbutamol Inhaler,4,Monsoon,1,9
2025-09-23,Phenytoin 100mg,2,Monsoon,1,9
2025-09-23,ORS (Oral Rehydration),33,Monsoon,1,9
2025-09-23,Cough Syrup 100ml,11,Monsoon,1,9
2025-09-23,Pantoprazole 40mg,13,Monsoon,1,9
2025-09-23,Metformin 500mg,13,Monsoon,1,9
2025-09-23,Amlodipine 5mg,16,Monsoon,1,9
2025-09-23,Azithromycin 500mg,8,Monsoon,1,9
2025-09-23,Ibuprofen 400mg,15,Monsoon,1,9
2025-09-23,Zinc Tablets 20mg,34,Monsoon,1,9
2025-09-23,Multivitamin Complex,19,Monsoon,1,9
2025-09-23,Folic Acid 5mg,17,Monsoon,1,9
2025-09-23,Atorvastatin 10mg,14,Monsoon,1,9
2025-09-23,Levocetirizine 5mg,5,Monsoon,1,9
2025-09-23,Ranitidine 150mg,13,Monsoon,1,9
2025-09-23,Diclofenac Gel 30g,4,Monsoon,1,9
2025-09-23,ORS (Orange Flavor),15,Monsoon,1,9
2025-09-23,Dolo 650mg,48,Monsoon,1,9
2025-09-23,Erythromycin 250mg,18,Monsoon,1,9
2025-09-23,Montelukast 10mg,9,Monsoon,1,9
2025-09-23,Carbamazepine 200mg,3,Monsoon,1,9
2025-09-24,Paracetamol 650mg,39,Monsoon,2,9
2025-09-24,Cetirizine 10mg,24,Monsoon,2,9
2025-09-24,Amoxicillin 500mg,23,Monsoon,2,9
2025-09-24,Insulin Glargine 100IU,8,Monsoon,2,9
2025-09-24,Salbutamol Inhaler,6,Monsoon,2,9
2025-09-24,Phenytoin 100mg,3,Monsoon,2,9
2025-09-24,ORS (Oral Rehydration),38,Monsoon,2,9
2025-09-24,Cough Syrup 100ml,11,Monsoon,2,9
2025-09-24,Pantoprazole 40mg,18,Monsoon,2,9
2025-09-24,Metformin 500mg,16,Monsoon,2,9
2025-09-24,Amlodipine 5mg,19,Monsoon,2,9
2025-09-24,Azithromycin 500mg,9,Monsoon,2,9
2025-09-24,Ibuprofen 400mg,9,Monsoon,2,9
2025-09-24,Zinc Tablets 20mg,23,Monsoon,2,9
2025-09-24,Multivitamin Complex,17,Monsoon,2,9
2025-09-24,Folic Acid 5mg,12,Monsoon,2,9
2025-09-24,Atorvastatin 10mg,6,Monsoon,2,9
2025-09-24,Levocetirizine 5mg,6,Monsoon,2,9
2025-09-24,Ranitidine 150mg,13,Monsoon,2,9
2025-09-24,Diclofenac Gel 30g,6,Monsoon,2,9
2025-09-24,ORS (Orange Flavor),24,Monsoon,2,9
2025-09-24,Dolo 650mg,68,Monsoon,2,9
2025-09-24,Erythromycin 250mg,11,Monsoon,2,9
2025-09-24,Montelukast 10mg,5,Monsoon,2,9
2025-09-24,Carbamazepine 200mg,3,Monsoon,2,9
2025-09-25,Paracetamol 650mg,43,Monsoon,3,9
2025-09-25,Cetirizine 10mg,23,Monsoon,3,9
2025-09-25,Amoxicillin 500mg,35,Monsoon,3,9
2025-09-25,Insulin Glargine 100IU,2,Monsoon,3,9
2025-09-25,Salbutamol Inhaler,11,Monsoon,3,9
2025-09-25,Phenytoin 100mg,1,Monsoon,3,9
2025-09-25,ORS (Oral Rehydration),42,Monsoon,3,9
2025-09-25,Cough Syrup 100ml,11,Monsoon,3,9
2025-09-25,Pantoprazole 40mg,19,Monsoon,3,9
2025-09-25,Metformin 500mg,23,Monsoon,3,9
2025-09-25,Amlodipine 5mg,19,Monsoon,3,9
2025-09-25,Azithromycin 500mg,7,Monsoon,3,9
2025-09-25,Ibuprofen 400mg,10,Monsoon,3,9
2025-09-25,Zinc Tablets 20mg,22,Monsoon,3,9
2025-09-25,Multivitamin Complex,19,Monsoon,3,9
2025-09-25,Folic Acid 5mg,11,Monsoon,3,9
2025-09-25,Atorvastatin 10mg,10,Monsoon,3,9
2025-09-25,Levocetirizine 5mg,8,Monsoon,3,9
2025-09-25,Ranitidine 150mg,20,Monsoon,3,9
2025-09-25,Diclofenac Gel 30g,8,Monsoon,3,9
2025-09-25,ORS (Orange Flavor),21,Monsoon,3,9
2025-09-25,Dolo 650mg,46,Monsoon,3,9
2025-09-25,Erythromycin 250mg,10,Monsoon,3,9
2025-09-25,Montelukast 10mg,10,Monsoon,3,9
2025-09-25,Carbamazepine 200mg,3,Monsoon,3,9
2025-09-26,Paracetamol 650mg,48,Monsoon,4,9
2025-09-26,Cetirizine 10mg,26,Monsoon,4,9
2025-09-26,Amoxicillin 500mg,28,Monsoon,4,9
2025-09-26,Insulin Glargine 100IU,5,Monsoon,4,9
2025-09-26,Salbutamol Inhaler,6,Monsoon,4,9
2025-09-26,Phenytoin 100mg,1,Monsoon,4,9
2025-09-26,ORS (Oral Rehydration),22,Monsoon,4,9
2025-09-26,Cough Syrup 100ml,10,Monsoon,4,9
2025-09-26,Pantoprazole 40mg,13,Monsoon,4,9
2025-09-26,Metformin 500mg,18,Monsoon,4,9
2025-09-26,Amlodipine 5mg,14,Monsoon,4,9
2025-09-26,Azithromycin 500mg,3,Monsoon,4,9
2025-09-26,Ibuprofen 400mg,11,Monsoon,4,9
2025-09-26,Zinc Tablets 20mg,23,Monsoon,4,9
2025-09-26,Multivitamin Complex,12,Monsoon,4,9
2025-09-26,Folic Acid 5mg,19,Monsoon,4,9
2025-09-26,Atorvastatin 10mg,11,Monsoon,4,9
2025-09-26,Levocetirizine 5mg,10,Monsoon,4,9
2025-09-26,Ranitidine 150mg,15,Monsoon,4,9
2025-09-26,Diclofenac Gel 30g,3,Monsoon,4,9
2025-09-26,ORS (Orange Flavor),11,Monsoon,4,9
2025-09-26,Dolo 650mg,48,Monsoon,4,9
2025-09-26,Erythromycin 250mg,16,Monsoon,4,9
2025-09-26,Montelukast 10mg,5,Monsoon,4,9
2025-09-26,Carbamazepine 200mg,3,Monsoon,4,9
2025-09-27,Paracetamol 650mg,43,Monsoon,5,9
2025-09-27,Cetirizine 10mg,17,Monsoon,5,9
2025-09-27,Amoxicillin 500mg,27,Monsoon,5,9
2025-09-27,Insulin Glargine 100IU,6,Monsoon,5,9
2025-09-27,Salbutamol Inhaler,9,Monsoon,5,9
2025-09-27,Phenytoin 100mg,1,Monsoon,5,9
2025-09-27,ORS (Oral Rehydration),27,Monsoon,5,9
2025-09-27,Cough Syrup 100ml,14,Monsoon,5,9
2025-09-27,Pantoprazole 40mg,15,Monsoon,5,9
2025-09-27,Metformin 500mg,24,Monsoon,5,9
2025-09-27,Amlodipine 5mg,12,Monsoon,5,9
2025-09-27,Azithromycin 500mg,7,Monsoon,5,9
2025-09-27,Ibuprofen 400mg,13,Monsoon,5,9
2025-09-27,Zinc Tablets 20mg,19,Monsoon,5,9
2025-09-27,Multivitamin Complex,13,Monsoon,5,9
2025-09-27,Folic Acid 5mg,16,Monsoon,5,9
2025-09-27,Atorvastatin 10mg,21,Monsoon,5,9
2025-09-27,Levocetirizine 5mg,15,Monsoon,5,9
2025-09-27,Ranitidine 150mg,15,Monsoon,5,9
2025-09-27,Diclofenac Gel 30g,9,Monsoon,5,9
2025-09-27,ORS (Orange Flavor),13,Monsoon,5,9
2025-09-27,Dolo 650mg,59,Monsoon,5,9
2025-09-27,Erythromycin 250mg,12,Monsoon,5,9
2025-09-27,Montelukast 10mg,10,Monsoon,5,9
2025-09-27,Carbamazepine 200mg,3,Monsoon,5,9
2025-09-28,Paracetamol 650mg,44,Monsoon,6,9
2025-09-28,Cetirizine 10mg,19,Monsoon,6,9
2025-09-28,Amoxicillin 500mg,18,Monsoon,6,9
2025-09-28,Insulin Glargine 100IU,7,Monsoon,6,9
2025-09-28,Salbutamol Inhaler,7,Monsoon,6,9
2025-09-28,Phenytoin 100mg,4,Monsoon,6,9
2025-09-28,ORS (Oral Rehydration),26,Monsoon,6,9
2025-09-28,Cough Syrup 100ml,10,Monsoon,6,9
2025-09-28,Pantoprazole 40mg,23,Monsoon,6,9
2025-09-28,Metformin 500mg,16,Monsoon,6,9
2025-09-28,Amlodipine 5mg,12,Monsoon,6,9
2025-09-28,Azithromycin 500mg,6,Monsoon,6,9
2025-09-28,Ibuprofen 400mg,14,Monsoon,6,9
2025-09-28,Zinc Tablets 20mg,18,Monsoon,6,9
2025-09-28,Multivitamin Complex,9,Monsoon,6,9
2025-09-28,Folic Acid 5mg,6,Monsoon,6,9
2025-09-28,Atorvastatin 10mg,11,Monsoon,6,9
2025-09-28,Levocetirizine 5mg,10,Monsoon,6,9
2025-09-28,Ranitidine 150mg,22,Monsoon,6,9
2025-09-28,Diclofenac Gel 30g,10,Monsoon,6,9
2025-09-28,ORS (Orange Flavor),15,Monsoon,6,9
2025-09-28,Dolo 650mg,49,Monsoon,6,9
2025-09-28,Erythromycin 250mg,10,Monsoon,6,9
2025-09-28,Montelukast 10mg,13,Monsoon,6,9
2025-09-28,Carbamazepine 200mg,3,Monsoon,6,9
2025-09-29,Paracetamol 650mg,41,Monsoon,0,9
2025-09-29,Cetirizine 10mg,10,Monsoon,0,9
2025-09-29,Amoxicillin 500mg,21,Monsoon,0,9
2025-09-29,Insulin Glargine 100IU,3,Monsoon,0,9
2025-09-29,Salbutamol Inhaler,6,Monsoon,0,9
2025-09-29,Phenytoin 100mg,5,Monsoon,0,9
2025-09-29,ORS (Oral Rehydration),28,Monsoon,0,9
2025-09-29,Cough Syrup 100ml,6,Monsoon,0,9
2025-09-29,Pantoprazole 40mg,15,Monsoon,0,9
2025-09-29,Metformin 500mg,16,Monsoon,0,9
2025-09-29,Amlodipine 5mg,15,Monsoon,0,9
2025-09-29,Azithromycin 500mg,5,Monsoon,0,9
2025-09-29,Ibuprofen 400mg,13,Monsoon,0,9
2025-09-29,Zinc Tablets 20mg,21,Monsoon,0,9
2025-09-29,Multivitamin Complex,16,Monsoon,0,9
2025-09-29,Folic Acid 5mg,16,Monsoon,0,9
2025-09-29,Atorvastatin 10mg,10,Monsoon,0,9
2025-09-29,Levocetirizine 5mg,13,Monsoon,0,9
2025-09-29,Ranitidine 150mg,10,Monsoon,0,9
2025-09-29,Diclofenac Gel 30g,8,Monsoon,0,9
2025-09-29,ORS (Orange Flavor),16,Monsoon,0,9
2025-09-29,Dolo 650mg,59,Monsoon,0,9
2025-09-29,Erythromycin 250mg,8,Monsoon,0,9
2025-09-29,Montelukast 10mg,12,Monsoon,0,9
2025-09-29,Carbamazepine 200mg,3,Monsoon,0,9
2025-09-30,Paracetamol 650mg,30,Monsoon,1,9
2025-09-30,Cetirizine 10mg,15,Monsoon,1,9
2025-09-30,Amoxicillin 500mg,21,Monsoon,1,9
2025-09-30,Insulin Glargine 100IU,11,Monsoon,1,9
2025-09-30,Salbutamol Inhaler,4,Monsoon,1,9
2025-09-30,Phenytoin 100mg,3,Monsoon,1,9
2025-09-30,ORS (Oral Rehydration),23,Monsoon,1,9
2025-09-30,Cough Syrup 100ml,8,Monsoon,1,9
2025-09-30,Pantoprazole 40mg,18,Monsoon,1,9
2025-09-30,Metformin 500mg,14,Monsoon,1,9
2025-09-30,Amlodipine 5mg,11,Monsoon,1,9
2025-09-30,Azithromycin 500mg,12,Monsoon,1,9
2025-09-30,Ibuprofen 400mg,14,Monsoon,1,9
2025-09-30,Zinc Tablets 20mg,32,Monsoon,1,9
2025-09-30,Multivitamin Complex,7,Monsoon,1,9
2025-09-30,Folic Acid 5mg,18,Monsoon,1,9
2025-09-30,Atorvastatin 10mg,7,Monsoon,1,9
2025-09-30,Levocetirizine 5mg,11,Monsoon,1,9
2025-09-30,Ranitidine 150mg,20,Monsoon,1,9
2025-09-30,Diclofenac Gel 30g,8,Monsoon,1,9
2025-09-30,ORS (Orange Flavor),25,Monsoon,1,9
2025-09-30,Dolo 650mg,59,Monsoon,1,9
2025-09-30,Erythromycin 250mg,5,Monsoon,1,9
2025-09-30,Montelukast 10mg,14,Monsoon,1,9
2025-09-30,Carbamazepine 200mg,1,Monsoon,1,9
2025-10-01,Paracetamol 650mg,22,Winter,2,10
2025-10-01,Cetirizine 10mg,11,Winter,2,10
2025-10-01,Amoxicillin 500mg,16,Winter,2,10
2025-10-01,Insulin Glargine 100IU,2,Winter,2,10
2025-10-01,Salbutamol Inhaler,10,Winter,2,10
2025-10-01,Phenytoin 100mg,1,Winter,2,10
2025-10-01,ORS (Oral Rehydration),11,Winter,2,10
2025-10-01,Cough Syrup 100ml,29,Winter,2,10
2025-10-01,Pantoprazole 40mg,9,Winter,2,10
2025-10-01,Metformin 500mg,24,Winter,2,10
2025-10-01,Amlodipine 5mg,12,Winter,2,10
2025-10-01,Azithromycin 500mg,11,Winter,2,10
2025-10-01,Ibuprofen 400mg,7,Winter,2,10
2025-10-01,Zinc Tablets 20mg,10,Winter,2,10
2025-10-01,Multivitamin Complex,12,Winter,2,10
2025-10-01,Folic Acid 5mg,13,Winter,2,10
2025-10-01,Atorvastatin 10mg,11,Winter,2,10
2025-10-01,Levocetirizine 5mg,21,Winter,2,10
2025-10-01,Ranitidine 150mg,11,Winter,2,10
2025-10-01,Diclofenac Gel 30g,4,Winter,2,10
2025-10-01,ORS (Orange Flavor),6,Winter,2,10
2025-10-01,Dolo 650mg,24,Winter,2,10
2025-10-01,Erythromycin 250mg,7,Winter,2,10
2025-10-01,Montelukast 10mg,22,Winter,2,10
2025-10-01,Carbamazepine 200mg,1,Winter,2,10
2025-10-02,Paracetamol 650mg,25,Winter,3,10
2025-10-02,Cetirizine 10mg,21,Winter,3,10
2025-10-02,Amoxicillin 500mg,17,Winter,3,10
2025-10-02,Insulin Glargine 100IU,9,Winter,3,10
2025-10-02,Salbutamol Inhaler,7,Winter,3,10
2025-10-02,Phenytoin 100mg,2,Winter,3,10
2025-10-02,ORS (Oral Rehydration),9,Winter,3,10
2025-10-02,Cough Syrup 100ml,24,Winter,3,10
2025-10-02,Pantoprazole 40mg,10,Winter,3,10
2025-10-02,Metformin 500mg,18,Winter,3,10
2025-10-02,Amlodipine 5mg,16,Winter,3,10
2025-10-02,Azithromycin 500mg,15,Winter,3,10
2025-10-02,Ibuprofen 400mg,10,Winter,3,10
2025-10-02,Zinc Tablets 20mg,13,Winter,3,10
2025-10-02,Multivitamin Complex,18,Winter,3,10
2025-10-02,Folic Acid 5mg,20,Winter,3,10
2025-10-02,Atorvastatin 10mg,11,Winter,3,10
2025-10-02,Levocetirizine 5mg,15,Winter,3,10
2025-10-02,Ranitidine 150mg,10,Winter,3,10
2025-10-02,Diclofenac Gel 30g,4,Winter,3,10
2025-10-02,ORS (Orange Flavor),6,Winter,3,10
2025-10-02,Dolo 650mg,20,Winter,3,10
2025-10-02,Erythromycin 250mg,9,Winter,3,10
2025-10-02,Montelukast 10mg,11,Winter,3,10
2025-10-02,Carbamazepine 200mg,3,Winter,3,10
2025-10-03,Paracetamol 650mg,13,Winter,4,10
2025-10-03,Cetirizine 10mg,11,Winter,4,10
2025-10-03,Amoxicillin 500mg,15,Winter,4,10
2025-10-03,Insulin Glargine 100IU,8,Winter,4,10
2025-10-03,Salbutamol Inhaler,10,Winter,4,10
2025-10-03,Phenytoin 100mg,2,Winter,4,10
2025-10-03,ORS (Oral Rehydration),9,Winter,4,10
2025-10-03,Cough Syrup 100ml,27,Winter,4,10
2025-10-03,Pantoprazole 40mg,7,Winter,4,10
2025-10-03,Metformin 500mg,17,Winter,4,10
2025-10-03,Amlodipine 5mg,10,Winter,4,10
2025-10-03,Azithromycin 500mg,12,Winter,4,10
2025-10-03,Ibuprofen 400mg,3,Winter,4,10
2025-10-03,Zinc Tablets 20mg,12,Winter,4,10
2025-10-03,Multivitamin Complex,14,Winter,4,10
2025-10-03,Folic Acid 5mg,16,Winter,4,10
2025-10-03,Atorvastatin 10mg,6,Winter,4,10
2025-10-03,Levocetirizine 5mg,22,Winter,4,10
2025-10-03,Ranitidine 150mg,13,Winter,4,10
2025-10-03,Diclofenac Gel 30g,10,Winter,4,10
2025-10-03,ORS (Orange Flavor),8,Winter,4,10
2025-10-03,Dolo 650mg,25,Winter,4,10
2025-10-03,Erythromycin 250mg,10,Winter,4,10
2025-10-03,Montelukast 10mg,7,Winter,4,10
2025-10-03,Carbamazepine 200mg,4,Winter,4,10
2025-10-04,Paracetamol 650mg,12,Winter,5,10
2025-10-04,Cetirizine 10mg,11,Winter,5,10
2025-10-04,Amoxicillin 500mg,30,Winter,5,10
2025-10-04,Insulin Glargine 100IU,7,Winter,5,10
2025-10-04,Salbutamol Inhaler,16,Winter,5,10
2025-10-04,Phenytoin 100mg,1,Winter,5,10
2025-10-04,ORS (Oral Rehydration),14,Winter,5,10
2025-10-04,Cough Syrup 100ml,31,Winter,5,10
2025-10-04,Pantoprazole 40mg,15,Winter,5,10
2025-10-04,Metformin 500mg,19,Winter,5,10
2025-10-04,Amlodipine 5mg,22,Winter,5,10
2025-10-04,Azithromycin 500mg,17,Winter,5,10
2025-10-04,Ibuprofen 400mg,11,Winter,5,10
2025-10-04,Zinc Tablets 20mg,4,Winter,5,10
2025-10-04,Multivitamin Complex,12,Winter,5,10
2025-10-04,Folic Acid 5mg,21,Winter,5,10
2025-10-04,Atorvastatin 10mg,12,Winter,5,10
2025-10-04,Levocetirizine 5mg,15,Winter,5,10
2025-10-04,Ranitidine 150mg,15,Winter,5,10
2025-10-04,Diclofenac Gel 30g,10,Winter,5,10
2025-10-04,ORS (Orange Flavor),4,Winter,5,10
2025-10-04,Dolo 650mg,39,Winter,5,10
2025-10-04,Erythromycin 250mg,12,Winter,5,10
2025-10-04,Montelukast 10mg,9,Winter,5,10
2025-10-04,Carbamazepine 200mg,4,Winter,5,10
2025-10-05,Paracetamol 650mg,21,Winter,6,10
2025-10-05,Cetirizine 10mg,18,Winter,6,10
2025-10-05,Amoxicillin 500mg,19,Winter,6,10
2025-10-05,Insulin Glargine 100IU,5,Winter,6,10
2025-10-05,Salbutamol Inhaler,13,Winter,6,10
2025-10-05,Phenytoin 100mg,4,Winter,6,10
2025-10-05,ORS (Oral Rehydration),7,Winter,6,10
2025-10-05,Cough Syrup 100ml,25,Winter,6,10
2025-10-05,Pantoprazole 40mg,12,Winter,6,10
2025-10-05,Metformin 500mg,15,Winter,6,10
2025-10-05,Amlodipine 5mg,15,Winter,6,10
2025-10-05,Azithromycin 500mg,10,Winter,6,10
2025-10-05,Ibuprofen 400mg,13,Winter,6,10
2025-10-05,Zinc Tablets 20mg,7,Winter,6,10
2025-10-05,Multivitamin Complex,8,Winter,6,10
2025-10-05,Folic Acid 5mg,9,Winter,6,10
2025-10-05,Atorvastatin 10mg,14,Winter,6,10
2025-10-05,Levocetirizine 5mg,11,Winter,6,10
2025-10-05,Ranitidine 150mg,16,Winter,6,10
2025-10-05,Diclofenac Gel 30g,7,Winter,6,10
2025-10-05,ORS (Orange Flavor),9,Winter,6,10
2025-10-05,Dolo 650mg,17,Winter,6,10
2025-10-05,Erythromycin 250mg,9,Winter,6,10
2025-10-05,Montelukast 10mg,10,Winter,6,10
2025-10-05,Carbamazepine 200mg,3,Winter,6,10
2025-10-06,Paracetamol 650mg,16,Winter,0,10
2025-10-06,Cetirizine 10mg,10,Winter,0,10
2025-10-06,Amoxicillin 500mg,16,Winter,0,10
2025-10-06,Insulin Glargine 100IU,6,Winter,0,10
2025-10-06,Salbutamol Inhaler,9,Winter,0,10
2025-10-06,Phenytoin 100mg,3,Winter,0,10
2025-10-06,ORS (Oral Rehydration),5,Winter,0,10
2025-10-06,Cough Syrup 100ml,22,Winter,0,10
2025-10-06,Pantoprazole 40mg,7,Winter,0,10
2025-10-06,Metformin 500mg,18,Winter,0,10
2025-10-06,Amlodipine 5mg,17,Winter,0,10
2025-10-06,Azithromycin 500mg,19,Winter,0,10
2025-10-06,Ibuprofen 400mg,11,Winter,0,10
2025-10-06,Zinc Tablets 20mg,5,Winter,0,10
2025-10-06,Multivitamin Complex,8,Winter,0,10
2025-10-06,Folic Acid 5mg,17,Winter,0,10
2025-10-06,Atorvastatin 10mg,9,Winter,0,10
2025-10-06,Levocetirizine 5mg,17,Winter,0,10
2025-10-06,Ranitidine 150mg,17,Winter,0,10
2025-10-06,Diclofenac Gel 30g,4,Winter,0,10
2025-10-06,ORS (Orange Flavor),7,Winter,0,10
2025-10-06,Dolo 650mg,21,Winter,0,10
2025-10-06,Erythromycin 250mg,13,Winter,0,10
2025-10-06,Montelukast 10mg,14,Winter,0,10
2025-10-06,Carbamazepine 200mg,3,Winter,0,10
2025-10-07,Paracetamol 650mg,20,Winter,1,10
2025-10-07,Cetirizine 10mg,13,Winter,1,10
2025-10-07,Amoxicillin 500mg,12,Winter,1,10
2025-10-07,Insulin Glargine 100IU,8,Winter,1,10
2025-10-07,Salbutamol Inhaler,10,Winter,1,10
2025-10-07,Phenytoin 100mg,3,Winter,1,10
2025-10-07,ORS (Oral Rehydration),9,Winter,1,10
2025-10-07,Cough Syrup 100ml,29,Winter,1,10
2025-10-07,Pantoprazole 40mg,7,Winter,1,10
2025-10-07,Metformin 500mg,20,Winter,1,10
2025-10-07,Amlodipine 5mg,11,Winter,1,10
2025-10-07,Azithromycin 500mg,8,Winter,1,10
2025-10-07,Ibuprofen 400mg,7,Winter,1,10
2025-10-07,Zinc Tablets 20mg,12,Winter,1,10
2025-10-07,Multivitamin Complex,11,Winter,1,10
2025-10-07,Folic Acid 5mg,12,Winter,1,10
2025-10-07,Atorvastatin 10mg,9,Winter,1,10
2025-10-07,Levocetirizine 5mg,19,Winter,1,10
2025-10-07,Ranitidine 150mg,15,Winter,1,10
2025-10-07,Diclofenac Gel 30g,9,Winter,1,10
2025-10-07,ORS (Orange Flavor),3,Winter,1,10
2025-10-07,Dolo 650mg,21,Winter,1,10
2025-10-07,Erythromycin 250mg,11,Winter,1,10
2025-10-07,Montelukast 10mg,15,Winter,1,10
2025-10-07,Carbamazepine 200mg,6,Winter,1,10
2025-10-08,Paracetamol 650mg,13,Winter,2,10
2025-10-08,Cetirizine 10mg,11,Winter,2,10
2025-10-08,Amoxicillin 500mg,18,Winter,2,10
2025-10-08,Insulin Glargine 100IU,5,Winter,2,10
2025-10-08,Salbutamol Inhaler,7,Winter,2,10
2025-10-08,Phenytoin 100mg,2,Winter,2,10
2025-10-08,ORS (Oral Rehydration),5,Winter,2,10
2025-10-08,Cough Syrup 100ml,28,Winter,2,10
2025-10-08,Pantoprazole 40mg,9,Winter,2,10
2025-10-08,Metformin 500mg,20,Winter,2,10
2025-10-08,Amlodipine 5mg,12,Winter,2,10
2025-10-08,Azithromycin 500mg,8,Winter,2,10
2025-10-08,Ibuprofen 400mg,10,Winter,2,10
2025-10-08,Zinc Tablets 20mg,4,Winter,2,10
2025-10-08,Multivitamin Complex,11,Winter,2,10
2025-10-08,Folic Acid 5mg,11,Winter,2,10
2025-10-08,Atorvastatin 10mg,7,Winter,2,10
2025-10-08,Levocetirizine 5mg,15,Winter,2,10
2025-10-08,Ranitidine 150mg,18,Winter,2,10
2025-10-08,Diclofenac Gel 30g,8,Winter,2,10
2025-10-08,ORS (Orange Flavor),8,Winter,2,10
2025-10-08,Dolo 650mg,25,Winter,2,10
2025-10-08,Erythromycin 250mg,8,Winter,2,10
2025-10-08,Montelukast 10mg,21,Winter,2,10
2025-10-08,Carbamazepine 200mg,4,Winter,2,10
2025-10-09,Paracetamol 650mg,22,Winter,3,10
2025-10-09,Cetirizine 10mg,11,Winter,3,10
2025-10-09,Amoxicillin 500mg,15,Winter,3,10
2025-10-09,Insulin Glargine 100IU,3,Winter,3,10
2025-10-09,Salbutamol Inhaler,10,Winter,3,10
2025-10-09,Phenytoin 100mg,2,Winter,3,10
2025-10-09,ORS (Oral Rehydration),6,Winter,3,10
2025-10-09,Cough Syrup 100ml,25,Winter,3,10
2025-10-09,Pantoprazole 40mg,11,Winter,3,10
2025-10-09,Metformin 500mg,15,Winter,3,10
2025-10-09,Amlodipine 5mg,22,Winter,3,10
2025-10-09,Azithromycin 500mg,7,Winter,3,10
2025-10-09,Ibuprofen 400mg,9,Winter,3,10
2025-10-09,Zinc Tablets 20mg,10,Winter,3,10
2025-10-09,Multivitamin Complex,11,Winter,3,10
2025-10-09,Folic Acid 5mg,18,Winter,3,10
2025-10-09,Atorvastatin 10mg,7,Winter,3,10
2025-10-09,Levocetirizine 5mg,18,Winter,3,10
2025-10-09,Ranitidine 150mg,20,Winter,3,10
2025-10-09,Diclofenac Gel 30g,7,Winter,3,10
2025-10-09,ORS (Orange Flavor),6,Winter,3,10
2025-10-09,Dolo 650mg,35,Winter,3,10
2025-10-09,Erythromycin 250mg,9,Winter,3,10
2025-10-09,Montelukast 10mg,18,Winter,3,10
2025-10-09,Carbamazepine 200mg,3,Winter,3,10
2025-10-10,Paracetamol 650mg,20,Winter,4,10
2025-10-10,Cetirizine 10mg,18,Winter,4,10
2025-10-10,Amoxicillin 500mg,14,Winter,4,10
2025-10-10,Insulin Glargine 100IU,3,Winter,4,10
2025-10-10,Salbutamol Inhaler,10,Winter,4,10
2025-10-10,Phenytoin 100mg,5,Winter,4,10
2025-10-10,ORS (Oral Rehydration),7,Winter,4,10
2025-10-10,Cough Syrup 100ml,23,Winter,4,10
2025-10-10,Pantoprazole 40mg,9,Winter,4,10
2025-10-10,Metformin 500mg,18,Winter,4,10
2025-10-10,Amlodipine 5mg,21,Winter,4,10
2025-10-10,Azithromycin 500mg,10,Winter,4,10
2025-10-10,Ibuprofen 400mg,8,Winter,4,10
2025-10-10,Zinc Tablets 20mg,4,Winter,4,10
2025-10-10,Multivitamin Complex,11,Winter,4,10
2025-10-10,Folic Acid 5mg,16,Winter,4,10
2025-10-10,Atorvastatin 10mg,14,Winter,4,10
2025-10-10,Levocetirizine 5mg,8,Winter,4,10
2025-10-10,Ranitidine 150mg,10,Winter,4,10
2025-10-10,Diclofenac Gel 30g,7,Winter,4,10
2025-10-10,ORS (Orange Flavor),4,Winter,4,10
2025-10-10,Dolo 650mg,17,Winter,4,10
2025-10-10,Erythromycin 250mg,6,Winter,4,10
2025-10-10,Montelukast 10mg,21,Winter,4,10
2025-10-10,Carbamazepine 200mg,1,Winter,4,10
2025-10-11,Paracetamol 650mg,31,Winter,5,10
2025-10-11,Cetirizine 10mg,10,Winter,5,10
2025-10-11,Amoxicillin 500mg,17,Winter,5,10
2025-10-11,Insulin Glargine 100IU,10,Winter,5,10
2025-10-11,Salbutamol Inhaler,11,Winter,5,10
2025-10-11,Phenytoin 100mg,1,Winter,5,10
2025-10-11,ORS (Oral Rehydration),6,Winter,5,10
2025-10-11,Cough Syrup 100ml,28,Winter,5,10
2025-10-11,Pantoprazole 40mg,13,Winter,5,10
2025-10-11,Metformin 500mg,17,Winter,5,10
2025-10-11,Amlodipine 5mg,24,Winter,5,10
2025-10-11,Azithromycin 500mg,10,Winter,5,10
2025-10-11,Ibuprofen 400mg,10,Winter,5,10
2025-10-11,Zinc Tablets 20mg,7,Winter,5,10
2025-10-11,Multivitamin Complex,13,Winter,5,10
2025-10-11,Folic Acid 5mg,17,Winter,5,10
2025-10-11,Atorvastatin 10mg,15,Winter,5,10
2025-10-11,Levocetirizine 5mg,17,Winter,5,10
2025-10-11,Ranitidine 150mg,16,Winter,5,10
2025-10-11,Diclofenac Gel 30g,6,Winter,5,10
2025-10-11,ORS (Orange Flavor),7,Winter,5,10
2025-10-11,Dolo 650mg,18,Winter,5,10
2025-10-11,Erythromycin 250mg,11,Winter,5,10
2025-10-11,Montelukast 10mg,10,Winter,5,10
2025-10-11,Carbamazepine 200mg,3,Winter,5,10
2025-10-12,Paracetamol 650mg,17,Winter,6,10
2025-10-12,Cetirizine 10mg,23,Winter,6,10
2025-10-12,Amoxicillin 500mg,17,Winter,6,10
2025-10-12,Insulin Glargine 100IU,2,Winter,6,10
2025-10-12,Salbutamol Inhaler,11,Winter,6,10
2025-10-12,Phenytoin 100mg,2,Winter,6,10
2025-10-12,ORS (Oral Rehydration),7,Winter,6,10
2025-10-12,Cough Syrup 100ml,39,Winter,6,10
2025-10-12,Pantoprazole 40mg,11,Winter,6,10
2025-10-12,Metformin 500mg,12,Winter,6,10
2025-10-12,Amlodipine 5mg,24,Winter,6,10
2025-10-12,Azithromycin 500mg,13,Winter,6,10
2025-10-12,Ibuprofen 400mg,2,Winter,6,10
2025-10-12,Zinc Tablets 20mg,4,Winter,6,10
2025-10-12,Multivitamin Complex,18,Winter,6,10
2025-10-12,Folic Acid 5mg,15,Winter,6,10
2025-10-12,Atorvastatin 10mg,11,Winter,6,10
2025-10-12,Levocetirizine 5mg,14,Winter,6,10
2025-10-12,Ranitidine 150mg,13,Winter,6,10
2025-10-12,Diclofenac Gel 30g,10,Winter,6,10
2025-10-12,ORS (Orange Flavor),3,Winter,6,10
2025-10-12,Dolo 650mg,19,Winter,6,10
2025-10-12,Erythromycin 250mg,13,Winter,6,10
2025-10-12,Montelukast 10mg,9,Winter,6,10
2025-10-12,Carbamazepine 200mg,7,Winter,6,10
2025-10-13,Paracetamol 650mg,14,Winter,0,10
2025-10-13,Cetirizine 10mg,21,Winter,0,10
2025-10-13,Amoxicillin 500mg,15,Winter,0,10
2025-10-13,Insulin Glargine 100IU,8,Winter,0,10
2025-10-13,Salbutamol Inhaler,9,Winter,0,10
2025-10-13,Phenytoin 100mg,1,Winter,0,10
2025-10-13,ORS (Oral Rehydration),6,Winter,0,10
2025-10-13,Cough Syrup 100ml,41,Winter,0,10
2025-10-13,Pantoprazole 40mg,7,Winter,0,10
2025-10-13,Metformin 500mg,21,Winter,0,10
2025-10-13,Amlodipine 5mg,17,Winter,0,10
2025-10-13,Azithromycin 500mg,7,Winter,0,10
2025-10-13,Ibuprofen 400mg,7,Winter,0,10
2025-10-13,Zinc Tablets 20mg,9,Winter,0,10
2025-10-13,Multivitamin Complex,16,Winter,0,10
2025-10-13,Folic Acid 5mg,13,Winter,0,10
2025-10-13,Atorvastatin 10mg,12,Winter,0,10
2025-10-13,Levocetirizine 5mg,14,Winter,0,10
2025-10-13,Ranitidine 150mg,17,Winter,0,10
2025-10-13,Diclofenac Gel 30g,8,Winter,0,10
2025-10-13,ORS (Orange Flavor),5,Winter,0,10
2025-10-13,Dolo 650mg,21,Winter,0,10
2025-10-13,Erythromycin 250mg,11,Winter,0,10
2025-10-13,Montelukast 10mg,20,Winter,0,10
2025-10-13,Carbamazepine 200mg,3,Winter,0,10
2025-10-14,Paracetamol 650mg,19,Winter,1,10
2025-10-14,Cetirizine 10mg,10,Winter,1,10
2025-10-14,Amoxicillin 500mg,21,Winter,1,10
2025-10-14,Insulin Glargine 100IU,5,Winter,1,10
2025-10-14,Salbutamol Inhaler,10,Winter,1,10
2025-10-14,Phenytoin 100mg,3,Winter,1,10
2025-10-14,ORS (Oral Rehydration),10,Winter,1,10
2025-10-14,Cough Syrup 100ml,30,Winter,1,10
2025-10-14,Pantoprazole 40mg,11,Winter,1,10
2025-10-14,Metformin 500mg,14,Winter,1,10
2025-10-14,Amlodipine 5mg,15,Winter,1,10
2025-10-14,Azithromycin 500mg,12,Winter,1,10
2025-10-14,Ibuprofen 400mg,8,Winter,1,10
2025-10-14,Zinc Tablets 20mg,8,Winter,1,10
2025-10-14,Multivitamin Complex,13,Winter,1,10
2025-10-14,Folic Acid 5mg,18,Winter,1,10
2025-10-14,Atorvastatin 10mg,7,Winter,1,10
2025-10-14,Levocetirizine 5mg,15,Winter,1,10
2025-10-14,Ranitidine 150mg,12,Winter,1,10
2025-10-14,Diclofenac Gel 30g,3,Winter,1,10
2025-10-14,ORS (Orange Flavor),5,Winter,1,10
2025-10-14,Dolo 650mg,24,Winter,1,10
2025-10-14,Erythromycin 250mg,5,Winter,1,10
2025-10-14,Montelukast 10mg,11,Winter,1,10
2025-10-14,Carbamazepine 200mg,3,Winter,1,10
2025-10-15,Paracetamol 650mg,15,Winter,2,10
2025-10-15,Cetirizine 10mg,13,Winter,2,10
2025-10-15,Amoxicillin 500mg,12,Winter,2,10
2025-10-15,Insulin Glargine 100IU,7,Winter,2,10
2025-10-15,Salbutamol Inhaler,17,Winter,2,10
2025-10-15,Phenytoin 100mg,5,Winter,2,10
2025-10-15,ORS (Oral Rehydration),14,Winter,2,10
2025-10-15,Cough Syrup 100ml,26,Winter,2,10
2025-10-15,Pantoprazole 40mg,24,Winter,2,10
2025-10-15,Metformin 500mg,16,Winter,2,10
2025-10-15,Amlodipine 5mg,17,Winter,2,10
2025-10-15,Azithromycin 500mg,11,Winter,2,10
2025-10-15,Ibuprofen 400mg,7,Winter,2,10
2025-10-15,Zinc Tablets 20mg,6,Winter,2,10
2025-10-15,Multivitamin Complex,14,Winter,2,10
2025-10-15,Folic Acid 5mg,14,Winter,2,10
2025-10-15,Atorvastatin 10mg,7,Winter,2,10
2025-10-15,Levocetirizine 5mg,15,Winter,2,10
2025-10-15,Ranitidine 150mg,13,Winter,2,10
2025-10-15,Diclofenac Gel 30g,5,Winter,2,10
2025-10-15,ORS (Orange Flavor),6,Winter,2,10
2025-10-15,Dolo 650mg,24,Winter,2,10
2025-10-15,Erythromycin 250mg,8,Winter,2,10
2025-10-15,Montelukast 10mg,10,Winter,2,10
2025-10-15,Carbamazepine 200mg,6,Winter,2,10
2025-10-16,Paracetamol 650mg,26,Winter,3,10
2025-10-16,Cetirizine 10mg,13,Winter,3,10
2025-10-16,Amoxicillin 500mg,15,Winter,3,10
2025-10-16,Insulin Glargine 100IU,6,Winter,3,10
2025-10-16,Salbutamol Inhaler,15,Winter,3,10
2025-10-16,Phenytoin 100mg,4,Winter,3,10
2025-10-16,ORS (Oral Rehydration),8,Winter,3,10
2025-10-16,Cough Syrup 100ml,27,Winter,3,10
2025-10-16,Pantoprazole 40mg,10,Winter,3,10
2025-10-16,Metformin 500mg,19,Winter,3,10
2025-10-16,Amlodipine 5mg,14,Winter,3,10
2025-10-16,Azithromycin 500mg,15,Winter,3,10
2025-10-16,Ibuprofen 400mg,9,Winter,3,10
2025-10-16,Zinc Tablets 20mg,6,Winter,3,10
2025-10-16,Multivitamin Complex,9,Winter,3,10
2025-10-16,Folic Acid 5mg,14,Winter,3,10
2025-10-16,Atorvastatin 10mg,11,Winter,3,10
2025-10-16,Levocetirizine 5mg,12,Winter,3,10
2025-10-16,Ranitidine 150mg,14,Winter,3,10
2025-10-16,Diclofenac Gel 30g,2,Winter,3,10
2025-10-16,ORS (Orange Flavor),8,Winter,3,10
2025-10-16,Dolo 650mg,17,Winter,3,10
2025-10-16,Erythromycin 250mg,3,Winter,3,10
2025-10-16,Montelukast 10mg,17,Winter,3,10
2025-10-16,Carbamazepine 200mg,3,Winter,3,10
2025-10-17,Paracetamol 650mg,14,Winter,4,10
2025-10-17,Cetirizine 10mg,9,Winter,4,10
2025-10-17,Amoxicillin 500mg,17,Winter,4,10
2025-10-17,Insulin Glargine 100IU,9,Winter,4,10
2025-10-17,Salbutamol Inhaler,13,Winter,4,10
2025-10-17,Phenytoin 100mg,3,Winter,4,10
2025-10-17,ORS (Oral Rehydration),5,Winter,4,10
2025-10-17,Cough Syrup 100ml,22,Winter,4,10
2025-10-17,Pantoprazole 40mg,15,Winter,4,10
2025-10-17,Metformin 500mg,19,Winter,4,10
2025-10-17,Amlodipine 5mg,15,Winter,4,10
2025-10-17,Azithromycin 500mg,10,Winter,4,10
2025-10-17,Ibuprofen 400mg,5,Winter,4,10
2025-10-17,Zinc Tablets 20mg,16,Winter,4,10
2025-10-17,Multivitamin Complex,8,Winter,4,10
2025-10-17,Folic Acid 5mg,12,Winter,4,10
2025-10-17,Atorvastatin 10mg,13,Winter,4,10
2025-10-17,Levocetirizine 5mg,16,Winter,4,10
2025-10-17,Ranitidine 150mg,9,Winter,4,10
2025-10-17,Diclofenac Gel 30g,6,Winter,4,10
2025-10-17,ORS (Orange Flavor),5,Winter,4,10
2025-10-17,Dolo 650mg,23,Winter,4,10
2025-10-17,Erythromycin 250mg,9,Winter,4,10
2025-10-17,Montelukast 10mg,16,Winter,4,10
2025-10-17,Carbamazepine 200mg,5,Winter,4,10
2025-10-18,Paracetamol 650mg,21,Winter,5,10
2025-10-18,Cetirizine 10mg,8,Winter,5,10
2025-10-18,Amoxicillin 500mg,18,Winter,5,10
2025-10-18,Insulin Glargine 100IU,2,Winter,5,10
2025-10-18,Salbutamol Inhaler,8,Winter,5,10
2025-10-18,Phenytoin 100mg,3,Winter,5,10
2025-10-18,ORS (Oral Rehydration),5,Winter,5,10
2025-10-18,Cough Syrup 100ml,27,Winter,5,10
2025-10-18,Pantoprazole 40mg,13,Winter,5,10
2025-10-18,Metformin 500mg,14,Winter,5,10
2025-10-18,Amlodipine 5mg,19,Winter,5,10
2025-10-18,Azithromycin 500mg,17,Winter,5,10
2025-10-18,Ibuprofen 400mg,7,Winter,5,10
2025-10-18,Zinc Tablets 20mg,12,Winter,5,10
2025-10-18,Multivitamin Complex,17,Winter,5,10
2025-10-18,Folic Acid 5mg,19,Winter,5,10
2025-10-18,Atorvastatin 10mg,10,Winter,5,10
2025-10-18,Levocetirizine 5mg,13,Winter,5,10
2025-10-18,Ranitidine 150mg,18,Winter,5,10
2025-10-18,Diclofenac Gel 30g,5,Winter,5,10
2025-10-18,ORS (Orange Flavor),7,Winter,5,10
2025-10-18,Dolo 650mg,24,Winter,5,10
2025-10-18,Erythromycin 250mg,7,Winter,5,10
2025-10-18,Montelukast 10mg,13,Winter,5,10
2025-10-18,Carbamazepine 200mg,2,Winter,5,10
2025-10-19,Paracetamol 650mg,14,Winter,6,10
2025-10-19,Cetirizine 10mg,9,Winter,6,10
2025-10-19,Amoxicillin 500mg,15,Winter,6,10
2025-10-19,Insulin Glargine 100IU,4,Winter,6,10
2025-10-19,Salbutamol Inhaler,11,Winter,6,10
2025-10-19,Phenytoin 100mg,2,Winter,6,10
2025-10-19,ORS (Oral Rehydration),12,Winter,6,10
2025-10-19,Cough Syrup 100ml,27,Winter,6,10
2025-10-19,Pantoprazole 40mg,12,Winter,6,10
2025-10-19,Metformin 500mg,20,Winter,6,10
2025-10-19,Amlodipine 5mg,17,Winter,6,10
2025-10-19,Azithromycin 500mg,8,Winter,6,10
2025-10-19,Ibuprofen 400mg,10,Winter,6,10
2025-10-19,Zinc Tablets 20mg,10,Winter,6,10
2025-10-19,Multivitamin Complex,12,Winter,6,10
2025-10-19,Folic Acid 5mg,22,Winter,6,10
2025-10-19,Atorvastatin 10mg,7,Winter,6,10
2025-10-19,Levocetirizine 5mg,13,Winter,6,10
2025-10-19,Ranitidine 150mg,15,Winter,6,10
2025-10-19,Diclofenac Gel 30g,2,Winter,6,10
2025-10-19,ORS (Orange Flavor),9,Winter,6,10
2025-10-19,Dolo 650mg,30,Winter,6,10
2025-10-19,Erythromycin 250mg,5,Winter,6,10
2025-10-19,Montelukast 10mg,12,Winter,6,10
2025-10-19,Carbamazepine 200mg,8,Winter,6,10
2025-10-20,Paracetamol 650mg,21,Winter,0,10
2025-10-20,Cetirizine 10mg,11,Winter,0,10
2025-10-20,Amoxicillin 500mg,23,Winter,0,10
2025-10-20,Insulin Glargine 100IU,11,Winter,0,10
2025-10-20,Salbutamol Inhaler,11,Winter,0,10
2025-10-20,Phenytoin 100mg,1,Winter,0,10
2025-10-20,ORS (Oral Rehydration),7,Winter,0,10
2025-10-20,Cough Syrup 100ml,23,Winter,0,10
2025-10-20,Pantoprazole 40mg,7,Winter,0,10
2025-10-20,Metformin 500mg,19,Winter,0,10
2025-10-20,Amlodipine 5mg,14,Winter,0,10
2025-10-20,Azithromycin 500mg,10,Winter,0,10
2025-10-20,Ibuprofen 400mg,9,Winter,0,10
2025-10-20,Zinc Tablets 20mg,10,Winter,0,10
2025-10-20,Multivitamin Complex,21,Winter,0,10
2025-10-20,Folic Acid 5mg,19,Winter,0,10
2025-10-20,Atorvastatin 10mg,9,Winter,0,10
2025-10-20,Levocetirizine 5mg,17,Winter,0,10
2025-10-20,Ranitidine 150mg,16,Winter,0,10
2025-10-20,Diclofenac Gel 30g,5,Winter,0,10
2025-10-20,ORS (Orange Flavor),6,Winter,0,10
2025-10-20,Dolo 650mg,18,Winter,0,10
2025-10-20,Erythromycin 250mg,4,Winter,0,10
2025-10-20,Montelukast 10mg,19,Winter,0,10
2025-10-20,Carbamazepine 200mg,6,Winter,0,10
2025-10-21,Paracetamol 650mg,24,Winter,1,10
2025-10-21,Cetirizine 10mg,24,Winter,1,10
2025-10-21,Amoxicillin 500mg,15,Winter,1,10
2025-10-21,Insulin Glargine 100IU,6,Winter,1,10
2025-10-21,Salbutamol Inhaler,9,Winter,1,10
2025-10-21,Phenytoin 100mg,3,Winter,1,10
2025-10-21,ORS (Oral Rehydration),9,Winter,1,10
2025-10-21,Cough Syrup 100ml,39,Winter,1,10
2025-10-21,Pantoprazole 40mg,14,Winter,1,10
2025-10-21,Metformin 500mg,21,Winter,1,10
2025-10-21,Amlodipine 5mg,13,Winter,1,10
2025-10-21,Azithromycin 500mg,14,Winter,1,10
2025-10-21,Ibuprofen 400mg,9,Winter,1,10
2025-10-21,Zinc Tablets 20mg,6,Winter,1,10
2025-10-21,Multivitamin Complex,10,Winter,1,10
2025-10-21,Folic Acid 5mg,18,Winter,1,10
2025-10-21,Atorvastatin 10mg,6,Winter,1,10
2025-10-21,Levocetirizine 5mg,13,Winter,1,10
2025-10-21,Ranitidine 150mg,13,Winter,1,10
2025-10-21,Diclofenac Gel 30g,5,Winter,1,10
2025-10-21,ORS (Orange Flavor),9,Winter,1,10
2025-10-21,Dolo 650mg,18,Winter,1,10
2025-10-21,Erythromycin 250mg,9,Winter,1,10
2025-10-21,Montelukast 10mg,6,Winter,1,10
2025-10-21,Carbamazepine 200mg,4,Winter,1,10
2025-10-22,Paracetamol 650mg,23,Winter,2,10
2025-10-22,Cetirizine 10mg,16,Winter,2,10
2025-10-22,Amoxicillin 500mg,13,Winter,2,10
2025-10-22,Insulin Glargine 100IU,2,Winter,2,10
2025-10-22,Salbutamol Inhaler,9,Winter,2,10
2025-10-22,Phenytoin 100mg,4,Winter,2,10
2025-10-22,ORS (Oral Rehydration),5,Winter,2,10
2025-10-22,Cough Syrup 100ml,21,Winter,2,10
2025-10-22,Pantoprazole 40mg,14,Winter,2,10
2025-10-22,Metformin 500mg,18,Winter,2,10
2025-10-22,Amlodipine 5mg,19,Winter,2,10
2025-10-22,Azithromycin 500mg,10,Winter,2,10
2025-10-22,Ibuprofen 400mg,6,Winter,2,10
2025-10-22,Zinc Tablets 20mg,7,Winter,2,10
2025-10-22,Multivitamin Complex,12,Winter,2,10
2025-10-22,Folic Acid 5mg,15,Winter,2,10
2025-10-22,Atorvastatin 10mg,6,Winter,2,10
2025-10-22,Levocetirizine 5mg,18,Winter,2,10
2025-10-22,Ranitidine 150mg,12,Winter,2,10
2025-10-22,Diclofenac Gel 30g,7,Winter,2,10
2025-10-22,ORS (Orange Flavor),11,Winter,2,10
2025-10-22,Dolo 650mg,16,Winter,2,10
2025-10-22,Erythromycin 250mg,10,Winter,2,10
2025-10-22,Montelukast 10mg,9,Winter,2,10
2025-10-22,Carbamazepine 200mg,2,Winter,2,10
2025-10-23,Paracetamol 650mg,19,Winter,3,10
2025-10-23,Cetirizine 10mg,15,Winter,3,10
2025-10-23,Amoxicillin 500mg,18,Winter,3,10
2025-10-23,Insulin Glargine 100IU,5,Winter,3,10
2025-10-23,Salbutamol Inhaler,12,Winter,3,10
2025-10-23,Phenytoin 100mg,2,Winter,3,10
2025-10-23,ORS (Oral Rehydration),6,Winter,3,10
2025-10-23,Cough Syrup 100ml,25,Winter,3,10
2025-10-23,Pantoprazole 40mg,11,Winter,3,10
2025-10-23,Metformin 500mg,21,Winter,3,10
2025-10-23,Amlodipine 5mg,9,Winter,3,10
2025-10-23,Azithromycin 500mg,15,Winter,3,10
2025-10-23,Ibuprofen 400mg,5,Winter,3,10
2025-10-23,Zinc Tablets 20mg,9,Winter,3,10
2025-10-23,Multivitamin Complex,4,Winter,3,10
2025-10-23,Folic Acid 5mg,14,Winter,3,10
2025-10-23,Atorvastatin 10mg,10,Winter,3,10
2025-10-23,Levocetirizine 5mg,15,Winter,3,10
2025-10-23,Ranitidine 150mg,13,Winter,3,10
2025-10-23,Diclofenac Gel 30g,12,Winter,3,10
2025-10-23,ORS (Orange Flavor),13,Winter,3,10
2025-10-23,Dolo 650mg,21,Winter,3,10
2025-10-23,Erythromycin 250mg,8,Winter,3,10
2025-10-23,Montelukast 10mg,15,Winter,3,10
2025-10-23,Carbamazepine 200mg,2,Winter,3,10
2025-10-24,Paracetamol 650mg,23,Winter,4,10
2025-10-24,Cetirizine 10mg,7,Winter,4,10
2025-10-24,Amoxicillin 500mg,16,Winter,4,10
2025-10-24,Insulin Glargine 100IU,4,Winter,4,10
2025-10-24,Salbutamol Inhaler,7,Winter,4,10
2025-10-24,Phenytoin 100mg,6,Winter,4,10
2025-10-24,ORS (Oral Rehydration),7,Winter,4,10
2025-10-24,Cough Syrup 100ml,36,Winter,4,10
2025-10-24,Pantoprazole 40mg,14,Winter,4,10
2025-10-24,Metformin 500mg,20,Winter,4,10
2025-10-24,Amlodipine 5mg,13,Winter,4,10
2025-10-24,Azithromycin 500mg,7,Winter,4,10
2025-10-24,Ibuprofen 400mg,12,Winter,4,10
2025-10-24,Zinc Tablets 20mg,9,Winter,4,10
2025-10-24,Multivitamin Complex,17,Winter,4,10
2025-10-24,Folic Acid 5mg,20,Winter,4,10
2025-10-24,Atorvastatin 10mg,11,Winter,4,10
2025-10-24,Levocetirizine 5mg,12,Winter,4,10
2025-10-24,Ranitidine 150mg,15,Winter,4,10
2025-10-24,Diclofenac Gel 30g,3,Winter,4,10
2025-10-24,ORS (Orange Flavor),7,Winter,4,10
2025-10-24,Dolo 650mg,22,Winter,4,10
2025-10-24,Erythromycin 250mg,7,Winter,4,10
2025-10-24,Montelukast 10mg,13,Winter,4,10
2025-10-24,Carbamazepine 200mg,5,Winter,4,10
2025-10-25,Paracetamol 650mg,15,Winter,5,10
2025-10-25,Cetirizine 10mg,10,Winter,5,10
2025-10-25,Amoxicillin 500mg,15,Winter,5,10
2025-10-25,Insulin Glargine 100IU,6,Winter,5,10
2025-10-25,Salbutamol Inhaler,14,Winter,5,10
2025-10-25,Phenytoin 100mg,2,Winter,5,10
2025-10-25,ORS (Oral Rehydration),9,Winter,5,10
2025-10-25,Cough Syrup 100ml,23,Winter,5,10
2025-10-25,Pantoprazole 40mg,10,Winter,5,10
2025-10-25,Metformin 500mg,19,Winter,5,10
2025-10-25,Amlodipine 5mg,17,Winter,5,10
2025-10-25,Azithromycin 500mg,15,Winter,5,10
2025-10-25,Ibuprofen 400mg,6,Winter,5,10
2025-10-25,Zinc Tablets 20mg,13,Winter,5,10
2025-10-25,Multivitamin Complex,8,Winter,5,10
2025-10-25,Folic Acid 5mg,15,Winter,5,10
2025-10-25,Atorvastatin 10mg,11,Winter,5,10
2025-10-25,Levocetirizine 5mg,20,Winter,5,10
2025-10-25,Ranitidine 150mg,15,Winter,5,10
2025-10-25,Diclofenac Gel 30g,12,Winter,5,10
2025-10-25,ORS (Orange Flavor),14,Winter,5,10
2025-10-25,Dolo 650mg,28,Winter,5,10
2025-10-25,Erythromycin 250mg,9,Winter,5,10
2025-10-25,Montelukast 10mg,9,Winter,5,10
2025-10-25,Carbamazepine 200mg,3,Winter,5,10
2025-10-26,Paracetamol 650mg,22,Winter,6,10
2025-10-26,Cetirizine 10mg,14,Winter,6,10
2025-10-26,Amoxicillin 500mg,19,Winter,6,10
2025-10-26,Insulin Glargine 100IU,8,Winter,6,10
2025-10-26,Salbutamol Inhaler,12,Winter,6,10
2025-10-26,Phenytoin 100mg,7,Winter,6,10
2025-10-26,ORS (Oral Rehydration),9,Winter,6,10
2025-10-26,Cough Syrup 100ml,32,Winter,6,10
2025-10-26,Pantoprazole 40mg,3,Winter,6,10
2025-10-26,Metformin 500mg,22,Winter,6,10
2025-10-26,Amlodipine 5mg,21,Winter,6,10
2025-10-26,Azithromycin 500mg,6,Winter,6,10
2025-10-26,Ibuprofen 400mg,10,Winter,6,10
2025-10-26,Zinc Tablets 20mg,5,Winter,6,10
2025-10-26,Multivitamin Complex,12,Winter,6,10
2025-10-26,Folic Acid 5mg,21,Winter,6,10
2025-10-26,Atorvastatin 10mg,11,Winter,6,10
2025-10-26,Levocetirizine 5mg,13,Winter,6,10
2025-10-26,Ranitidine 150mg,13,Winter,6,10
2025-10-26,Diclofenac Gel 30g,7,Winter,6,10
2025-10-26,ORS (Orange Flavor),11,Winter,6,10
2025-10-26,Dolo 650mg,18,Winter,6,10
2025-10-26,Erythromycin 250mg,5,Winter,6,10
2025-10-26,Montelukast 10mg,18,Winter,6,10
2025-10-26,Carbamazepine 200mg,3,Winter,6,10
2025-10-27,Paracetamol 650mg,19,Winter,0,10
2025-10-27,Cetirizine 10mg,11,Winter,0,10
2025-10-27,Amoxicillin 500mg,16,Winter,0,10
2025-10-27,Insulin Glargine 100IU,5,Winter,0,10
2025-10-27,Salbutamol Inhaler,11,Winter,0,10
2025-10-27,Phenytoin 100mg,1,Winter,0,10
2025-10-27,ORS (Oral Rehydration),10,Winter,0,10
2025-10-27,Cough Syrup 100ml,33,Winter,0,10
2025-10-27,Pantoprazole 40mg,9,Winter,0,10
2025-10-27,Metformin 500mg,18,Winter,0,10
2025-10-27,Amlodipine 5mg,21,Winter,0,10
2025-10-27,Azithromycin 500mg,10,Winter,0,10
2025-10-27,Ibuprofen 400mg,10,Winter,0,10
2025-10-27,Zinc Tablets 20mg,9,Winter,0,10
2025-10-27,Multivitamin Complex,22,Winter,0,10
2025-10-27,Folic Acid 5mg,15,Winter,0,10
2025-10-27,Atorvastatin 10mg,8,Winter,0,10
2025-10-27,Levocetirizine 5mg,15,Winter,0,10
2025-10-27,Ranitidine 150mg,13,Winter,0,10
2025-10-27,Diclofenac Gel 30g,2,Winter,0,10
2025-10-27,ORS (Orange Flavor),8,Winter,0,10
2025-10-27,Dolo 650mg,24,Winter,0,10
2025-10-27,Erythromycin 250mg,8,Winter,0,10
2025-10-27,Montelukast 10mg,10,Winter,0,10
2025-10-27,Carbamazepine 200mg,9,Winter,0,10
2025-10-28,Paracetamol 650mg,19,Winter,1,10
2025-10-28,Cetirizine 10mg,14,Winter,1,10
2025-10-28,Amoxicillin 500mg,17,Winter,1,10
2025-10-28,Insulin Glargine 100IU,5,Winter,1,10
2025-10-28,Salbutamol Inhaler,12,Winter,1,10
2025-10-28,Phenytoin 100mg,2,Winter,1,10
2025-10-28,ORS (Oral Rehydration),8,Winter,1,10
2025-10-28,Cough Syrup 100ml,32,Winter,1,10
2025-10-28,Pantoprazole 40mg,13,Winter,1,10
2025-10-28,Metformin 500mg,17,Winter,1,10
2025-10-28,Amlodipine 5mg,15,Winter,1,10
2025-10-28,Azithromycin 500mg,13,Winter,1,10
2025-10-28,Ibuprofen 400mg,5,Winter,1,10
2025-10-28,Zinc Tablets 20mg,3,Winter,1,10
2025-10-28,Multivitamin Complex,6,Winter,1,10
2025-10-28,Folic Acid 5mg,14,Winter,1,10
2025-10-28,Atorvastatin 10mg,2,Winter,1,10
2025-10-28,Levocetirizine 5mg,13,Winter,1,10
2025-10-28,Ranitidine 150mg,17,Winter,1,10
2025-10-28,Diclofenac Gel 30g,10,Winter,1,10
2025-10-28,ORS (Orange Flavor),6,Winter,1,10
2025-10-28,Dolo 650mg,25,Winter,1,10
2025-10-28,Erythromycin 250mg,8,Winter,1,10
2025-10-28,Montelukast 10mg,11,Winter,1,10
2025-10-28,Carbamazepine 200mg,3,Winter,1,10
2025-10-29,Paracetamol 650mg,16,Winter,2,10
2025-10-29,Cetirizine 10mg,12,Winter,2,10
2025-10-29,Amoxicillin 500mg,20,Winter,2,10
2025-10-29,Insulin Glargine 100IU,5,Winter,2,10
2025-10-29,Salbutamol Inhaler,13,Winter,2,10
2025-10-29,Phenytoin 100mg,4,Winter,2,10
2025-10-29,ORS (Oral Rehydration),5,Winter,2,10
2025-10-29,Cough Syrup 100ml,30,Winter,2,10
2025-10-29,Pantoprazole 40mg,9,Winter,2,10
2025-10-29,Metformin 500mg,21,Winter,2,10
2025-10-29,Amlodipine 5mg,17,Winter,2,10
2025-10-29,Azithromycin 500mg,17,Winter,2,10
2025-10-29,Ibuprofen 400mg,7,Winter,2,10
2025-10-29,Zinc Tablets 20mg,7,Winter,2,10
2025-10-29,Multivitamin Complex,12,Winter,2,10
2025-10-29,Folic Acid 5mg,8,Winter,2,10
2025-10-29,Atorvastatin 10mg,11,Winter,2,10
2025-10-29,Levocetirizine 5mg,12,Winter,2,10
2025-10-29,Ranitidine 150mg,12,Winter,2,10
2025-10-29,Diclofenac Gel 30g,5,Winter,2,10
2025-10-29,ORS (Orange Flavor),9,Winter,2,10
2025-10-29,Dolo 650mg,30,Winter,2,10
2025-10-29,Erythromycin 250mg,6,Winter,2,10
2025-10-29,Montelukast 10mg,13,Winter,2,10
2025-10-29,Carbamazepine 200mg,5,Winter,2,10
2025-10-30,Paracetamol 650mg,23,Winter,3,10
2025-10-30,Cetirizine 10mg,16,Winter,3,10
2025-10-30,Amoxicillin 500mg,15,Winter,3,10
2025-10-30,Insulin Glargine 100IU,2,Winter,3,10
2025-10-30,Salbutamol Inhaler,16,Winter,3,10
2025-10-30,Phenytoin 100mg,1,Winter,3,10
2025-10-30,ORS (Oral Rehydration),6,Winter,3,10
2025-10-30,Cough Syrup 100ml,26,Winter,3,10
2025-10-30,Pantoprazole 40mg,7,Winter,3,10
2025-10-30,Metformin 500mg,12,Winter,3,10
2025-10-30,Amlodipine 5mg,13,Winter,3,10
2025-10-30,Azithromycin 500mg,12,Winter,3,10
2025-10-30,Ibuprofen 400mg,8,Winter,3,10
2025-10-30,Zinc Tablets 20mg,9,Winter,3,10
2025-10-30,Multivitamin Complex,17,Winter,3,10
2025-10-30,Folic Acid 5mg,7,Winter,3,10
2025-10-30,Atorvastatin 10mg,12,Winter,3,10
2025-10-30,Levocetirizine 5mg,16,Winter,3,10
2025-10-30,Ranitidine 150mg,10,Winter,3,10
2025-10-30,Diclofenac Gel 30g,7,Winter,3,10
2025-10-30,ORS (Orange Flavor),4,Winter,3,10
2025-10-30,Dolo 650mg,29,Winter,3,10
2025-10-30,Erythromycin 250mg,15,Winter,3,10
2025-10-30,Montelukast 10mg,14,Winter,3,10
2025-10-30,Carbamazepine 200mg,4,Winter,3,10
2025-10-31,Paracetamol 650mg,16,Winter,4,10
2025-10-31,Cetirizine 10mg,5,Winter,4,10
2025-10-31,Amoxicillin 500mg,17,Winter,4,10
2025-10-31,Insulin Glargine 100IU,3,Winter,4,10
2025-10-31,Salbutamol Inhaler,9,Winter,4,10
2025-10-31,Phenytoin 100mg,1,Winter,4,10
2025-10-31,ORS (Oral Rehydration),4,Winter,4,10
2025-10-31,Cough Syrup 100ml,30,Winter,4,10
2025-10-31,Pantoprazole 40mg,12,Winter,4,10
2025-10-31,Metformin 500mg,10,Winter,4,10
2025-10-31,Amlodipine 5mg,12,Winter,4,10
2025-10-31,Azithromycin 500mg,9,Winter,4,10
2025-10-31,Ibuprofen 400mg,11,Winter,4,10
2025-10-31,Zinc Tablets 20mg,8,Winter,4,10
2025-10-31,Multivitamin Complex,9,Winter,4,10
2025-10-31,Folic Acid 5mg,10,Winter,4,10
2025-10-31,Atorvastatin 10mg,7,Winter,4,10
2025-10-31,Levocetirizine 5mg,23,Winter,4,10
2025-10-31,Ranitidine 150mg,9,Winter,4,10
2025-10-31,Diclofenac Gel 30g,5,Winter,4,10
2025-10-31,ORS (Orange Flavor),8,Winter,4,10
2025-10-31,Dolo 650mg,24,Winter,4,10
2025-10-31,Erythromycin 250mg,13,Winter,4,10
2025-10-31,Montelukast 10mg,14,Winter,4,10
2025-10-31,Carbamazepine 200mg,1,Winter,4,10
2025-11-01,Paracetamol 650mg,21,Winter,5,11
2025-11-01,Cetirizine 10mg,17,Winter,5,11
2025-11-01,Amoxicillin 500mg,15,Winter,5,11
2025-11-01,Insulin Glargine 100IU,13,Winter,5,11
2025-11-01,Salbutamol Inhaler,12,Winter,5,11
2025-11-01,Phenytoin 100mg,4,Winter,5,11
2025-11-01,ORS (Oral Rehydration),9,Winter,5,11
2025-11-01,Cough Syrup 100ml,21,Winter,5,11
2025-11-01,Pantoprazole 40mg,15,Winter,5,11
2025-11-01,Metformin 500mg,14,Winter,5,11
2025-11-01,Amlodipine 5mg,17,Winter,5,11
2025-11-01,Azithromycin 500mg,12,Winter,5,11
2025-11-01,Ibuprofen 400mg,5,Winter,5,11
2025-11-01,Zinc Tablets 20mg,6,Winter,5,11
2025-11-01,Multivitamin Complex,13,Winter,5,11
2025-11-01,Folic Acid 5mg,16,Winter,5,11
2025-11-01,Atorvastatin 10mg,11,Winter,5,11
2025-11-01,Levocetirizine 5mg,23,Winter,5,11
2025-11-01,Ranitidine 150mg,18,Winter,5,11
2025-11-01,Diclofenac Gel 30g,5,Winter,5,11
2025-11-01,ORS (Orange Flavor),4,Winter,5,11
2025-11-01,Dolo 650mg,19,Winter,5,11
2025-11-01,Erythromycin 250mg,10,Winter,5,11
2025-11-01,Montelukast 10mg,15,Winter,5,11
2025-11-01,Carbamazepine 200mg,3,Winter,5,11
2025-11-02,Paracetamol 650mg,24,Winter,6,11
2025-11-02,Cetirizine 10mg,13,Winter,6,11
2025-11-02,Amoxicillin 500mg,19,Winter,6,11
2025-11-02,Insulin Glargine 100IU,6,Winter,6,11
2025-11-02,Salbutamol Inhaler,13,Winter,6,11
2025-11-02,Phenytoin 100mg,3,Winter,6,11
2025-11-02,ORS (Oral Rehydration),10,Winter,6,11
2025-11-02,Cough Syrup 100ml,28,Winter,6,11
2025-11-02,Pantoprazole 40mg,10,Winter,6,11
2025-11-02,Metformin 500mg,21,Winter,6,11
2025-11-02,Amlodipine 5mg,11,Winter,6,11
2025-11-02,Azithromycin 500mg,12,Winter,6,11
2025-11-02,Ibuprofen 400mg,9,Winter,6,11
2025-11-02,Zinc Tablets 20mg,8,Winter,6,11
2025-11-02,Multivitamin Complex,16,Winter,6,11
2025-11-02,Folic Acid 5mg,21,Winter,6,11
2025-11-02,Atorvastatin 10mg,13,Winter,6,11
2025-11-02,Levocetirizine 5mg,8,Winter,6,11
2025-11-02,Ranitidine 150mg,16,Winter,6,11
2025-11-02,Diclofenac Gel 30g,7,Winter,6,11
2025-11-02,ORS (Orange Flavor),9,Winter,6,11
2025-11-02,Dolo 650mg,25,Winter,6,11
2025-11-02,Erythromycin 250mg,4,Winter,6,11
2025-11-02,Montelukast 10mg,15,Winter,6,11
2025-11-02,Carbamazepine 200mg,6,Winter,6,11
2025-11-03,Paracetamol 650mg,16,Winter,0,11
2025-11-03,Cetirizine 10mg,14,Winter,0,11
2025-11-03,Amoxicillin 500mg,7,Winter,0,11
2025-11-03,Insulin Glargine 100IU,2,Winter,0,11
2025-11-03,Salbutamol Inhaler,14,Winter,0,11
2025-11-03,Phenytoin 100mg,3,Winter,0,11
2025-11-03,ORS (Oral Rehydration),8,Winter,0,11
2025-11-03,Cough Syrup 100ml,27,Winter,0,11
2025-11-03,Pantoprazole 40mg,11,Winter,0,11
2025-11-03,Metformin 500mg,21,Winter,0,11
2025-11-03,Amlodipine 5mg,17,Winter,0,11
2025-11-03,Azithromycin 500mg,11,Winter,0,11
2025-11-03,Ibuprofen 400mg,9,Winter,0,11
2025-11-03,Zinc Tablets 20mg,7,Winter,0,11
2025-11-03,Multivitamin Complex,17,Winter,0,11
2025-11-03,Folic Acid 5mg,20,Winter,0,11
2025-11-03,Atorvastatin 10mg,7,Winter,0,11
2025-11-03,Levocetirizine 5mg,15,Winter,0,11
2025-11-03,Ranitidine 150mg,22,Winter,0,11
2025-11-03,Diclofenac Gel 30g,4,Winter,0,11
2025-11-03,ORS (Orange Flavor),5,Winter,0,11
2025-11-03,Dolo 650mg,26,Winter,0,11
2025-11-03,Erythromycin 250mg,9,Winter,0,11
2025-11-03,Montelukast 10mg,10,Winter,0,11
2025-11-03,Carbamazepine 200mg,6,Winter,0,11
2025-11-04,Paracetamol 650mg,25,Winter,1,11
2025-11-04,Cetirizine 10mg,14,Winter,1,11
2025-11-04,Amoxicillin 500mg,15,Winter,1,11
2025-11-04,Insulin Glargine 100IU,7,Winter,1,11
2025-11-04,Salbutamol Inhaler,10,Winter,1,11
2025-11-04,Phenytoin 100mg,3,Winter,1,11
2025-11-04,ORS (Oral Rehydration),12,Winter,1,11
2025-11-04,Cough Syrup 100ml,20,Winter,1,11
2025-11-04,Pantoprazole 40mg,9,Winter,1,11
2025-11-04,Metformin 500mg,14,Winter,1,11
2025-11-04,Amlodipine 5mg,12,Winter,1,11
2025-11-04,Azithromycin 500mg,9,Winter,1,11
2025-11-04,Ibuprofen 400mg,7,Winter,1,11
2025-11-04,Zinc Tablets 20mg,11,Winter,1,11
2025-11-04,Multivitamin Complex,7,Winter,1,11
2025-11-04,Folic Acid 5mg,21,Winter,1,11
2025-11-04,Atorvastatin 10mg,13,Winter,1,11
2025-11-04,Levocetirizine 5mg,9,Winter,1,11
2025-11-04,Ranitidine 150mg,15,Winter,1,11
2025-11-04,Diclofenac Gel 30g,6,Winter,1,11
2025-11-04,ORS (Orange Flavor),5,Winter,1,11
2025-11-04,Dolo 650mg,22,Winter,1,11
2025-11-04,Erythromycin 250mg,5,Winter,1,11
2025-11-04,Montelukast 10mg,13,Winter,1,11
2025-11-04,Carbamazepine 200mg,5,Winter,1,11
2025-11-05,Paracetamol 650mg,19,Winter,2,11
2025-11-05,Cetirizine 10mg,11,Winter,2,11
2025-11-05,Amoxicillin 500mg,14,Winter,2,11
2025-11-05,Insulin Glargine 100IU,7,Winter,2,11
2025-11-05,Salbutamol Inhaler,5,Winter,2,11
2025-11-05,Phenytoin 100mg,3,Winter,2,11
2025-11-05,ORS (Oral Rehydration),6,Winter,2,11
2025-11-05,Cough Syrup 100ml,24,Winter,2,11
2025-11-05,Pantoprazole 40mg,5,Winter,2,11
2025-11-05,Metformin 500mg,13,Winter,2,11
2025-11-05,Amlodipine 5mg,17,Winter,2,11
2025-11-05,Azithromycin 500mg,8,Winter,2,11
2025-11-05,Ibuprofen 400mg,9,Winter,2,11
2025-11-05,Zinc Tablets 20mg,11,Winter,2,11
2025-11-05,Multivitamin Complex,16,Winter,2,11
2025-11-05,Folic Acid 5mg,11,Winter,2,11
2025-11-05,Atorvastatin 10mg,16,Winter,2,11
2025-11-05,Levocetirizine 5mg,10,Winter,2,11
2025-11-05,Ranitidine 150mg,12,Winter,2,11
2025-11-05,Diclofenac Gel 30g,6,Winter,2,11
2025-11-05,ORS (Orange Flavor),6,Winter,2,11
2025-11-05,Dolo 650mg,33,Winter,2,11
2025-11-05,Erythromycin 250mg,6,Winter,2,11
2025-11-05,Montelukast 10mg,11,Winter,2,11
2025-11-05,Carbamazepine 200mg,2,Winter,2,11
2025-11-06,Paracetamol 650mg,16,Winter,3,11
2025-11-06,Cetirizine 10mg,9,Winter,3,11
2025-11-06,Amoxicillin 500mg,16,Winter,3,11
2025-11-06,Insulin Glargine 100IU,7,Winter,3,11
2025-11-06,Salbutamol Inhaler,11,Winter,3,11
2025-11-06,Phenytoin 100mg,3,Winter,3,11
2025-11-06,ORS (Oral Rehydration),7,Winter,3,11
2025-11-06,Cough Syrup 100ml,27,Winter,3,11
2025-11-06,Pantoprazole 40mg,9,Winter,3,11
2025-11-06,Metformin 500mg,16,Winter,3,11
2025-11-06,Amlodipine 5mg,16,Winter,3,11
2025-11-06,Azithromycin 500mg,16,Winter,3,11
2025-11-06,Ibuprofen 400mg,3,Winter,3,11
2025-11-06,Zinc Tablets 20mg,9,Winter,3,11
2025-11-06,Multivitamin Complex,12,Winter,3,11
2025-11-06,Folic Acid 5mg,16,Winter,3,11
2025-11-06,Atorvastatin 10mg,10,Winter,3,11
2025-11-06,Levocetirizine 5mg,22,Winter,3,11
2025-11-06,Ranitidine 150mg,7,Winter,3,11
2025-11-06,Diclofenac Gel 30g,4,Winter,3,11
2025-11-06,ORS (Orange Flavor),7,Winter,3,11
2025-11-06,Dolo 650mg,30,Winter,3,11
2025-11-06,Erythromycin 250mg,8,Winter,3,11
2025-11-06,Montelukast 10mg,18,Winter,3,11
2025-11-06,Carbamazepine 200mg,3,Winter,3,11
2025-11-07,Paracetamol 650mg,17,Winter,4,11
2025-11-07,Cetirizine 10mg,10,Winter,4,11
2025-11-07,Amoxicillin 500mg,21,Winter,4,11
2025-11-07,Insulin Glargine 100IU,3,Winter,4,11
2025-11-07,Salbutamol Inhaler,11,Winter,4,11
2025-11-07,Phenytoin 100mg,4,Winter,4,11
2025-11-07,ORS (Oral Rehydration),8,Winter,4,11
2025-11-07,Cough Syrup 100ml,32,Winter,4,11
2025-11-07,Pantoprazole 40mg,9,Winter,4,11
2025-11-07,Metformin 500mg,16,Winter,4,11
2025-11-07,Amlodipine 5mg,15,Winter,4,11
2025-11-07,Azithromycin 500mg,11,Winter,4,11
2025-11-07,Ibuprofen 400mg,13,Winter,4,11
2025-11-07,Zinc Tablets 20mg,11,Winter,4,11
2025-11-07,Multivitamin Complex,9,Winter,4,11
2025-11-07,Folic Acid 5mg,7,Winter,4,11
2025-11-07,Atorvastatin 10mg,10,Winter,4,11
2025-11-07,Levocetirizine 5mg,14,Winter,4,11
2025-11-07,Ranitidine 150mg,25,Winter,4,11
2025-11-07,Diclofenac Gel 30g,9,Winter,4,11
2025-11-07,ORS (Orange Flavor),9,Winter,4,11
2025-11-07,Dolo 650mg,31,Winter,4,11
2025-11-07,Erythromycin 250mg,15,Winter,4,11
2025-11-07,Montelukast 10mg,8,Winter,4,11
2025-11-07,Carbamazepine 200mg,1,Winter,4,11
2025-11-08,Paracetamol 650mg,22,Winter,5,11
2025-11-08,Cetirizine 10mg,10,Winter,5,11
2025-11-08,Amoxicillin 500mg,8,Winter,5,11
2025-11-08,Insulin Glargine 100IU,6,Winter,5,11
2025-11-08,Salbutamol Inhaler,13,Winter,5,11
2025-11-08,Phenytoin 100mg,2,Winter,5,11
2025-11-08,ORS (Oral Rehydration),18,Winter,5,11
2025-11-08,Cough Syrup 100ml,28,Winter,5,11
2025-11-08,Pantoprazole 40mg,15,Winter,5,11
2025-11-08,Metformin 500mg,18,Winter,5,11
2025-11-08,Amlodipine 5mg,6,Winter,5,11
2025-11-08,Azithromycin 500mg,10,Winter,5,11
2025-11-08,Ibuprofen 400mg,12,Winter,5,11
2025-11-08,Zinc Tablets 20mg,11,Winter,5,11
2025-11-08,Multivitamin Complex,7,Winter,5,11
2025-11-08,Folic Acid 5mg,25,Winter,5,11
2025-11-08,Atorvastatin 10mg,6,Winter,5,11
2025-11-08,Levocetirizine 5mg,18,Winter,5,11
2025-11-08,Ranitidine 150mg,15,Winter,5,11
2025-11-08,Diclofenac Gel 30g,5,Winter,5,11
2025-11-08,ORS (Orange Flavor),11,Winter,5,11
2025-11-08,Dolo 650mg,26,Winter,5,11
2025-11-08,Erythromycin 250mg,11,Winter,5,11
2025-11-08,Montelukast 10mg,15,Winter,5,11
2025-11-08,Carbamazepine 200mg,4,Winter,5,11
2025-11-09,Paracetamol 650mg,27,Winter,6,11
2025-11-09,Cetirizine 10mg,16,Winter,6,11
2025-11-09,Amoxicillin 500mg,17,Winter,6,11
2025-11-09,Insulin Glargine 100IU,7,Winter,6,11
2025-11-09,Salbutamol Inhaler,12,Winter,6,11
2025-11-09,Phenytoin 100mg,2,Winter,6,11
2025-11-09,ORS (Oral Rehydration),11,Winter,6,11
2025-11-09,Cough Syrup 100ml,38,Winter,6,11
2025-11-09,Pantoprazole 40mg,17,Winter,6,11
2025-11-09,Metformin 500mg,23,Winter,6,11
2025-11-09,Amlodipine 5mg,13,Winter,6,11
2025-11-09,Azithromycin 500mg,11,Winter,6,11
2025-11-09,Ibuprofen 400mg,12,Winter,6,11
2025-11-09,Zinc Tablets 20mg,6,Winter,6,11
2025-11-09,Multivitamin Complex,6,Winter,6,11
2025-11-09,Folic Acid 5mg,18,Winter,6,11
2025-11-09,Atorvastatin 10mg,12,Winter,6,11
2025-11-09,Levocetirizine 5mg,17,Winter,6,11
2025-11-09,Ranitidine 150mg,12,Winter,6,11
2025-11-09,Diclofenac Gel 30g,7,Winter,6,11
2025-11-09,ORS (Orange Flavor),9,Winter,6,11
2025-11-09,Dolo 650mg,19,Winter,6,11
2025-11-09,Erythromycin 250mg,10,Winter,6,11
2025-11-09,Montelukast 10mg,15,Winter,6,11
2025-11-09,Carbamazepine 200mg,2,Winter,6,11
2025-11-10,Paracetamol 650mg,18,Winter,0,11
2025-11-10,Cetirizine 10mg,20,Winter,0,11
2025-11-10,Amoxicillin 500mg,12,Winter,0,11
2025-11-10,Insulin Glargine 100IU,10,Winter,0,11
2025-11-10,Salbutamol Inhaler,7,Winter,0,11
2025-11-10,Phenytoin 100mg,6,Winter,0,11
2025-11-10,ORS (Oral Rehydration),5,Winter,0,11
2025-11-10,Cough Syrup 100ml,31,Winter,0,11
2025-11-10,Pantoprazole 40mg,15,Winter,0,11
2025-11-10,Metformin 500mg,18,Winter,0,11
2025-11-10,Amlodipine 5mg,10,Winter,0,11
2025-11-10,Azithromycin 500mg,13,Winter,0,11
2025-11-10,Ibuprofen 400mg,10,Winter,0,11
2025-11-10,Zinc Tablets 20mg,5,Winter,0,11
2025-11-10,Multivitamin Complex,13,Winter,0,11
2025-11-10,Folic Acid 5mg,14,Winter,0,11
2025-11-10,Atorvastatin 10mg,5,Winter,0,11
2025-11-10,Levocetirizine 5mg,11,Winter,0,11
2025-11-10,Ranitidine 150mg,15,Winter,0,11
2025-11-10,Diclofenac Gel 30g,5,Winter,0,11
2025-11-10,ORS (Orange Flavor),8,Winter,0,11
2025-11-10,Dolo 650mg,35,Winter,0,11
2025-11-10,Erythromycin 250mg,13,Winter,0,11
2025-11-10,Montelukast 10mg,14,Winter,0,11
2025-11-10,Carbamazepine 200mg,3,Winter,0,11
2025-11-11,Paracetamol 650mg,22,Winter,1,11
2025-11-11,Cetirizine 10mg,16,Winter,1,11
2025-11-11,Amoxicillin 500mg,17,Winter,1,11
2025-11-11,Insulin Glargine 100IU,6,Winter,1,11
2025-11-11,Salbutamol Inhaler,12,Winter,1,11
2025-11-11,Phenytoin 100mg,3,Winter,1,11
2025-11-11,ORS (Oral Rehydration),10,Winter,1,11
2025-11-11,Cough Syrup 100ml,32,Winter,1,11
2025-11-11,Pantoprazole 40mg,15,Winter,1,11
2025-11-11,Metformin 500mg,20,Winter,1,11
2025-11-11,Amlodipine 5mg,20,Winter,1,11
2025-11-11,Azithromycin 500mg,13,Winter,1,11
2025-11-11,Ibuprofen 400mg,7,Winter,1,11
2025-11-11,Zinc Tablets 20mg,8,Winter,1,11
2025-11-11,Multivitamin Complex,11,Winter,1,11
2025-11-11,Folic Acid 5mg,14,Winter,1,11
2025-11-11,Atorvastatin 10mg,6,Winter,1,11
2025-11-11,Levocetirizine 5mg,14,Winter,1,11
2025-11-11,Ranitidine 150mg,12,Winter,1,11
2025-11-11,Diclofenac Gel 30g,7,Winter,1,11
2025-11-11,ORS (Orange Flavor),10,Winter,1,11
2025-11-11,Dolo 650mg,17,Winter,1,11
2025-11-11,Erythromycin 250mg,12,Winter,1,11
2025-11-11,Montelukast 10mg,12,Winter,1,11
2025-11-11,Carbamazepine 200mg,4,Winter,1,11
2025-11-12,Paracetamol 650mg,18,Winter,2,11
2025-11-12,Cetirizine 10mg,14,Winter,2,11
2025-11-12,Amoxicillin 500mg,9,Winter,2,11
2025-11-12,Insulin Glargine 100IU,6,Winter,2,11
2025-11-12,Salbutamol Inhaler,14,Winter,2,11
2025-11-12,Phenytoin 100mg,1,Winter,2,11
2025-11-12,ORS (Oral Rehydration),13,Winter,2,11
2025-11-12,Cough Syrup 100ml,33,Winter,2,11
2025-11-12,Pantoprazole 40mg,12,Winter,2,11
2025-11-12,Metformin 500mg,18,Winter,2,11
2025-11-12,Amlodipine 5mg,20,Winter,2,11
2025-11-12,Azithromycin 500mg,15,Winter,2,11
2025-11-12,Ibuprofen 400mg,8,Winter,2,11
2025-11-12,Zinc Tablets 20mg,13,Winter,2,11
2025-11-12,Multivitamin Complex,10,Winter,2,11
2025-11-12,Folic Acid 5mg,12,Winter,2,11
2025-11-12,Atorvastatin 10mg,12,Winter,2,11
2025-11-12,Levocetirizine 5mg,12,Winter,2,11
2025-11-12,Ranitidine 150mg,15,Winter,2,11
2025-11-12,Diclofenac Gel 30g,8,Winter,2,11
2025-11-12,ORS (Orange Flavor),6,Winter,2,11
2025-11-12,Dolo 650mg,22,Winter,2,11
2025-11-12,Erythromycin 250mg,10,Winter,2,11
2025-11-12,Montelukast 10mg,20,Winter,2,11
2025-11-12,Carbamazepine 200mg,2,Winter,2,11
2025-11-13,Paracetamol 650mg,15,Winter,3,11
2025-11-13,Cetirizine 10mg,17,Winter,3,11
2025-11-13,Amoxicillin 500mg,21,Winter,3,11
2025-11-13,Insulin Glargine 100IU,5,Winter,3,11
2025-11-13,Salbutamol Inhaler,11,Winter,3,11
2025-11-13,Phenytoin 100mg,5,Winter,3,11
2025-11-13,ORS (Oral Rehydration),6,Winter,3,11
2025-11-13,Cough Syrup 100ml,23,Winter,3,11
2025-11-13,Pantoprazole 40mg,13,Winter,3,11
2025-11-13,Metformin 500mg,18,Winter,3,11
2025-11-13,Amlodipine 5mg,13,Winter,3,11
2025-11-13,Azithromycin 500mg,12,Winter,3,11
2025-11-13,Ibuprofen 400mg,6,Winter,3,11
2025-11-13,Zinc Tablets 20mg,13,Winter,3,11
2025-11-13,Multivitamin Complex,10,Winter,3,11
2025-11-13,Folic Acid 5mg,13,Winter,3,11
2025-11-13,Atorvastatin 10mg,12,Winter,3,11
2025-11-13,Levocetirizine 5mg,4,Winter,3,11
2025-11-13,Ranitidine 150mg,18,Winter,3,11
2025-11-13,Diclofenac Gel 30g,7,Winter,3,11
2025-11-13,ORS (Orange Flavor),11,Winter,3,11
2025-11-13,Dolo 650mg,29,Winter,3,11
2025-11-13,Erythromycin 250mg,10,Winter,3,11
2025-11-13,Montelukast 10mg,13,Winter,3,11
2025-11-13,Carbamazepine 200mg,4,Winter,3,11
2025-11-14,Paracetamol 650mg,21,Winter,4,11
2025-11-14,Cetirizine 10mg,14,Winter,4,11
2025-11-14,Amoxicillin 500mg,15,Winter,4,11
2025-11-14,Insulin Glargine 100IU,3,Winter,4,11
2025-11-14,Salbutamol Inhaler,10,Winter,4,11
2025-11-14,Phenytoin 100mg,5,Winter,4,11
2025-11-14,ORS (Oral Rehydration),6,Winter,4,11
2025-11-14,Cough Syrup 100ml,35,Winter,4,11
2025-11-14,Pantoprazole 40mg,6,Winter,4,11
2025-11-14,Metformin 500mg,16,Winter,4,11
2025-11-14,Amlodipine 5mg,8,Winter,4,11
2025-11-14,Azithromycin 500mg,14,Winter,4,11
2025-11-14,Ibuprofen 400mg,6,Winter,4,11
2025-11-14,Zinc Tablets 20mg,7,Winter,4,11
2025-11-14,Multivitamin Complex,13,Winter,4,11
2025-11-14,Folic Acid 5mg,19,Winter,4,11
2025-11-14,Atorvastatin 10mg,12,Winter,4,11
2025-11-14,Levocetirizine 5mg,20,Winter,4,11
2025-11-14,Ranitidine 150mg,12,Winter,4,11
2025-11-14,Diclofenac Gel 30g,7,Winter,4,11
2025-11-14,ORS (Orange Flavor),9,Winter,4,11
2025-11-14,Dolo 650mg,19,Winter,4,11
2025-11-14,Erythromycin 250mg,7,Winter,4,11
2025-11-14,Montelukast 10mg,10,Winter,4,11
2025-11-14,Carbamazepine 200mg,8,Winter,4,11
2025-11-15,Paracetamol 650mg,15,Winter,5,11
2025-11-15,Cetirizine 10mg,14,Winter,5,11
2025-11-15,Amoxicillin 500mg,20,Winter,5,11
2025-11-15,Insulin Glargine 100IU,5,Winter,5,11
2025-11-15,Salbutamol Inhaler,6,Winter,5,11
2025-11-15,Phenytoin 100mg,4,Winter,5,11
2025-11-15,ORS (Oral Rehydration),7,Winter,5,11
2025-11-15,Cough Syrup 100ml,26,Winter,5,11
2025-11-15,Pantoprazole 40mg,20,Winter,5,11
2025-11-15,Metformin 500mg,20,Winter,5,11
2025-11-15,Amlodipine 5mg,18,Winter,5,11
2025-11-15,Azithromycin 500mg,10,Winter,5,11
2025-11-15,Ibuprofen 400mg,6,Winter,5,11
2025-11-15,Zinc Tablets 20mg,6,Winter,5,11
2025-11-15,Multivitamin Complex,14,Winter,5,11
2025-11-15,Folic Acid 5mg,13,Winter,5,11
2025-11-15,Atorvastatin 10mg,7,Winter,5,11
2025-11-15,Levocetirizine 5mg,9,Winter,5,11
2025-11-15,Ranitidine 150mg,24,Winter,5,11
2025-11-15,Diclofenac Gel 30g,13,Winter,5,11
2025-11-15,ORS (Orange Flavor),10,Winter,5,11
2025-11-15,Dolo 650mg,32,Winter,5,11
2025-11-15,Erythromycin 250mg,7,Winter,5,11
2025-11-15,Montelukast 10mg,11,Winter,5,11
2025-11-15,Carbamazepine 200mg,3,Winter,5,11
2025-11-16,Paracetamol 650mg,12,Winter,6,11
2025-11-16,Cetirizine 10mg,12,Winter,6,11
2025-11-16,Amoxicillin 500mg,17,Winter,6,11
2025-11-16,Insulin Glargine 100IU,8,Winter,6,11
2025-11-16,Salbutamol Inhaler,16,Winter,6,11
2025-11-16,Phenytoin 100mg,4,Winter,6,11
2025-11-16,ORS (Oral Rehydration),8,Winter,6,11
2025-11-16,Cough Syrup 100ml,32,Winter,6,11
2025-11-16,Pantoprazole 40mg,14,Winter,6,11
2025-11-16,Metformin 500mg,18,Winter,6,11
2025-11-16,Amlodipine 5mg,13,Winter,6,11
2025-11-16,Azithromycin 500mg,11,Winter,6,11
2025-11-16,Ibuprofen 400mg,8,Winter,6,11
2025-11-16,Zinc Tablets 20mg,8,Winter,6,11
2025-11-16,Multivitamin Complex,12,Winter,6,11
2025-11-16,Folic Acid 5mg,15,Winter,6,11
2025-11-16,Atorvastatin 10mg,13,Winter,6,11
2025-11-16,Levocetirizine 5mg,12,Winter,6,11
2025-11-16,Ranitidine 150mg,20,Winter,6,11
2025-11-16,Diclofenac Gel 30g,11,Winter,6,11
2025-11-16,ORS (Orange Flavor),9,Winter,6,11
2025-11-16,Dolo 650mg,29,Winter,6,11
2025-11-16,Erythromycin 250mg,11,Winter,6,11
2025-11-16,Montelukast 10mg,15,Winter,6,11
2025-11-16,Carbamazepine 200mg,6,Winter,6,11
2025-11-17,Paracetamol 650mg,21,Winter,0,11
2025-11-17,Cetirizine 10mg,20,Winter,0,11
2025-11-17,Amoxicillin 500mg,14,Winter,0,11
2025-11-17,Insulin Glargine 100IU,4,Winter,0,11
2025-11-17,Salbutamol Inhaler,7,Winter,0,11
2025-11-17,Phenytoin 100mg,2,Winter,0,11
2025-11-17,ORS (Oral Rehydration),17,Winter,0,11
2025-11-17,Cough Syrup 100ml,30,Winter,0,11
2025-11-17,Pantoprazole 40mg,9,Winter,0,11
2025-11-17,Metformin 500mg,13,Winter,0,11
2025-11-17,Amlodipine 5mg,17,Winter,0,11
2025-11-17,Azithromycin 500mg,9,Winter,0,11
2025-11-17,Ibuprofen 400mg,15,Winter,0,11
2025-11-17,Zinc Tablets 20mg,4,Winter,0,11
2025-11-17,Multivitamin Complex,12,Winter,0,11
2025-11-17,Folic Acid 5mg,11,Winter,0,11
2025-11-17,Atorvastatin 10mg,9,Winter,0,11
2025-11-17,Levocetirizine 5mg,11,Winter,0,11
2025-11-17,Ranitidine 150mg,9,Winter,0,11
2025-11-17,Diclofenac Gel 30g,6,Winter,0,11
2025-11-17,ORS (Orange Flavor),8,Winter,0,11
2025-11-17,Dolo 650mg,27,Winter,0,11
2025-11-17,Erythromycin 250mg,8,Winter,0,11
2025-11-17,Montelukast 10mg,8,Winter,0,11
2025-11-17,Carbamazepine 200mg,4,Winter,0,11
2025-11-18,Paracetamol 650mg,22,Winter,1,11
2025-11-18,Cetirizine 10mg,17,Winter,1,11
2025-11-18,Amoxicillin 500mg,12,Winter,1,11
2025-11-18,Insulin Glargine 100IU,5,Winter,1,11
2025-11-18,Salbutamol Inhaler,10,Winter,1,11
2025-11-18,Phenytoin 100mg,1,Winter,1,11
2025-11-18,ORS (Oral Rehydration),9,Winter,1,11
2025-11-18,Cough Syrup 100ml,31,Winter,1,11
2025-11-18,Pantoprazole 40mg,11,Winter,1,11
2025-11-18,Metformin 500mg,16,Winter,1,11
2025-11-18,Amlodipine 5mg,11,Winter,1,11
2025-11-18,Azithromycin 500mg,11,Winter,1,11
2025-11-18,Ibuprofen 400mg,10,Winter,1,11
2025-11-18,Zinc Tablets 20mg,12,Winter,1,11
2025-11-18,Multivitamin Complex,17,Winter,1,11
2025-11-18,Folic Acid 5mg,16,Winter,1,11
2025-11-18,Atorvastatin 10mg,14,Winter,1,11
2025-11-18,Levocetirizine 5mg,19,Winter,1,11
2025-11-18,Ranitidine 150mg,15,Winter,1,11
2025-11-18,Diclofenac Gel 30g,3,Winter,1,11
2025-11-18,ORS (Orange Flavor),2,Winter,1,11
2025-11-18,Dolo 650mg,25,Winter,1,11
2025-11-18,Erythromycin 250mg,9,Winter,1,11
2025-11-18,Montelukast 10mg,14,Winter,1,11
2025-11-18,Carbamazepine 200mg,5,Winter,1,11
2025-11-19,Paracetamol 650mg,22,Winter,2,11
2025-11-19,Cetirizine 10mg,10,Winter,2,11
2025-11-19,Amoxicillin 500mg,18,Winter,2,11
2025-11-19,Insulin Glargine 100IU,7,Winter,2,11
2025-11-19,Salbutamol Inhaler,13,Winter,2,11
2025-11-19,Phenytoin 100mg,2,Winter,2,11
2025-11-19,ORS (Oral Rehydration),13,Winter,2,11
2025-11-19,Cough Syrup 100ml,22,Winter,2,11
2025-11-19,Pantoprazole 40mg,10,Winter,2,11
2025-11-19,Metformin 500mg,20,Winter,2,11
2025-11-19,Amlodipine 5mg,19,Winter,2,11
2025-11-19,Azithromycin 500mg,8,Winter,2,11
2025-11-19,Ibuprofen 400mg,15,Winter,2,11
2025-11-19,Zinc Tablets 20mg,11,Winter,2,11
2025-11-19,Multivitamin Complex,12,Winter,2,11
2025-11-19,Folic Acid 5mg,13,Winter,2,11
2025-11-19,Atorvastatin 10mg,8,Winter,2,11
2025-11-19,Levocetirizine 5mg,23,Winter,2,11
2025-11-19,Ranitidine 150mg,13,Winter,2,11
2025-11-19,Diclofenac Gel 30g,6,Winter,2,11
2025-11-19,ORS (Orange Flavor),7,Winter,2,11
2025-11-19,Dolo 650mg,16,Winter,2,11
2025-11-19,Erythromycin 250mg,9,Winter,2,11
2025-11-19,Montelukast 10mg,8,Winter,2,11
2025-11-19,Carbamazepine 200mg,4,Winter,2,11
2025-11-20,Paracetamol 650mg,12,Winter,3,11
2025-11-20,Cetirizine 10mg,13,Winter,3,11
2025-11-20,Amoxicillin 500mg,14,Winter,3,11
2025-11-20,Insulin Glargine 100IU,3,Winter,3,11
2025-11-20,Salbutamol Inhaler,11,Winter,3,11
2025-11-20,Phenytoin 100mg,1,Winter,3,11
2025-11-20,ORS (Oral Rehydration),7,Winter,3,11
2025-11-20,Cough Syrup 100ml,25,Winter,3,11
2025-11-20,Pantoprazole 40mg,14,Winter,3,11
2025-11-20,Metformin 500mg,19,Winter,3,11
2025-11-20,Amlodipine 5mg,18,Winter,3,11
2025-11-20,Azithromycin 500mg,15,Winter,3,11
2025-11-20,Ibuprofen 400mg,7,Winter,3,11
2025-11-20,Zinc Tablets 20mg,9,Winter,3,11
2025-11-20,Multivitamin Complex,13,Winter,3,11
2025-11-20,Folic Acid 5mg,15,Winter,3,11
2025-11-20,Atorvastatin 10mg,7,Winter,3,11
2025-11-20,Levocetirizine 5mg,9,Winter,3,11
2025-11-20,Ranitidine 150mg,17,Winter,3,11
2025-11-20,Diclofenac Gel 30g,12,Winter,3,11
2025-11-20,ORS (Orange Flavor),14,Winter,3,11
2025-11-20,Dolo 650mg,29,Winter,3,11
2025-11-20,Erythromycin 250mg,9,Winter,3,11
2025-11-20,Montelukast 10mg,15,Winter,3,11
2025-11-20,Carbamazepine 200mg,4,Winter,3,11
2025-11-21,Paracetamol 650mg,13,Winter,4,11
2025-11-21,Cetirizine 10mg,17,Winter,4,11
2025-11-21,Amoxicillin 500mg,7,Winter,4,11
2025-11-21,Insulin Glargine 100IU,5,Winter,4,11
2025-11-21,Salbutamol Inhaler,8,Winter,4,11
2025-11-21,Phenytoin 100mg,3,Winter,4,11
2025-11-21,ORS (Oral Rehydration),9,Winter,4,11
2025-11-21,Cough Syrup 100ml,29,Winter,4,11
2025-11-21,Pantoprazole 40mg,12,Winter,4,11
2025-11-21,Metformin 500mg,17,Winter,4,11
2025-11-21,Amlodipine 5mg,15,Winter,4,11
2025-11-21,Azithromycin 500mg,10,Winter,4,11
2025-11-21,Ibuprofen 400mg,9,Winter,4,11
2025-11-21,Zinc Tablets 20mg,15,Winter,4,11
2025-11-21,Multivitamin Complex,8,Winter,4,11
2025-11-21,Folic Acid 5mg,19,Winter,4,11
2025-11-21,Atorvastatin 10mg,11,Winter,4,11
2025-11-21,Levocetirizine 5mg,21,Winter,4,11
2025-11-21,Ranitidine 150mg,17,Winter,4,11
2025-11-21,Diclofenac Gel 30g,7,Winter,4,11
2025-11-21,ORS (Orange Flavor),10,Winter,4,11
2025-11-21,Dolo 650mg,24,Winter,4,11
2025-11-21,Erythromycin 250mg,7,Winter,4,11
2025-11-21,Montelukast 10mg,15,Winter,4,11
2025-11-21,Carbamazepine 200mg,6,Winter,4,11
2025-11-22,Paracetamol 650mg,23,Winter,5,11
2025-11-22,Cetirizine 10mg,12,Winter,5,11
2025-11-22,Amoxicillin 500mg,17,Winter,5,11
2025-11-22,Insulin Glargine 100IU,7,Winter,5,11
2025-11-22,Salbutamol Inhaler,5,Winter,5,11
2025-11-22,Phenytoin 100mg,4,Winter,5,11
2025-11-22,ORS (Oral Rehydration),10,Winter,5,11
2025-11-22,Cough Syrup 100ml,20,Winter,5,11
2025-11-22,Pantoprazole 40mg,13,Winter,5,11
2025-11-22,Metformin 500mg,19,Winter,5,11
2025-11-22,Amlodipine 5mg,15,Winter,5,11
2025-11-22,Azithromycin 500mg,10,Winter,5,11
2025-11-22,Ibuprofen 400mg,7,Winter,5,11
2025-11-22,Zinc Tablets 20mg,6,Winter,5,11
2025-11-22,Multivitamin Complex,13,Winter,5,11
2025-11-22,Folic Acid 5mg,9,Winter,5,11
2025-11-22,Atorvastatin 10mg,13,Winter,5,11
2025-11-22,Levocetirizine 5mg,10,Winter,5,11
2025-11-22,Ranitidine 150mg,16,Winter,5,11
2025-11-22,Diclofenac Gel 30g,4,Winter,5,11
2025-11-22,ORS (Orange Flavor),10,Winter,5,11
2025-11-22,Dolo 650mg,22,Winter,5,11
2025-11-22,Erythromycin 250mg,4,Winter,5,11
2025-11-22,Montelukast 10mg,11,Winter,5,11
2025-11-22,Carbamazepine 200mg,4,Winter,5,11
2025-11-23,Paracetamol 650mg,18,Winter,6,11
2025-11-23,Cetirizine 10mg,20,Winter,6,11
2025-11-23,Amoxicillin 500mg,15,Winter,6,11
2025-11-23,Insulin Glargine 100IU,7,Winter,6,11
2025-11-23,Salbutamol Inhaler,7,Winter,6,11
2025-11-23,Phenytoin 100mg,3,Winter,6,11
2025-11-23,ORS (Oral Rehydration),7,Winter,6,11
2025-11-23,Cough Syrup 100ml,32,Winter,6,11
2025-11-23,Pantoprazole 40mg,14,Winter,6,11
2025-11-23,Metformin 500mg,12,Winter,6,11
2025-11-23,Amlodipine 5mg,12,Winter,6,11
2025-11-23,Azithromycin 500mg,9,Winter,6,11
2025-11-23,Ibuprofen 400mg,4,Winter,6,11
2025-11-23,Zinc Tablets 20mg,6,Winter,6,11
2025-11-23,Multivitamin Complex,22,Winter,6,11
2025-11-23,Folic Acid 5mg,15,Winter,6,11
2025-11-23,Atorvastatin 10mg,9,Winter,6,11
2025-11-23,Levocetirizine 5mg,17,Winter,6,11
2025-11-23,Ranitidine 150mg,15,Winter,6,11
2025-11-23,Diclofenac Gel 30g,6,Winter,6,11
2025-11-23,ORS (Orange Flavor),4,Winter,6,11
2025-11-23,Dolo 650mg,35,Winter,6,11
2025-11-23,Erythromycin 250mg,10,Winter,6,11
2025-11-23,Montelukast 10mg,13,Winter,6,11
2025-11-23,Carbamazepine 200mg,7,Winter,6,11
2025-11-24,Paracetamol 650mg,22,Winter,0,11
2025-11-24,Cetirizine 10mg,19,Winter,0,11
2025-11-24,Amoxicillin 500mg,14,Winter,0,11
2025-11-24,Insulin Glargine 100IU,3,Winter,0,11
2025-11-24,Salbutamol Inhaler,16,Winter,0,11
2025-11-24,Phenytoin 100mg,3,Winter,0,11
2025-11-24,ORS (Oral Rehydration),5,Winter,0,11
2025-11-24,Cough Syrup 100ml,32,Winter,0,11
2025-11-24,Pantoprazole 40mg,17,Winter,0,11
2025-11-24,Metformin 500mg,27,Winter,0,11
2025-11-24,Amlodipine 5mg,17,Winter,0,11
2025-11-24,Azithromycin 500mg,14,Winter,0,11
2025-11-24,Ibuprofen 400mg,10,Winter,0,11
2025-11-24,Zinc Tablets 20mg,13,Winter,0,11
2025-11-24,Multivitamin Complex,5,Winter,0,11
2025-11-24,Folic Acid 5mg,20,Winter,0,11
2025-11-24,Atorvastatin 10mg,8,Winter,0,11
2025-11-24,Levocetirizine 5mg,15,Winter,0,11
2025-11-24,Ranitidine 150mg,15,Winter,0,11
2025-11-24,Diclofenac Gel 30g,4,Winter,0,11
2025-11-24,ORS (Orange Flavor),6,Winter,0,11
2025-11-24,Dolo 650mg,23,Winter,0,11
2025-11-24,Erythromycin 250mg,9,Winter,0,11
2025-11-24,Montelukast 10mg,11,Winter,0,11
2025-11-24,Carbamazepine 200mg,1,Winter,0,11
2025-11-25,Paracetamol 650mg,22,Winter,1,11
2025-11-25,Cetirizine 10mg,17,Winter,1,11
2025-11-25,Amoxicillin 500mg,17,Winter,1,11
2025-11-25,Insulin Glargine 100IU,7,Winter,1,11
2025-11-25,Salbutamol Inhaler,9,Winter,1,11
2025-11-25,Phenytoin 100mg,6,Winter,1,11
2025-11-25,ORS (Oral Rehydration),16,Winter,1,11
2025-11-25,Cough Syrup 100ml,33,Winter,1,11
2025-11-25,Pantoprazole 40mg,16,Winter,1,11
2025-11-25,Metformin 500mg,13,Winter,1,11
2025-11-25,Amlodipine 5mg,10,Winter,1,11
2025-11-25,Azithromycin 500mg,16,Winter,1,11
2025-11-25,Ibuprofen 400mg,16,Winter,1,11
2025-11-25,Zinc Tablets 20mg,11,Winter,1,11
2025-11-25,Multivitamin Complex,9,Winter,1,11
2025-11-25,Folic Acid 5mg,16,Winter,1,11
2025-11-25,Atorvastatin 10mg,9,Winter,1,11
2025-11-25,Levocetirizine 5mg,16,Winter,1,11
2025-11-25,Ranitidine 150mg,23,Winter,1,11
2025-11-25,Diclofenac Gel 30g,1,Winter,1,11
2025-11-25,ORS (Orange Flavor),5,Winter,1,11
2025-11-25,Dolo 650mg,21,Winter,1,11
2025-11-25,Erythromycin 250mg,4,Winter,1,11
2025-11-25,Montelukast 10mg,10,Winter,1,11
2025-11-25,Carbamazepine 200mg,9,Winter,1,11
2025-11-26,Paracetamol 650mg,19,Winter,2,11
2025-11-26,Cetirizine 10mg,14,Winter,2,11
2025-11-26,Amoxicillin 500mg,14,Winter,2,11
2025-11-26,Insulin Glargine 100IU,7,Winter,2,11
2025-11-26,Salbutamol Inhaler,13,Winter,2,11
2025-11-26,Phenytoin 100mg,1,Winter,2,11
2025-11-26,ORS (Oral Rehydration),11,Winter,2,11
2025-11-26,Cough Syrup 100ml,24,Winter,2,11
2025-11-26,Pantoprazole 40mg,14,Winter,2,11
2025-11-26,Metformin 500mg,22,Winter,2,11
2025-11-26,Amlodipine 5mg,18,Winter,2,11
2025-11-26,Azithromycin 500mg,7,Winter,2,11
2025-11-26,Ibuprofen 400mg,11,Winter,2,11
2025-11-26,Zinc Tablets 20mg,4,Winter,2,11
2025-11-26,Multivitamin Complex,15,Winter,2,11
2025-11-26,Folic Acid 5mg,21,Winter,2,11
2025-11-26,Atorvastatin 10mg,13,Winter,2,11
2025-11-26,Levocetirizine 5mg,13,Winter,2,11
2025-11-26,Ranitidine 150mg,15,Winter,2,11
2025-11-26,Diclofenac Gel 30g,9,Winter,2,11
2025-11-26,ORS (Orange Flavor),6,Winter,2,11
2025-11-26,Dolo 650mg,27,Winter,2,11
2025-11-26,Erythromycin 250mg,8,Winter,2,11
2025-11-26,Montelukast 10mg,13,Winter,2,11
2025-11-26,Carbamazepine 200mg,4,Winter,2,11
2025-11-27,Paracetamol 650mg,22,Winter,3,11
2025-11-27,Cetirizine 10mg,12,Winter,3,11
2025-11-27,Amoxicillin 500mg,11,Winter,3,11
2025-11-27,Insulin Glargine 100IU,2,Winter,3,11
2025-11-27,Salbutamol Inhaler,5,Winter,3,11
2025-11-27,Phenytoin 100mg,2,Winter,3,11
2025-11-27,ORS (Oral Rehydration),5,Winter,3,11
2025-11-27,Cough Syrup 100ml,33,Winter,3,11
2025-11-27,Pantoprazole 40mg,8,Winter,3,11
2025-11-27,Metformin 500mg,22,Winter,3,11
2025-11-27,Amlodipine 5mg,14,Winter,3,11
2025-11-27,Azithromycin 500mg,11,Winter,3,11
2025-11-27,Ibuprofen 400mg,10,Winter,3,11
2025-11-27,Zinc Tablets 20mg,6,Winter,3,11
2025-11-27,Multivitamin Complex,16,Winter,3,11
2025-11-27,Folic Acid 5mg,19,Winter,3,11
2025-11-27,Atorvastatin 10mg,17,Winter,3,11
2025-11-27,Levocetirizine 5mg,14,Winter,3,11
2025-11-27,Ranitidine 150mg,10,Winter,3,11
2025-11-27,Diclofenac Gel 30g,8,Winter,3,11
2025-11-27,ORS (Orange Flavor),7,Winter,3,11
2025-11-27,Dolo 650mg,18,Winter,3,11
2025-11-27,Erythromycin 250mg,7,Winter,3,11
2025-11-27,Montelukast 10mg,15,Winter,3,11
2025-11-27,Carbamazepine 200mg,6,Winter,3,11
2025-11-28,Paracetamol 650mg,18,Winter,4,11
2025-11-28,Cetirizine 10mg,15,Winter,4,11
2025-11-28,Amoxicillin 500mg,16,Winter,4,11
2025-11-28,Insulin Glargine 100IU,8,Winter,4,11
2025-11-28,Salbutamol Inhaler,12,Winter,4,11
2025-11-28,Phenytoin 100mg,2,Winter,4,11
2025-11-28,ORS (Oral Rehydration),4,Winter,4,11
2025-11-28,Cough Syrup 100ml,24,Winter,4,11
2025-11-28,Pantoprazole 40mg,16,Winter,4,11
2025-11-28,Metformin 500mg,21,Winter,4,11
2025-11-28,Amlodipine 5mg,24,Winter,4,11
2025-11-28,Azithromycin 500mg,12,Winter,4,11
2025-11-28,Ibuprofen 400mg,8,Winter,4,11
2025-11-28,Zinc Tablets 20mg,9,Winter,4,11
2025-11-28,Multivitamin Complex,16,Winter,4,11
2025-11-28,Folic Acid 5mg,19,Winter,4,11
2025-11-28,Atorvastatin 10mg,4,Winter,4,11
2025-11-28,Levocetirizine 5mg,14,Winter,4,11
2025-11-28,Ranitidine 150mg,11,Winter,4,11
2025-11-28,Diclofenac Gel 30g,7,Winter,4,11
2025-11-28,ORS (Orange Flavor),6,Winter,4,11
2025-11-28,Dolo 650mg,28,Winter,4,11
2025-11-28,Erythromycin 250mg,6,Winter,4,11
2025-11-28,Montelukast 10mg,16,Winter,4,11
2025-11-28,Carbamazepine 200mg,3,Winter,4,11
2025-11-29,Paracetamol 650mg,14,Winter,5,11
2025-11-29,Cetirizine 10mg,16,Winter,5,11
2025-11-29,Amoxicillin 500mg,21,Winter,5,11
2025-11-29,Insulin Glargine 100IU,4,Winter,5,11
2025-11-29,Salbutamol Inhaler,14,Winter,5,11
2025-11-29,Phenytoin 100mg,2,Winter,5,11
2025-11-29,ORS (Oral Rehydration),10,Winter,5,11
2025-11-29,Cough Syrup 100ml,23,Winter,5,11
2025-11-29,Pantoprazole 40mg,13,Winter,5,11
2025-11-29,Metformin 500mg,21,Winter,5,11
2025-11-29,Amlodipine 5mg,15,Winter,5,11
2025-11-29,Azithromycin 500mg,9,Winter,5,11
2025-11-29,Ibuprofen 400mg,9,Winter,5,11
2025-11-29,Zinc Tablets 20mg,10,Winter,5,11
2025-11-29,Multivitamin Complex,12,Winter,5,11
2025-11-29,Folic Acid 5mg,19,Winter,5,11
2025-11-29,Atorvastatin 10mg,13,Winter,5,11
2025-11-29,Levocetirizine 5mg,12,Winter,5,11
2025-11-29,Ranitidine 150mg,7,Winter,5,11
2025-11-29,Diclofenac Gel 30g,8,Winter,5,11
2025-11-29,ORS (Orange Flavor),7,Winter,5,11
2025-11-29,Dolo 650mg,27,Winter,5,11
2025-11-29,Erythromycin 250mg,11,Winter,5,11
2025-11-29,Montelukast 10mg,13,Winter,5,11
2025-11-29,Carbamazepine 200mg,7,Winter,5,11
2025-11-30,Paracetamol 650mg,17,Winter,6,11
2025-11-30,Cetirizine 10mg,19,Winter,6,11
2025-11-30,Amoxicillin 500mg,19,Winter,6,11
2025-11-30,Insulin Glargine 100IU,3,Winter,6,11
2025-11-30,Salbutamol Inhaler,13,Winter,6,11
2025-11-30,Phenytoin 100mg,3,Winter,6,11
2025-11-30,ORS (Oral Rehydration),10,Winter,6,11
2025-11-30,Cough Syrup 100ml,21,Winter,6,11
2025-11-30,Pantoprazole 40mg,10,Winter,6,11
2025-11-30,Metformin 500mg,9,Winter,6,11
2025-11-30,Amlodipine 5mg,18,Winter,6,11
2025-11-30,Azithromycin 500mg,9,Winter,6,11
2025-11-30,Ibuprofen 400mg,10,Winter,6,11
2025-11-30,Zinc Tablets 20mg,13,Winter,6,11
2025-11-30,Multivitamin Complex,10,Winter,6,11
2025-11-30,Folic Acid 5mg,18,Winter,6,11
2025-11-30,Atorvastatin 10mg,11,Winter,6,11
2025-11-30,Levocetirizine 5mg,16,Winter,6,11
2025-11-30,Ranitidine 150mg,18,Winter,6,11
2025-11-30,Diclofenac Gel 30g,7,Winter,6,11
2025-11-30,ORS (Orange Flavor),13,Winter,6,11
2025-11-30,Dolo 650mg,25,Winter,6,11
2025-11-30,Erythromycin 250mg,16,Winter,6,11
2025-11-30,Montelukast 10mg,8,Winter,6,11
2025-11-30,Carbamazepine 200mg,3,Winter,6,11
2025-12-01,Paracetamol 650mg,20,Winter,0,12
2025-12-01,Cetirizine 10mg,16,Winter,0,12
2025-12-01,Amoxicillin 500mg,15,Winter,0,12
2025-12-01,Insulin Glargine 100IU,6,Winter,0,12
2025-12-01,Salbutamol Inhaler,12,Winter,0,12
2025-12-01,Phenytoin 100mg,4,Winter,0,12
2025-12-01,ORS (Oral Rehydration),8,Winter,0,12
2025-12-01,Cough Syrup 100ml,32,Winter,0,12
2025-12-01,Pantoprazole 40mg,10,Winter,0,12
2025-12-01,Metformin 500mg,11,Winter,0,12
2025-12-01,Amlodipine 5mg,15,Winter,0,12
2025-12-01,Azithromycin 500mg,15,Winter,0,12
2025-12-01,Ibuprofen 400mg,11,Winter,0,12
2025-12-01,Zinc Tablets 20mg,5,Winter,0,12
2025-12-01,Multivitamin Complex,12,Winter,0,12
2025-12-01,Folic Acid 5mg,10,Winter,0,12
2025-12-01,Atorvastatin 10mg,8,Winter,0,12
2025-12-01,Levocetirizine 5mg,13,Winter,0,12
2025-12-01,Ranitidine 150mg,16,Winter,0,12
2025-12-01,Diclofenac Gel 30g,11,Winter,0,12
2025-12-01,ORS (Orange Flavor),9,Winter,0,12
2025-12-01,Dolo 650mg,26,Winter,0,12
2025-12-01,Erythromycin 250mg,17,Winter,0,12
2025-12-01,Montelukast 10mg,10,Winter,0,12
2025-12-01,Carbamazepine 200mg,4,Winter,0,12
2025-12-02,Paracetamol 650mg,19,Winter,1,12
2025-12-02,Cetirizine 10mg,11,Winter,1,12
2025-12-02,Amoxicillin 500mg,12,Winter,1,12
2025-12-02,Insulin Glargine 100IU,12,Winter,1,12
2025-12-02,Salbutamol Inhaler,15,Winter,1,12
2025-12-02,Phenytoin 100mg,1,Winter,1,12
2025-12-02,ORS (Oral Rehydration),15,Winter,1,12
2025-12-02,Cough Syrup 100ml,26,Winter,1,12
2025-12-02,Pantoprazole 40mg,15,Winter,1,12
2025-12-02,Metformin 500mg,17,Winter,1,12
2025-12-02,Amlodipine 5mg,16,Winter,1,12
2025-12-02,Azithromycin 500mg,7,Winter,1,12
2025-12-02,Ibuprofen 400mg,5,Winter,1,12
2025-12-02,Zinc Tablets 20mg,8,Winter,1,12
2025-12-02,Multivitamin Complex,13,Winter,1,12
2025-12-02,Folic Acid 5mg,19,Winter,1,12
2025-12-02,Atorvastatin 10mg,9,Winter,1,12
2025-12-02,Levocetirizine 5mg,24,Winter,1,12
2025-12-02,Ranitidine 150mg,12,Winter,1,12
2025-12-02,Diclofenac Gel 30g,7,Winter,1,12
2025-12-02,ORS (Orange Flavor),5,Winter,1,12
2025-12-02,Dolo 650mg,29,Winter,1,12
2025-12-02,Erythromycin 250mg,13,Winter,1,12
2025-12-02,Montelukast 10mg,15,Winter,1,12
2025-12-02,Carbamazepine 200mg,4,Winter,1,12
2025-12-03,Paracetamol 650mg,21,Winter,2,12
2025-12-03,Cetirizine 10mg,20,Winter,2,12
2025-12-03,Amoxicillin 500mg,18,Winter,2,12
2025-12-03,Insulin Glargine 100IU,5,Winter,2,12
2025-12-03,Salbutamol Inhaler,5,Winter,2,12
2025-12-03,Phenytoin 100mg,3,Winter,2,12
2025-12-03,ORS (Oral Rehydration),14,Winter,2,12
2025-12-03,Cough Syrup 100ml,29,Winter,2,12
2025-12-03,Pantoprazole 40mg,11,Winter,2,12
2025-12-03,Metformin 500mg,18,Winter,2,12
2025-12-03,Amlodipine 5mg,15,Winter,2,12
2025-12-03,Azithromycin 500mg,13,Winter,2,12
2025-12-03,Ibuprofen 400mg,5,Winter,2,12
2025-12-03,Zinc Tablets 20mg,9,Winter,2,12
2025-12-03,Multivitamin Complex,11,Winter,2,12
2025-12-03,Folic Acid 5mg,21,Winter,2,12
2025-12-03,Atorvastatin 10mg,15,Winter,2,12
2025-12-03,Levocetirizine 5mg,12,Winter,2,12
2025-12-03,Ranitidine 150mg,13,Winter,2,12
2025-12-03,Diclofenac Gel 30g,3,Winter,2,12
2025-12-03,ORS (Orange Flavor),9,Winter,2,12
2025-12-03,Dolo 650mg,23,Winter,2,12
2025-12-03,Erythromycin 250mg,8,Winter,2,12
2025-12-03,Montelukast 10mg,11,Winter,2,12
2025-12-03,Carbamazepine 200mg,4,Winter,2,12
2025-12-04,Paracetamol 650mg,22,Winter,3,12
2025-12-04,Cetirizine 10mg,10,Winter,3,12
2025-12-04,Amoxicillin 500mg,16,Winter,3,12
2025-12-04,Insulin Glargine 100IU,4,Winter,3,12
2025-12-04,Salbutamol Inhaler,17,Winter,3,12
2025-12-04,Phenytoin 100mg,2,Winter,3,12
2025-12-04,ORS (Oral Rehydration),8,Winter,3,12
2025-12-04,Cough Syrup 100ml,22,Winter,3,12
2025-12-04,Pantoprazole 40mg,7,Winter,3,12
2025-12-04,Metformin 500mg,17,Winter,3,12
2025-12-04,Amlodipine 5mg,15,Winter,3,12
2025-12-04,Azithromycin 500mg,6,Winter,3,12
2025-12-04,Ibuprofen 400mg,11,Winter,3,12
2025-12-04,Zinc Tablets 20mg,8,Winter,3,12
2025-12-04,Multivitamin Complex,18,Winter,3,12
2025-12-04,Folic Acid 5mg,16,Winter,3,12
2025-12-04,Atorvastatin 10mg,11,Winter,3,12
2025-12-04,Levocetirizine 5mg,14,Winter,3,12
2025-12-04,Ranitidine 150mg,14,Winter,3,12
2025-12-04,Diclofenac Gel 30g,6,Winter,3,12
2025-12-04,ORS (Orange Flavor),6,Winter,3,12
2025-12-04,Dolo 650mg,33,Winter,3,12
2025-12-04,Erythromycin 250mg,9,Winter,3,12
2025-12-04,Montelukast 10mg,15,Winter,3,12
2025-12-04,Carbamazepine 200mg,2,Winter,3,12
2025-12-05,Paracetamol 650mg,26,Winter,4,12
2025-12-05,Cetirizine 10mg,21,Winter,4,12
2025-12-05,Amoxicillin 500mg,18,Winter,4,12
2025-12-05,Insulin Glargine 100IU,4,Winter,4,12
2025-12-05,Salbutamol Inhaler,6,Winter,4,12
2025-12-05,Phenytoin 100mg,3,Winter,4,12
2025-12-05,ORS (Oral Rehydration),8,Winter,4,12
2025-12-05,Cough Syrup 100ml,26,Winter,4,12
2025-12-05,Pantoprazole 40mg,11,Winter,4,12
2025-12-05,Metformin 500mg,18,Winter,4,12
2025-12-05,Amlodipine 5mg,16,Winter,4,12
2025-12-05,Azithromycin 500mg,13,Winter,4,12
2025-12-05,Ibuprofen 400mg,9,Winter,4,12
2025-12-05,Zinc Tablets 20mg,9,Winter,4,12
2025-12-05,Multivitamin Complex,15,Winter,4,12
2025-12-05,Folic Acid 5mg,12,Winter,4,12
2025-12-05,Atorvastatin 10mg,9,Winter,4,12
2025-12-05,Levocetirizine 5mg,11,Winter,4,12
2025-12-05,Ranitidine 150mg,24,Winter,4,12
2025-12-05,Diclofenac Gel 30g,6,Winter,4,12
2025-12-05,ORS (Orange Flavor),9,Winter,4,12
2025-12-05,Dolo 650mg,24,Winter,4,12
2025-12-05,Erythromycin 250mg,10,Winter,4,12
2025-12-05,Montelukast 10mg,12,Winter,4,12
2025-12-05,Carbamazepine 200mg,1,Winter,4,12
2025-12-06,Paracetamol 650mg,13,Winter,5,12
2025-12-06,Cetirizine 10mg,19,Winter,5,12
2025-12-06,Amoxicillin 500mg,19,Winter,5,12
2025-12-06,Insulin Glargine 100IU,4,Winter,5,12
2025-12-06,Salbutamol Inhaler,9,Winter,5,12
2025-12-06,Phenytoin 100mg,2,Winter,5,12
2025-12-06,ORS (Oral Rehydration),17,Winter,5,12
2025-12-06,Cough Syrup 100ml,28,Winter,5,12
2025-12-06,Pantoprazole 40mg,9,Winter,5,12
2025-12-06,Metformin 500mg,19,Winter,5,12
2025-12-06,Amlodipine 5mg,16,Winter,5,12
2025-12-06,Azithromycin 500mg,11,Winter,5,12
2025-12-06,Ibuprofen 400mg,9,Winter,5,12
2025-12-06,Zinc Tablets 20mg,3,Winter,5,12
2025-12-06,Multivitamin Complex,12,Winter,5,12
2025-12-06,Folic Acid 5mg,12,Winter,5,12
2025-12-06,Atorvastatin 10mg,15,Winter,5,12
2025-12-06,Levocetirizine 5mg,22,Winter,5,12
2025-12-06,Ranitidine 150mg,16,Winter,5,12
2025-12-06,Diclofenac Gel 30g,11,Winter,5,12
2025-12-06,ORS (Orange Flavor),7,Winter,5,12
2025-12-06,Dolo 650mg,16,Winter,5,12
2025-12-06,Erythromycin 250mg,9,Winter,5,12
2025-12-06,Montelukast 10mg,16,Winter,5,12
2025-12-06,Carbamazepine 200mg,7,Winter,5,12
2025-12-07,Paracetamol 650mg,20,Winter,6,12
2025-12-07,Cetirizine 10mg,19,Winter,6,12
2025-12-07,Amoxicillin 500mg,16,Winter,6,12
2025-12-07,Insulin Glargine 100IU,9,Winter,6,12
2025-12-07,Salbutamol Inhaler,9,Winter,6,12
2025-12-07,Phenytoin 100mg,4,Winter,6,12
2025-12-07,ORS (Oral Rehydration),6,Winter,6,12
2025-12-07,Cough Syrup 100ml,25,Winter,6,12
2025-12-07,Pantoprazole 40mg,11,Winter,6,12
2025-12-07,Metformin 500mg,25,Winter,6,12
2025-12-07,Amlodipine 5mg,16,Winter,6,12
2025-12-07,Azithromycin 500mg,6,Winter,6,12
2025-12-07,Ibuprofen 400mg,6,Winter,6,12
2025-12-07,Zinc Tablets 20mg,9,Winter,6,12
2025-12-07,Multivitamin Complex,8,Winter,6,12
2025-12-07,Folic Acid 5mg,12,Winter,6,12
2025-12-07,Atorvastatin 10mg,17,Winter,6,12
2025-12-07,Levocetirizine 5mg,12,Winter,6,12
2025-12-07,Ranitidine 150mg,13,Winter,6,12
2025-12-07,Diclofenac Gel 30g,5,Winter,6,12
2025-12-07,ORS (Orange Flavor),9,Winter,6,12
2025-12-07,Dolo 650mg,22,Winter,6,12
2025-12-07,Erythromycin 250mg,5,Winter,6,12
2025-12-07,Montelukast 10mg,9,Winter,6,12
2025-12-07,Carbamazepine 200mg,3,Winter,6,12
2025-12-08,Paracetamol 650mg,15,Winter,0,12
2025-12-08,Cetirizine 10mg,26,Winter,0,12
2025-12-08,Amoxicillin 500mg,16,Winter,0,12
2025-12-08,Insulin Glargine 100IU,9,Winter,0,12
2025-12-08,Salbutamol Inhaler,7,Winter,0,12
2025-12-08,Phenytoin 100mg,3,Winter,0,12
2025-12-08,ORS (Oral Rehydration),12,Winter,0,12
2025-12-08,Cough Syrup 100ml,30,Winter,0,12
2025-12-08,Pantoprazole 40mg,10,Winter,0,12
2025-12-08,Metformin 500mg,21,Winter,0,12
2025-12-08,Amlodipine 5mg,13,Winter,0,12
2025-12-08,Azithromycin 500mg,11,Winter,0,12
2025-12-08,Ibuprofen 400mg,8,Winter,0,12
2025-12-08,Zinc Tablets 20mg,11,Winter,0,12
2025-12-08,Multivitamin Complex,17,Winter,0,12
2025-12-08,Folic Acid 5mg,22,Winter,0,12
2025-12-08,Atorvastatin 10mg,13,Winter,0,12
2025-12-08,Levocetirizine 5mg,19,Winter,0,12
2025-12-08,Ranitidine 150mg,13,Winter,0,12
2025-12-08,Diclofenac Gel 30g,6,Winter,0,12
2025-12-08,ORS (Orange Flavor),9,Winter,0,12
2025-12-08,Dolo 650mg,20,Winter,0,12
2025-12-08,Erythromycin 250mg,11,Winter,0,12
2025-12-08,Montelukast 10mg,6,Winter,0,12
2025-12-08,Carbamazepine 200mg,6,Winter,0,12
2025-12-09,Paracetamol 650mg,20,Winter,1,12
2025-12-09,Cetirizine 10mg,20,Winter,1,12
2025-12-09,Amoxicillin 500mg,18,Winter,1,12
2025-12-09,Insulin Glargine 100IU,1,Winter,1,12
2025-12-09,Salbutamol Inhaler,13,Winter,1,12
2025-12-09,Phenytoin 100mg,5,Winter,1,12
2025-12-09,ORS (Oral Rehydration),9,Winter,1,12
2025-12-09,Cough Syrup 100ml,35,Winter,1,12
2025-12-09,Pantoprazole 40mg,11,Winter,1,12
2025-12-09,Metformin 500mg,14,Winter,1,12
2025-12-09,Amlodipine 5mg,14,Winter,1,12
2025-12-09,Azithromycin 500mg,11,Winter,1,12
2025-12-09,Ibuprofen 400mg,9,Winter,1,12
2025-12-09,Zinc Tablets 20mg,8,Winter,1,12
2025-12-09,Multivitamin Complex,11,Winter,1,12
2025-12-09,Folic Acid 5mg,16,Winter,1,12
2025-12-09,Atorvastatin 10mg,6,Winter,1,12
2025-12-09,Levocetirizine 5mg,18,Winter,1,12
2025-12-09,Ranitidine 150mg,15,Winter,1,12
2025-12-09,Diclofenac Gel 30g,6,Winter,1,12
2025-12-09,ORS (Orange Flavor),8,Winter,1,12
2025-12-09,Dolo 650mg,15,Winter,1,12
2025-12-09,Erythromycin 250mg,12,Winter,1,12
2025-12-09,Montelukast 10mg,12,Winter,1,12
2025-12-09,Carbamazepine 200mg,2,Winter,1,12
2025-12-10,Paracetamol 650mg,13,Winter,2,12
2025-12-10,Cetirizine 10mg,8,Winter,2,12
2025-12-10,Amoxicillin 500mg,12,Winter,2,12
2025-12-10,Insulin Glargine 100IU,5,Winter,2,12
2025-12-10,Salbutamol Inhaler,12,Winter,2,12
2025-12-10,Phenytoin 100mg,3,Winter,2,12
2025-12-10,ORS (Oral Rehydration),16,Winter,2,12
2025-12-10,Cough Syrup 100ml,16,Winter,2,12
2025-12-10,Pantoprazole 40mg,9,Winter,2,12
2025-12-10,Metformin 500mg,20,Winter,2,12
2025-12-10,Amlodipine 5mg,21,Winter,2,12
2025-12-10,Azithromycin 500mg,9,Winter,2,12
2025-12-10,Ibuprofen 400mg,9,Winter,2,12
2025-12-10,Zinc Tablets 20mg,7,Winter,2,12
2025-12-10,Multivitamin Complex,12,Winter,2,12
2025-12-10,Folic Acid 5mg,14,Winter,2,12
2025-12-10,Atorvastatin 10mg,16,Winter,2,12
2025-12-10,Levocetirizine 5mg,10,Winter,2,12
2025-12-10,Ranitidine 150mg,14,Winter,2,12
2025-12-10,Diclofenac Gel 30g,8,Winter,2,12
2025-12-10,ORS (Orange Flavor),6,Winter,2,12
2025-12-10,Dolo 650mg,31,Winter,2,12
2025-12-10,Erythromycin 250mg,13,Winter,2,12
2025-12-10,Montelukast 10mg,20,Winter,2,12
2025-12-10,Carbamazepine 200mg,5,Winter,2,12
2025-12-11,Paracetamol 650mg,19,Winter,3,12
2025-12-11,Cetirizine 10mg,10,Winter,3,12
2025-12-11,Amoxicillin 500mg,18,Winter,3,12
2025-12-11,Insulin Glargine 100IU,2,Winter,3,12
2025-12-11,Salbutamol Inhaler,8,Winter,3,12
2025-12-11,Phenytoin 100mg,1,Winter,3,12
2025-12-11,ORS (Oral Rehydration),9,Winter,3,12
2025-12-11,Cough Syrup 100ml,31,Winter,3,12
2025-12-11,Pantoprazole 40mg,12,Winter,3,12
2025-12-11,Metformin 500mg,19,Winter,3,12
2025-12-11,Amlodipine 5mg,9,Winter,3,12
2025-12-11,Azithromycin 500mg,10,Winter,3,12
2025-12-11,Ibuprofen 400mg,7,Winter,3,12
2025-12-11,Zinc Tablets 20mg,8,Winter,3,12
2025-12-11,Multivitamin Complex,14,Winter,3,12
2025-12-11,Folic Acid 5mg,12,Winter,3,12
2025-12-11,Atorvastatin 10mg,17,Winter,3,12
2025-12-11,Levocetirizine 5mg,12,Winter,3,12
2025-12-11,Ranitidine 150mg,9,Winter,3,12
2025-12-11,Diclofenac Gel 30g,7,Winter,3,12
2025-12-11,ORS (Orange Flavor),8,Winter,3,12
2025-12-11,Dolo 650mg,22,Winter,3,12
2025-12-11,Erythromycin 250mg,10,Winter,3,12
2025-12-11,Montelukast 10mg,17,Winter,3,12
2025-12-11,Carbamazepine 200mg,4,Winter,3,12
2025-12-12,Paracetamol 650mg,24,Winter,4,12
2025-12-12,Cetirizine 10mg,14,Winter,4,12
2025-12-12,Amoxicillin 500mg,11,Winter,4,12
2025-12-12,Insulin Glargine 100IU,9,Winter,4,12
2025-12-12,Salbutamol Inhaler,10,Winter,4,12
2025-12-12,Phenytoin 100mg,3,Winter,4,12
2025-12-12,ORS (Oral Rehydration),11,Winter,4,12
2025-12-12,Cough Syrup 100ml,23,Winter,4,12
2025-12-12,Pantoprazole 40mg,11,Winter,4,12
2025-12-12,Metformin 500mg,18,Winter,4,12
2025-12-12,Amlodipine 5mg,13,Winter,4,12
2025-12-12,Azithromycin 500mg,16,Winter,4,12
2025-12-12,Ibuprofen 400mg,9,Winter,4,12
2025-12-12,Zinc Tablets 20mg,10,Winter,4,12
2025-12-12,Multivitamin Complex,14,Winter,4,12
2025-12-12,Folic Acid 5mg,14,Winter,4,12
2025-12-12,Atorvastatin 10mg,7,Winter,4,12
2025-12-12,Levocetirizine 5mg,14,Winter,4,12
2025-12-12,Ranitidine 150mg,15,Winter,4,12
2025-12-12,Diclofenac Gel 30g,6,Winter,4,12
2025-12-12,ORS (Orange Flavor),2,Winter,4,12
2025-12-12,Dolo 650mg,28,Winter,4,12
2025-12-12,Erythromycin 250mg,7,Winter,4,12
2025-12-12,Montelukast 10mg,10,Winter,4,12
2025-12-12,Carbamazepine 200mg,2,Winter,4,12
2025-12-13,Paracetamol 650mg,25,Winter,5,12
2025-12-13,Cetirizine 10mg,10,Winter,5,12
2025-12-13,Amoxicillin 500mg,22,Winter,5,12
2025-12-13,Insulin Glargine 100IU,6,Winter,5,12
2025-12-13,Salbutamol Inhaler,10,Winter,5,12
2025-12-13,Phenytoin 100mg,5,Winter,5,12
2025-12-13,ORS (Oral Rehydration),9,Winter,5,12
2025-12-13,Cough Syrup 100ml,32,Winter,5,12
2025-12-13,Pantoprazole 40mg,14,Winter,5,12
2025-12-13,Metformin 500mg,14,Winter,5,12
2025-12-13,Amlodipine 5mg,9,Winter,5,12
2025-12-13,Azithromycin 500mg,8,Winter,5,12
2025-12-13,Ibuprofen 400mg,13,Winter,5,12
2025-12-13,Zinc Tablets 20mg,14,Winter,5,12
2025-12-13,Multivitamin Complex,12,Winter,5,12
2025-12-13,Folic Acid 5mg,13,Winter,5,12
2025-12-13,Atorvastatin 10mg,18,Winter,5,12
2025-12-13,Levocetirizine 5mg,17,Winter,5,12
2025-12-13,Ranitidine 150mg,10,Winter,5,12
2025-12-13,Diclofenac Gel 30g,4,Winter,5,12
2025-12-13,ORS (Orange Flavor),4,Winter,5,12
2025-12-13,Dolo 650mg,19,Winter,5,12
2025-12-13,Erythromycin 250mg,11,Winter,5,12
2025-12-13,Montelukast 10mg,6,Winter,5,12
2025-12-13,Carbamazepine 200mg,3,Winter,5,12
2025-12-14,Paracetamol 650mg,21,Winter,6,12
2025-12-14,Cetirizine 10mg,12,Winter,6,12
2025-12-14,Amoxicillin 500mg,24,Winter,6,12
2025-12-14,Insulin Glargine 100IU,8,Winter,6,12
2025-12-14,Salbutamol Inhaler,3,Winter,6,12
2025-12-14,Phenytoin 100mg,2,Winter,6,12
2025-12-14,ORS (Oral Rehydration),8,Winter,6,12
2025-12-14,Cough Syrup 100ml,22,Winter,6,12
2025-12-14,Pantoprazole 40mg,14,Winter,6,12
2025-12-14,Metformin 500mg,9,Winter,6,12
2025-12-14,Amlodipine 5mg,17,Winter,6,12
2025-12-14,Azithromycin 500mg,9,Winter,6,12
2025-12-14,Ibuprofen 400mg,7,Winter,6,12
2025-12-14,Zinc Tablets 20mg,8,Winter,6,12
2025-12-14,Multivitamin Complex,10,Winter,6,12
2025-12-14,Folic Acid 5mg,13,Winter,6,12
2025-12-14,Atorvastatin 10mg,10,Winter,6,12
2025-12-14,Levocetirizine 5mg,21,Winter,6,12
2025-12-14,Ranitidine 150mg,18,Winter,6,12
2025-12-14,Diclofenac Gel 30g,6,Winter,6,12
2025-12-14,ORS (Orange Flavor),4,Winter,6,12
2025-12-14,Dolo 650mg,21,Winter,6,12
2025-12-14,Erythromycin 250mg,13,Winter,6,12
2025-12-14,Montelukast 10mg,14,Winter,6,12
2025-12-14,Carbamazepine 200mg,7,Winter,6,12
2025-12-15,Paracetamol 650mg,13,Winter,0,12
2025-12-15,Cetirizine 10mg,12,Winter,0,12
2025-12-15,Amoxicillin 500mg,13,Winter,0,12
2025-12-15,Insulin Glargine 100IU,8,Winter,0,12
2025-12-15,Salbutamol Inhaler,12,Winter,0,12
2025-12-15,Phenytoin 100mg,3,Winter,0,12
2025-12-15,ORS (Oral Rehydration),11,Winter,0,12
2025-12-15,Cough Syrup 100ml,33,Winter,0,12
2025-12-15,Pantoprazole 40mg,14,Winter,0,12
2025-12-15,Metformin 500mg,19,Winter,0,12
2025-12-15,Amlodipine 5mg,14,Winter,0,12
2025-12-15,Azithromycin 500mg,11,Winter,0,12
2025-12-15,Ibuprofen 400mg,5,Winter,0,12
2025-12-15,Zinc Tablets 20mg,10,Winter,0,12
2025-12-15,Multivitamin Complex,15,Winter,0,12
2025-12-15,Folic Acid 5mg,16,Winter,0,12
2025-12-15,Atorvastatin 10mg,12,Winter,0,12
2025-12-15,Levocetirizine 5mg,14,Winter,0,12
2025-12-15,Ranitidine 150mg,13,Winter,0,12
2025-12-15,Diclofenac Gel 30g,6,Winter,0,12
2025-12-15,ORS (Orange Flavor),8,Winter,0,12
2025-12-15,Dolo 650mg,25,Winter,0,12
2025-12-15,Erythromycin 250mg,12,Winter,0,12
2025-12-15,Montelukast 10mg,8,Winter,0,12
2025-12-15,Carbamazepine 200mg,6,Winter,0,12
2025-12-16,Paracetamol 650mg,24,Winter,1,12
2025-12-16,Cetirizine 10mg,12,Winter,1,12
2025-12-16,Amoxicillin 500mg,14,Winter,1,12
2025-12-16,Insulin Glargine 100IU,4,Winter,1,12
2025-12-16,Salbutamol Inhaler,9,Winter,1,12
2025-12-16,Phenytoin 100mg,2,Winter,1,12
2025-12-16,ORS (Oral Rehydration),13,Winter,1,12
2025-12-16,Cough Syrup 100ml,26,Winter,1,12
2025-12-16,Pantoprazole 40mg,14,Winter,1,12
2025-12-16,Metformin 500mg,18,Winter,1,12
2025-12-16,Amlodipine 5mg,12,Winter,1,12
2025-12-16,Azithromycin 500mg,9,Winter,1,12
2025-12-16,Ibuprofen 400mg,8,Winter,1,12
2025-12-16,Zinc Tablets 20mg,9,Winter,1,12
2025-12-16,Multivitamin Complex,8,Winter,1,12
2025-12-16,Folic Acid 5mg,12,Winter,1,12
2025-12-16,Atorvastatin 10mg,8,Winter,1,12
2025-12-16,Levocetirizine 5mg,9,Winter,1,12
2025-12-16,Ranitidine 150mg,14,Winter,1,12
2025-12-16,Diclofenac Gel 30g,10,Winter,1,12
2025-12-16,ORS (Orange Flavor),4,Winter,1,12
2025-12-16,Dolo 650mg,24,Winter,1,12
2025-12-16,Erythromycin 250mg,4,Winter,1,12
2025-12-16,Montelukast 10mg,17,Winter,1,12
2025-12-16,Carbamazepine 200mg,4,Winter,1,12
2025-12-17,Paracetamol 650mg,25,Winter,2,12
2025-12-17,Cetirizine 10mg,18,Winter,2,12
2025-12-17,Amoxicillin 500mg,14,Winter,2,12
2025-12-17,Insulin Glargine 100IU,4,Winter,2,12
2025-12-17,Salbutamol Inhaler,11,Winter,2,12
2025-12-17,Phenytoin 100mg,2,Winter,2,12
2025-12-17,ORS (Oral Rehydration),9,Winter,2,12
2025-12-17,Cough Syrup 100ml,22,Winter,2,12
2025-12-17,Pantoprazole 40mg,8,Winter,2,12
2025-12-17,Metformin 500mg,19,Winter,2,12
2025-12-17,Amlodipine 5mg,13,Winter,2,12
2025-12-17,Azithromycin 500mg,20,Winter,2,12
2025-12-17,Ibuprofen 400mg,11,Winter,2,12
2025-12-17,Zinc Tablets 20mg,6,Winter,2,12
2025-12-17,Multivitamin Complex,15,Winter,2,12
2025-12-17,Folic Acid 5mg,18,Winter,2,12
2025-12-17,Atorvastatin 10mg,17,Winter,2,12
2025-12-17,Levocetirizine 5mg,16,Winter,2,12
2025-12-17,Ranitidine 150mg,15,Winter,2,12
2025-12-17,Diclofenac Gel 30g,5,Winter,2,12
2025-12-17,ORS (Orange Flavor),8,Winter,2,12
2025-12-17,Dolo 650mg,27,Winter,2,12
2025-12-17,Erythromycin 250mg,9,Winter,2,12
2025-12-17,Montelukast 10mg,11,Winter,2,12
2025-12-17,Carbamazepine 200mg,6,Winter,2,12
2025-12-18,Paracetamol 650mg,25,Winter,3,12
2025-12-18,Cetirizine 10mg,16,Winter,3,12
2025-12-18,Amoxicillin 500mg,11,Winter,3,12
2025-12-18,Insulin Glargine 100IU,9,Winter,3,12
2025-12-18,Salbutamol Inhaler,12,Winter,3,12
2025-12-18,Phenytoin 100mg,4,Winter,3,12
2025-12-18,ORS (Oral Rehydration),9,Winter,3,12
2025-12-18,Cough Syrup 100ml,32,Winter,3,12
2025-12-18,Pantoprazole 40mg,16,Winter,3,12
2025-12-18,Metformin 500mg,12,Winter,3,12
2025-12-18,Amlodipine 5mg,27,Winter,3,12
2025-12-18,Azithromycin 500mg,15,Winter,3,12
2025-12-18,Ibuprofen 400mg,4,Winter,3,12
2025-12-18,Zinc Tablets 20mg,4,Winter,3,12
2025-12-18,Multivitamin Complex,13,Winter,3,12
2025-12-18,Folic Acid 5mg,13,Winter,3,12
2025-12-18,Atorvastatin 10mg,13,Winter,3,12
2025-12-18,Levocetirizine 5mg,11,Winter,3,12
2025-12-18,Ranitidine 150mg,11,Winter,3,12
2025-12-18,Diclofenac Gel 30g,10,Winter,3,12
2025-12-18,ORS (Orange Flavor),6,Winter,3,12
2025-12-18,Dolo 650mg,23,Winter,3,12
2025-12-18,Erythromycin 250mg,10,Winter,3,12
2025-12-18,Montelukast 10mg,12,Winter,3,12
2025-12-18,Carbamazepine 200mg,10,Winter,3,12
2025-12-19,Paracetamol 650mg,20,Winter,4,12
2025-12-19,Cetirizine 10mg,15,Winter,4,12
2025-12-19,Amoxicillin 500mg,15,Winter,4,12
2025-12-19,Insulin Glargine 100IU,3,Winter,4,12
2025-12-19,Salbutamol Inhaler,14,Winter,4,12
2025-12-19,Phenytoin 100mg,4,Winter,4,12
2025-12-19,ORS (Oral Rehydration),12,Winter,4,12
2025-12-19,Cough Syrup 100ml,23,Winter,4,12
2025-12-19,Pantoprazole 40mg,16,Winter,4,12
2025-12-19,Metformin 500mg,15,Winter,4,12
2025-12-19,Amlodipine 5mg,14,Winter,4,12
2025-12-19,Azithromycin 500mg,16,Winter,4,12
2025-12-19,Ibuprofen 400mg,10,Winter,4,12
2025-12-19,Zinc Tablets 20mg,8,Winter,4,12
2025-12-19,Multivitamin Complex,13,Winter,4,12
2025-12-19,Folic Acid 5mg,13,Winter,4,12
2025-12-19,Atorvastatin 10mg,16,Winter,4,12
2025-12-19,Levocetirizine 5mg,18,Winter,4,12
2025-12-19,Ranitidine 150mg,14,Winter,4,12
2025-12-19,Diclofenac Gel 30g,6,Winter,4,12
2025-12-19,ORS (Orange Flavor),7,Winter,4,12
2025-12-19,Dolo 650mg,21,Winter,4,12
2025-12-19,Erythromycin 250mg,7,Winter,4,12
2025-12-19,Montelukast 10mg,12,Winter,4,12
2025-12-19,Carbamazepine 200mg,4,Winter,4,12
2025-12-20,Paracetamol 650mg,27,Winter,5,12
2025-12-20,Cetirizine 10mg,19,Winter,5,12
2025-12-20,Amoxicillin 500mg,17,Winter,5,12
2025-12-20,Insulin Glargine 100IU,9,Winter,5,12
2025-12-20,Salbutamol Inhaler,9,Winter,5,12
2025-12-20,Phenytoin 100mg,2,Winter,5,12
2025-12-20,ORS (Oral Rehydration),11,Winter,5,12
2025-12-20,Cough Syrup 100ml,25,Winter,5,12
2025-12-20,Pantoprazole 40mg,12,Winter,5,12
2025-12-20,Metformin 500mg,20,Winter,5,12
2025-12-20,Amlodipine 5mg,15,Winter,5,12
2025-12-20,Azithromycin 500mg,19,Winter,5,12
2025-12-20,Ibuprofen 400mg,9,Winter,5,12
2025-12-20,Zinc Tablets 20mg,10,Winter,5,12
2025-12-20,Multivitamin Complex,18,Winter,5,12
2025-12-20,Folic Acid 5mg,20,Winter,5,12
2025-12-20,Atorvastatin 10mg,8,Winter,5,12
2025-12-20,Levocetirizine 5mg,20,Winter,5,12
2025-12-20,Ranitidine 150mg,11,Winter,5,12
2025-12-20,Diclofenac Gel 30g,9,Winter,5,12
2025-12-20,ORS (Orange Flavor),9,Winter,5,12
2025-12-20,Dolo 650mg,34,Winter,5,12
2025-12-20,Erythromycin 250mg,6,Winter,5,12
2025-12-20,Montelukast 10mg,11,Winter,5,12
2025-12-20,Carbamazepine 200mg,3,Winter,5,12
2025-12-21,Paracetamol 650mg,13,Winter,6,12
2025-12-21,Cetirizine 10mg,9,Winter,6,12
2025-12-21,Amoxicillin 500mg,17,Winter,6,12
2025-12-21,Insulin Glargine 100IU,7,Winter,6,12
2025-12-21,Salbutamol Inhaler,12,Winter,6,12
2025-12-21,Phenytoin 100mg,6,Winter,6,12
2025-12-21,ORS (Oral Rehydration),14,Winter,6,12
2025-12-21,Cough Syrup 100ml,35,Winter,6,12
2025-12-21,Pantoprazole 40mg,15,Winter,6,12
2025-12-21,Metformin 500mg,11,Winter,6,12
2025-12-21,Amlodipine 5mg,16,Winter,6,12
2025-12-21,Azithromycin 500mg,11,Winter,6,12
2025-12-21,Ibuprofen 400mg,4,Winter,6,12
2025-12-21,Zinc Tablets 20mg,9,Winter,6,12
2025-12-21,Multivitamin Complex,19,Winter,6,12
2025-12-21,Folic Acid 5mg,6,Winter,6,12
2025-12-21,Atorvastatin 10mg,12,Winter,6,12
2025-12-21,Levocetirizine 5mg,20,Winter,6,12
2025-12-21,Ranitidine 150mg,11,Winter,6,12
2025-12-21,Diclofenac Gel 30g,8,Winter,6,12
2025-12-21,ORS (Orange Flavor),8,Winter,6,12
2025-12-21,Dolo 650mg,20,Winter,6,12
2025-12-21,Erythromycin 250mg,13,Winter,6,12
2025-12-21,Montelukast 10mg,14,Winter,6,12
2025-12-21,Carbamazepine 200mg,7,Winter,6,12
2025-12-22,Paracetamol 650mg,18,Winter,0,12
2025-12-22,Cetirizine 10mg,11,Winter,0,12
2025-12-22,Amoxicillin 500mg,17,Winter,0,12
2025-12-22,Insulin Glargine 100IU,4,Winter,0,12
2025-12-22,Salbutamol Inhaler,8,Winter,0,12
2025-12-22,Phenytoin 100mg,1,Winter,0,12
2025-12-22,ORS (Oral Rehydration),4,Winter,0,12
2025-12-22,Cough Syrup 100ml,24,Winter,0,12
2025-12-22,Pantoprazole 40mg,10,Winter,0,12
2025-12-22,Metformin 500mg,17,Winter,0,12
2025-12-22,Amlodipine 5mg,17,Winter,0,12
2025-12-22,Azithromycin 500mg,7,Winter,0,12
2025-12-22,Ibuprofen 400mg,5,Winter,0,12
2025-12-22,Zinc Tablets 20mg,5,Winter,0,12
2025-12-22,Multivitamin Complex,14,Winter,0,12
2025-12-22,Folic Acid 5mg,10,Winter,0,12
2025-12-22,Atorvastatin 10mg,16,Winter,0,12
2025-12-22,Levocetirizine 5mg,18,Winter,0,12
2025-12-22,Ranitidine 150mg,13,Winter,0,12
2025-12-22,Diclofenac Gel 30g,9,Winter,0,12
2025-12-22,ORS (Orange Flavor),6,Winter,0,12
2025-12-22,Dolo 650mg,26,Winter,0,12
2025-12-22,Erythromycin 250mg,3,Winter,0,12
2025-12-22,Montelukast 10mg,14,Winter,0,12
2025-12-22,Carbamazepine 200mg,8,Winter,0,12
2025-12-23,Paracetamol 650mg,15,Winter,1,12
2025-12-23,Cetirizine 10mg,15,Winter,1,12
2025-12-23,Amoxicillin 500mg,8,Winter,1,12
2025-12-23,Insulin Glargine 100IU,5,Winter,1,12
2025-12-23,Salbutamol Inhaler,17,Winter,1,12
2025-12-23,Phenytoin 100mg,1,Winter,1,12
2025-12-23,ORS (Oral Rehydration),8,Winter,1,12
2025-12-23,Cough Syrup 100ml,24,Winter,1,12
2025-12-23,Pantoprazole 40mg,8,Winter,1,12
2025-12-23,Metformin 500mg,26,Winter,1,12
2025-12-23,Amlodipine 5mg,14,Winter,1,12
2025-12-23,Azithromycin 500mg,11,Winter,1,12
2025-12-23,Ibuprofen 400mg,6,Winter,1,12
2025-12-23,Zinc Tablets 20mg,7,Winter,1,12
2025-12-23,Multivitamin Complex,11,Winter,1,12
2025-12-23,Folic Acid 5mg,17,Winter,1,12
2025-12-23,Atorvastatin 10mg,12,Winter,1,12
2025-12-23,Levocetirizine 5mg,13,Winter,1,12
2025-12-23,Ranitidine 150mg,19,Winter,1,12
2025-12-23,Diclofenac Gel 30g,5,Winter,1,12
2025-12-23,ORS (Orange Flavor),7,Winter,1,12
2025-12-23,Dolo 650mg,21,Winter,1,12
2025-12-23,Erythromycin 250mg,7,Winter,1,12
2025-12-23,Montelukast 10mg,9,Winter,1,12
2025-12-23,Carbamazepine 200mg,1,Winter,1,12
2025-12-24,Paracetamol 650mg,13,Winter,2,12
2025-12-24,Cetirizine 10mg,11,Winter,2,12
2025-12-24,Amoxicillin 500mg,14,Winter,2,12
2025-12-24,Insulin Glargine 100IU,7,Winter,2,12
2025-12-24,Salbutamol Inhaler,5,Winter,2,12
2025-12-24,Phenytoin 100mg,3,Winter,2,12
2025-12-24,ORS (Oral Rehydration),7,Winter,2,12
2025-12-24,Cough Syrup 100ml,23,Winter,2,12
2025-12-24,Pantoprazole 40mg,13,Winter,2,12
2025-12-24,Metformin 500mg,21,Winter,2,12
2025-12-24,Amlodipine 5mg,9,Winter,2,12
2025-12-24,Azithromycin 500mg,19,Winter,2,12
2025-12-24,Ibuprofen 400mg,9,Winter,2,12
2025-12-24,Zinc Tablets 20mg,12,Winter,2,12
2025-12-24,Multivitamin Complex,15,Winter,2,12
2025-12-24,Folic Acid 5mg,11,Winter,2,12
2025-12-24,Atorvastatin 10mg,9,Winter,2,12
2025-12-24,Levocetirizine 5mg,14,Winter,2,12
2025-12-24,Ranitidine 150mg,20,Winter,2,12
2025-12-24,Diclofenac Gel 30g,8,Winter,2,12
2025-12-24,ORS (Orange Flavor),6,Winter,2,12
2025-12-24,Dolo 650mg,26,Winter,2,12
2025-12-24,Erythromycin 250mg,10,Winter,2,12
2025-12-24,Montelukast 10mg,14,Winter,2,12
2025-12-24,Carbamazepine 200mg,3,Winter,2,12
2025-12-25,Paracetamol 650mg,20,Winter,3,12
2025-12-25,Cetirizine 10mg,16,Winter,3,12
2025-12-25,Amoxicillin 500mg,16,Winter,3,12
2025-12-25,Insulin Glargine 100IU,1,Winter,3,12
2025-12-25,Salbutamol Inhaler,11,Winter,3,12
2025-12-25,Phenytoin 100mg,4,Winter,3,12
2025-12-25,ORS (Oral Rehydration),6,Winter,3,12
2025-12-25,Cough Syrup 100ml,27,Winter,3,12
2025-12-25,Pantoprazole 40mg,15,Winter,3,12
2025-12-25,Metformin 500mg,23,Winter,3,12
2025-12-25,Amlodipine 5mg,17,Winter,3,12
2025-12-25,Azithromycin 500mg,11,Winter,3,12
2025-12-25,Ibuprofen 400mg,12,Winter,3,12
2025-12-25,Zinc Tablets 20mg,6,Winter,3,12
2025-12-25,Multivitamin Complex,12,Winter,3,12
2025-12-25,Folic Acid 5mg,12,Winter,3,12
2025-12-25,Atorvastatin 10mg,12,Winter,3,12
2025-12-25,Levocetirizine 5mg,16,Winter,3,12
2025-12-25,Ranitidine 150mg,12,Winter,3,12
2025-12-25,Diclofenac Gel 30g,5,Winter,3,12
2025-12-25,ORS (Orange Flavor),10,Winter,3,12
2025-12-25,Dolo 650mg,29,Winter,3,12
2025-12-25,Erythromycin 250mg,9,Winter,3,12
2025-12-25,Montelukast 10mg,19,Winter,3,12
2025-12-25,Carbamazepine 200mg,3,Winter,3,12
2025-12-26,Paracetamol 650mg,11,Winter,4,12
2025-12-26,Cetirizine 10mg,24,Winter,4,12
2025-12-26,Amoxicillin 500mg,16,Winter,4,12
2025-12-26,Insulin Glargine 100IU,1,Winter,4,12
2025-12-26,Salbutamol Inhaler,8,Winter,4,12
2025-12-26,Phenytoin 100mg,1,Winter,4,12
2025-12-26,ORS (Oral Rehydration),13,Winter,4,12
2025-12-26,Cough Syrup 100ml,36,Winter,4,12
2025-12-26,Pantoprazole 40mg,17,Winter,4,12
2025-12-26,Metformin 500mg,15,Winter,4,12
2025-12-26,Amlodipine 5mg,18,Winter,4,12
2025-12-26,Azithromycin 500mg,9,Winter,4,12
2025-12-26,Ibuprofen 400mg,7,Winter,4,12
2025-12-26,Zinc Tablets 20mg,6,Winter,4,12
2025-12-26,Multivitamin Complex,13,Winter,4,12
2025-12-26,Folic Acid 5mg,14,Winter,4,12
2025-12-26,Atorvastatin 10mg,11,Winter,4,12
2025-12-26,Levocetirizine 5mg,16,Winter,4,12
2025-12-26,Ranitidine 150mg,17,Winter,4,12
2025-12-26,Diclofenac Gel 30g,11,Winter,4,12
2025-12-26,ORS (Orange Flavor),7,Winter,4,12
2025-12-26,Dolo 650mg,23,Winter,4,12
2025-12-26,Erythromycin 250mg,7,Winter,4,12
2025-12-26,Montelukast 10mg,15,Winter,4,12
2025-12-26,Carbamazepine 200mg,5,Winter,4,12
2025-12-27,Paracetamol 650mg,27,Winter,5,12
2025-12-27,Cetirizine 10mg,10,Winter,5,12
2025-12-27,Amoxicillin 500mg,10,Winter,5,12
2025-12-27,Insulin Glargine 100IU,5,Winter,5,12
2025-12-27,Salbutamol Inhaler,11,Winter,5,12
2025-12-27,Phenytoin 100mg,9,Winter,5,12
2025-12-27,ORS (Oral Rehydration),8,Winter,5,12
2025-12-27,Cough Syrup 100ml,24,Winter,5,12
2025-12-27,Pantoprazole 40mg,4,Winter,5,12
2025-12-27,Metformin 500mg,18,Winter,5,12
2025-12-27,Amlodipine 5mg,16,Winter,5,12
2025-12-27,Azithromycin 500mg,15,Winter,5,12
2025-12-27,Ibuprofen 400mg,7,Winter,5,12
2025-12-27,Zinc Tablets 20mg,10,Winter,5,12
2025-12-27,Multivitamin Complex,19,Winter,5,12
2025-12-27,Folic Acid 5mg,17,Winter,5,12
2025-12-27,Atorvastatin 10mg,14,Winter,5,12
2025-12-27,Levocetirizine 5mg,16,Winter,5,12
2025-12-27,Ranitidine 150mg,10,Winter,5,12
2025-12-27,Diclofenac Gel 30g,6,Winter,5,12
2025-12-27,ORS (Orange Flavor),8,Winter,5,12
2025-12-27,Dolo 650mg,28,Winter,5,12
2025-12-27,Erythromycin 250mg,6,Winter,5,12
2025-12-27,Montelukast 10mg,11,Winter,5,12
2025-12-27,Carbamazepine 200mg,3,Winter,5,12
2025-12-28,Paracetamol 650mg,26,Winter,6,12
2025-12-28,Cetirizine 10mg,19,Winter,6,12
2025-12-28,Amoxicillin 500mg,14,Winter,6,12
2025-12-28,Insulin Glargine 100IU,8,Winter,6,12
2025-12-28,Salbutamol Inhaler,13,Winter,6,12
2025-12-28,Phenytoin 100mg,3,Winter,6,12
2025-12-28,ORS (Oral Rehydration),9,Winter,6,12
2025-12-28,Cough Syrup 100ml,28,Winter,6,12
2025-12-28,Pantoprazole 40mg,10,Winter,6,12
2025-12-28,Metformin 500mg,14,Winter,6,12
2025-12-28,Amlodipine 5mg,14,Winter,6,12
2025-12-28,Azithromycin 500mg,9,Winter,6,12
2025-12-28,Ibuprofen 400mg,5,Winter,6,12
2025-12-28,Zinc Tablets 20mg,5,Winter,6,12
2025-12-28,Multivitamin Complex,20,Winter,6,12
2025-12-28,Folic Acid 5mg,15,Winter,6,12
2025-12-28,Atorvastatin 10mg,10,Winter,6,12
2025-12-28,Levocetirizine 5mg,19,Winter,6,12
2025-12-28,Ranitidine 150mg,10,Winter,6,12
2025-12-28,Diclofenac Gel 30g,11,Winter,6,12
2025-12-28,ORS (Orange Flavor),8,Winter,6,12
2025-12-28,Dolo 650mg,23,Winter,6,12
2025-12-28,Erythromycin 250mg,3,Winter,6,12
2025-12-28,Montelukast 10mg,11,Winter,6,12
2025-12-28,Carbamazepine 200mg,1,Winter,6,12
2025-12-29,Paracetamol 650mg,15,Winter,0,12
2025-12-29,Cetirizine 10mg,15,Winter,0,12
2025-12-29,Amoxicillin 500mg,24,Winter,0,12
2025-12-29,Insulin Glargine 100IU,3,Winter,0,12
2025-12-29,Salbutamol Inhaler,9,Winter,0,12
2025-12-29,Phenytoin 100mg,3,Winter,0,12
2025-12-29,ORS (Oral Rehydration),14,Winter,0,12
2025-12-29,Cough Syrup 100ml,26,Winter,0,12
2025-12-29,Pantoprazole 40mg,5,Winter,0,12
2025-12-29,Metformin 500mg,8,Winter,0,12
2025-12-29,Amlodipine 5mg,17,Winter,0,12
2025-12-29,Azithromycin 500mg,7,Winter,0,12
2025-12-29,Ibuprofen 400mg,11,Winter,0,12
2025-12-29,Zinc Tablets 20mg,9,Winter,0,12
2025-12-29,Multivitamin Complex,12,Winter,0,12
2025-12-29,Folic Acid 5mg,22,Winter,0,12
2025-12-29,Atorvastatin 10mg,7,Winter,0,12
2025-12-29,Levocetirizine 5mg,18,Winter,0,12
2025-12-29,Ranitidine 150mg,19,Winter,0,12
2025-12-29,Diclofenac Gel 30g,7,Winter,0,12
2025-12-29,ORS (Orange Flavor),5,Winter,0,12
2025-12-29,Dolo 650mg,27,Winter,0,12
2025-12-29,Erythromycin 250mg,7,Winter,0,12
2025-12-29,Montelukast 10mg,15,Winter,0,12
2025-12-29,Carbamazepine 200mg,6,Winter,0,12
2025-12-30,Paracetamol 650mg,16,Winter,1,12
2025-12-30,Cetirizine 10mg,20,Winter,1,12
2025-12-30,Amoxicillin 500mg,13,Winter,1,12
2025-12-30,Insulin Glargine 100IU,1,Winter,1,12
2025-12-30,Salbutamol Inhaler,12,Winter,1,12
2025-12-30,Phenytoin 100mg,2,Winter,1,12
2025-12-30,ORS (Oral Rehydration),7,Winter,1,12
2025-12-30,Cough Syrup 100ml,37,Winter,1,12
2025-12-30,Pantoprazole 40mg,13,Winter,1,12
2025-12-30,Metformin 500mg,19,Winter,1,12
2025-12-30,Amlodipine 5mg,16,Winter,1,12
2025-12-30,Azithromycin 500mg,16,Winter,1,12
2025-12-30,Ibuprofen 400mg,12,Winter,1,12
2025-12-30,Zinc Tablets 20mg,11,Winter,1,12
2025-12-30,Multivitamin Complex,13,Winter,1,12
2025-12-30,Folic Acid 5mg,14,Winter,1,12
2025-12-30,Atorvastatin 10mg,13,Winter,1,12
2025-12-30,Levocetirizine 5mg,14,Winter,1,12
2025-12-30,Ranitidine 150mg,13,Winter,1,12
2025-12-30,Diclofenac Gel 30g,6,Winter,1,12
2025-12-30,ORS (Orange Flavor),11,Winter,1,12
2025-12-30,Dolo 650mg,22,Winter,1,12
2025-12-30,Erythromycin 250mg,10,Winter,1,12
2025-12-30,Montelukast 10mg,13,Winter,1,12
2025-12-30,Carbamazepine 200mg,6,Winter,1,12
2025-12-31,Paracetamol 650mg,19,Winter,2,12
2025-12-31,Cetirizine 10mg,13,Winter,2,12
2025-12-31,Amoxicillin 500mg,18,Winter,2,12
2025-12-31,Insulin Glargine 100IU,4,Winter,2,12
2025-12-31,Salbutamol Inhaler,7,Winter,2,12
2025-12-31,Phenytoin 100mg,2,Winter,2,12
2025-12-31,ORS (Oral Rehydration),10,Winter,2,12
2025-12-31,Cough Syrup 100ml,30,Winter,2,12
2025-12-31,Pantoprazole 40mg,9,Winter,2,12
2025-12-31,Metformin 500mg,13,Winter,2,12
2025-12-31,Amlodipine 5mg,20,Winter,2,12
2025-12-31,Azithromycin 500mg,9,Winter,2,12
2025-12-31,Ibuprofen 400mg,13,Winter,2,12
2025-12-31,Zinc Tablets 20mg,10,Winter,2,12
2025-12-31,Multivitamin Complex,6,Winter,2,12
2025-12-31,Folic Acid 5mg,17,Winter,2,12
2025-12-31,Atorvastatin 10mg,10,Winter,2,12
2025-12-31,Levocetirizine 5mg,15,Winter,2,12
2025-12-31,Ranitidine 150mg,20,Winter,2,12
2025-12-31,Diclofenac Gel 30g,7,Winter,2,12
2025-12-31,ORS (Orange Flavor),7,Winter,2,12
2025-12-31,Dolo 650mg,22,Winter,2,12
2025-12-31,Erythromycin 250mg,9,Winter,2,12
2025-12-31,Montelukast 10mg,11,Winter,2,12
2025-12-31,Carbamazepine 200mg,7,Winter,2,12
2026-01-01,Paracetamol 650mg,22,Winter,3,1
2026-01-01,Cetirizine 10mg,14,Winter,3,1
2026-01-01,Amoxicillin 500mg,14,Winter,3,1
2026-01-01,Insulin Glargine 100IU,5,Winter,3,1
2026-01-01,Salbutamol Inhaler,6,Winter,3,1
2026-01-01,Phenytoin 100mg,2,Winter,3,1
2026-01-01,ORS (Oral Rehydration),6,Winter,3,1
2026-01-01,Cough Syrup 100ml,37,Winter,3,1
2026-01-01,Pantoprazole 40mg,10,Winter,3,1
2026-01-01,Metformin 500mg,24,Winter,3,1
2026-01-01,Amlodipine 5mg,14,Winter,3,1
2026-01-01,Azithromycin 500mg,16,Winter,3,1
2026-01-01,Ibuprofen 400mg,6,Winter,3,1
2026-01-01,Zinc Tablets 20mg,5,Winter,3,1
2026-01-01,Multivitamin Complex,16,Winter,3,1
2026-01-01,Folic Acid 5mg,7,Winter,3,1
2026-01-01,Atorvastatin 10mg,9,Winter,3,1
2026-01-01,Levocetirizine 5mg,16,Winter,3,1
2026-01-01,Ranitidine 150mg,12,Winter,3,1
2026-01-01,Diclofenac Gel 30g,9,Winter,3,1
2026-01-01,ORS (Orange Flavor),8,Winter,3,1
2026-01-01,Dolo 650mg,19,Winter,3,1
2026-01-01,Erythromycin 250mg,11,Winter,3,1
2026-01-01,Montelukast 10mg,14,Winter,3,1
2026-01-01,Carbamazepine 200mg,3,Winter,3,1
2026-01-02,Paracetamol 650mg,21,Winter,4,1
2026-01-02,Cetirizine 10mg,8,Winter,4,1
2026-01-02,Amoxicillin 500mg,19,Winter,4,1
2026-01-02,Insulin Glargine 100IU,4,Winter,4,1
2026-01-02,Salbutamol Inhaler,11,Winter,4,1
2026-01-02,Phenytoin 100mg,2,Winter,4,1
2026-01-02,ORS (Oral Rehydration),20,Winter,4,1
2026-01-02,Cough Syrup 100ml,33,Winter,4,1
2026-01-02,Pantoprazole 40mg,7,Winter,4,1
2026-01-02,Metformin 500mg,13,Winter,4,1
2026-01-02,Amlodipine 5mg,18,Winter,4,1
2026-01-02,Azithromycin 500mg,15,Winter,4,1
2026-01-02,Ibuprofen 400mg,11,Winter,4,1
2026-01-02,Zinc Tablets 20mg,12,Winter,4,1
2026-01-02,Multivitamin Complex,13,Winter,4,1
2026-01-02,Folic Acid 5mg,19,Winter,4,1
2026-01-02,Atorvastatin 10mg,10,Winter,4,1
2026-01-02,Levocetirizine 5mg,22,Winter,4,1
2026-01-02,Ranitidine 150mg,13,Winter,4,1
2026-01-02,Diclofenac Gel 30g,4,Winter,4,1
2026-01-02,ORS (Orange Flavor),9,Winter,4,1
2026-01-02,Dolo 650mg,21,Winter,4,1
2026-01-02,Erythromycin 250mg,9,Winter,4,1
2026-01-02,Montelukast 10mg,19,Winter,4,1
2026-01-02,Carbamazepine 200mg,4,Winter,4,1
2026-01-03,Paracetamol 650mg,19,Winter,5,1
2026-01-03,Cetirizine 10mg,10,Winter,5,1
2026-01-03,Amoxicillin 500mg,17,Winter,5,1
2026-01-03,Insulin Glargine 100IU,2,Winter,5,1
2026-01-03,Salbutamol Inhaler,10,Winter,5,1
2026-01-03,Phenytoin 100mg,2,Winter,5,1
2026-01-03,ORS (Oral Rehydration),5,Winter,5,1
2026-01-03,Cough Syrup 100ml,28,Winter,5,1
2026-01-03,Pantoprazole 40mg,10,Winter,5,1
2026-01-03,Metformin 500mg,20,Winter,5,1
2026-01-03,Amlodipine 5mg,8,Winter,5,1
2026-01-03,Azithromycin 500mg,14,Winter,5,1
2026-01-03,Ibuprofen 400mg,11,Winter,5,1
2026-01-03,Zinc Tablets 20mg,5,Winter,5,1
2026-01-03,Multivitamin Complex,12,Winter,5,1
2026-01-03,Folic Acid 5mg,13,Winter,5,1
2026-01-03,Atorvastatin 10mg,12,Winter,5,1
2026-01-03,Levocetirizine 5mg,12,Winter,5,1
2026-01-03,Ranitidine 150mg,20,Winter,5,1
2026-01-03,Diclofenac Gel 30g,10,Winter,5,1
2026-01-03,ORS (Orange Flavor),11,Winter,5,1
2026-01-03,Dolo 650mg,26,Winter,5,1
2026-01-03,Erythromycin 250mg,12,Winter,5,1
2026-01-03,Montelukast 10mg,15,Winter,5,1
2026-01-03,Carbamazepine 200mg,10,Winter,5,1
2026-01-04,Paracetamol 650mg,17,Winter,6,1
2026-01-04,Cetirizine 10mg,8,Winter,6,1
2026-01-04,Amoxicillin 500mg,21,Winter,6,1
2026-01-04,Insulin Glargine 100IU,6,Winter,6,1
2026-01-04,Salbutamol Inhaler,10,Winter,6,1
2026-01-04,Phenytoin 100mg,3,Winter,6,1
2026-01-04,ORS (Oral Rehydration),7,Winter,6,1
2026-01-04,Cough Syrup 100ml,29,Winter,6,1
2026-01-04,Pantoprazole 40mg,8,Winter,6,1
2026-01-04,Metformin 500mg,27,Winter,6,1
2026-01-04,Amlodipine 5mg,17,Winter,6,1
2026-01-04,Azithromycin 500mg,9,Winter,6,1
2026-01-04,Ibuprofen 400mg,10,Winter,6,1
2026-01-04,Zinc Tablets 20mg,9,Winter,6,1
2026-01-04,Multivitamin Complex,11,Winter,6,1
2026-01-04,Folic Acid 5mg,15,Winter,6,1
2026-01-04,Atorvastatin 10mg,13,Winter,6,1
2026-01-04,Levocetirizine 5mg,19,Winter,6,1
2026-01-04,Ranitidine 150mg,14,Winter,6,1
2026-01-04,Diclofenac Gel 30g,9,Winter,6,1
2026-01-04,ORS (Orange Flavor),9,Winter,6,1
2026-01-04,Dolo 650mg,20,Winter,6,1
2026-01-04,Erythromycin 250mg,14,Winter,6,1
2026-01-04,Montelukast 10mg,13,Winter,6,1
2026-01-04,Carbamazepine 200mg,1,Winter,6,1
2026-01-05,Paracetamol 650mg,19,Winter,0,1
2026-01-05,Cetirizine 10mg,19,Winter,0,1
2026-01-05,Amoxicillin 500mg,18,Winter,0,1
2026-01-05,Insulin Glargine 100IU,4,Winter,0,1
2026-01-05,Salbutamol Inhaler,10,Winter,0,1
2026-01-05,Phenytoin 100mg,2,Winter,0,1
2026-01-05,ORS (Oral Rehydration),11,Winter,0,1
2026-01-05,Cough Syrup 100ml,22,Winter,0,1
2026-01-05,Pantoprazole 40mg,14,Winter,0,1
2026-01-05,Metformin 500mg,32,Winter,0,1
2026-01-05,Amlodipine 5mg,17,Winter,0,1
2026-01-05,Azithromycin 500mg,4,Winter,0,1
2026-01-05,Ibuprofen 400mg,7,Winter,0,1
2026-01-05,Zinc Tablets 20mg,14,Winter,0,1
2026-01-05,Multivitamin Complex,12,Winter,0,1
2026-01-05,Folic Acid 5mg,12,Winter,0,1
2026-01-05,Atorvastatin 10mg,8,Winter,0,1
2026-01-05,Levocetirizine 5mg,22,Winter,0,1
2026-01-05,Ranitidine 150mg,11,Winter,0,1
2026-01-05,Diclofenac Gel 30g,11,Winter,0,1
2026-01-05,ORS (Orange Flavor),9,Winter,0,1
2026-01-05,Dolo 650mg,25,Winter,0,1
2026-01-05,Erythromycin 250mg,5,Winter,0,1
2026-01-05,Montelukast 10mg,12,Winter,0,1
2026-01-05,Carbamazepine 200mg,6,Winter,0,1
2026-01-06,Paracetamol 650mg,16,Winter,1,1
2026-01-06,Cetirizine 10mg,14,Winter,1,1
2026-01-06,Amoxicillin 500mg,15,Winter,1,1
2026-01-06,Insulin Glargine 100IU,3,Winter,1,1
2026-01-06,Salbutamol Inhaler,12,Winter,1,1
2026-01-06,Phenytoin 100mg,5,Winter,1,1
2026-01-06,ORS (Oral Rehydration),11,Winter,1,1
2026-01-06,Cough Syrup 100ml,34,Winter,1,1
2026-01-06,Pantoprazole 40mg,19,Winter,1,1
2026-01-06,Metformin 500mg,18,Winter,1,1
2026-01-06,Amlodipine 5mg,15,Winter,1,1
2026-01-06,Azithromycin 500mg,16,Winter,1,1
2026-01-06,Ibuprofen 400mg,9,Winter,1,1
2026-01-06,Zinc Tablets 20mg,13,Winter,1,1
2026-01-06,Multivitamin Complex,15,Winter,1,1
2026-01-06,Folic Acid 5mg,15,Winter,1,1
2026-01-06,Atorvastatin 10mg,16,Winter,1,1
2026-01-06,Levocetirizine 5mg,16,Winter,1,1
2026-01-06,Ranitidine 150mg,12,Winter,1,1
2026-01-06,Diclofenac Gel 30g,5,Winter,1,1
2026-01-06,ORS (Orange Flavor),8,Winter,1,1
2026-01-06,Dolo 650mg,34,Winter,1,1
2026-01-06,Erythromycin 250mg,9,Winter,1,1
2026-01-06,Montelukast 10mg,9,Winter,1,1
2026-01-06,Carbamazepine 200mg,6,Winter,1,1
2026-01-07,Paracetamol 650mg,24,Winter,2,1
2026-01-07,Cetirizine 10mg,13,Winter,2,1
2026-01-07,Amoxicillin 500mg,18,Winter,2,1
2026-01-07,Insulin Glargine 100IU,6,Winter,2,1
2026-01-07,Salbutamol Inhaler,12,Winter,2,1
2026-01-07,Phenytoin 100mg,2,Winter,2,1
2026-01-07,ORS (Oral Rehydration),12,Winter,2,1
2026-01-07,Cough Syrup 100ml,30,Winter,2,1
2026-01-07,Pantoprazole 40mg,14,Winter,2,1
2026-01-07,Metformin 500mg,22,Winter,2,1
2026-01-07,Amlodipine 5mg,9,Winter,2,1
2026-01-07,Azithromycin 500mg,6,Winter,2,1
2026-01-07,Ibuprofen 400mg,5,Winter,2,1
2026-01-07,Zinc Tablets 20mg,11,Winter,2,1
2026-01-07,Multivitamin Complex,10,Winter,2,1
2026-01-07,Folic Acid 5mg,14,Winter,2,1
2026-01-07,Atorvastatin 10mg,17,Winter,2,1
2026-01-07,Levocetirizine 5mg,22,Winter,2,1
2026-01-07,Ranitidine 150mg,12,Winter,2,1
2026-01-07,Diclofenac Gel 30g,6,Winter,2,1
2026-01-07,ORS (Orange Flavor),9,Winter,2,1
2026-01-07,Dolo 650mg,21,Winter,2,1
2026-01-07,Erythromycin 250mg,10,Winter,2,1
2026-01-07,Montelukast 10mg,13,Winter,2,1
2026-01-07,Carbamazepine 200mg,1,Winter,2,1
2026-01-08,Paracetamol 650mg,16,Winter,3,1
2026-01-08,Cetirizine 10mg,17,Winter,3,1
2026-01-08,Amoxicillin 500mg,10,Winter,3,1
2026-01-08,Insulin Glargine 100IU,5,Winter,3,1
2026-01-08,Salbutamol Inhaler,11,Winter,3,1
2026-01-08,Phenytoin 100mg,8,Winter,3,1
2026-01-08,ORS (Oral Rehydration),6,Winter,3,1
2026-01-08,Cough Syrup 100ml,30,Winter,3,1
2026-01-08,Pantoprazole 40mg,7,Winter,3,1
2026-01-08,Metformin 500mg,11,Winter,3,1
2026-01-08,Amlodipine 5mg,20,Winter,3,1
2026-01-08,Azithromycin 500mg,8,Winter,3,1
2026-01-08,Ibuprofen 400mg,10,Winter,3,1
2026-01-08,Zinc Tablets 20mg,9,Winter,3,1
2026-01-08,Multivitamin Complex,9,Winter,3,1
2026-01-08,Folic Acid 5mg,14,Winter,3,1
2026-01-08,Atorvastatin 10mg,13,Winter,3,1
2026-01-08,Levocetirizine 5mg,12,Winter,3,1
2026-01-08,Ranitidine 150mg,10,Winter,3,1
2026-01-08,Diclofenac Gel 30g,7,Winter,3,1
2026-01-08,ORS (Orange Flavor),12,Winter,3,1
2026-01-08,Dolo 650mg,22,Winter,3,1
2026-01-08,Erythromycin 250mg,7,Winter,3,1
2026-01-08,Montelukast 10mg,9,Winter,3,1
2026-01-08,Carbamazepine 200mg,2,Winter,3,1
2026-01-09,Paracetamol 650mg,21,Winter,4,1
2026-01-09,Cetirizine 10mg,13,Winter,4,1
2026-01-09,Amoxicillin 500mg,16,Winter,4,1
2026-01-09,Insulin Glargine 100IU,9,Winter,4,1
2026-01-09,Salbutamol Inhaler,9,Winter,4,1
2026-01-09,Phenytoin 100mg,3,Winter,4,1
2026-01-09,ORS (Oral Rehydration),8,Winter,4,1
2026-01-09,Cough Syrup 100ml,23,Winter,4,1
2026-01-09,Pantoprazole 40mg,8,Winter,4,1
2026-01-09,Metformin 500mg,20,Winter,4,1
2026-01-09,Amlodipine 5mg,19,Winter,4,1
2026-01-09,Azithromycin 500mg,9,Winter,4,1
2026-01-09,Ibuprofen 400mg,11,Winter,4,1
2026-01-09,Zinc Tablets 20mg,3,Winter,4,1
2026-01-09,Multivitamin Complex,10,Winter,4,1
2026-01-09,Folic Acid 5mg,12,Winter,4,1
2026-01-09,Atorvastatin 10mg,11,Winter,4,1
2026-01-09,Levocetirizine 5mg,21,Winter,4,1
2026-01-09,Ranitidine 150mg,20,Winter,4,1
2026-01-09,Diclofenac Gel 30g,11,Winter,4,1
2026-01-09,ORS (Orange Flavor),11,Winter,4,1
2026-01-09,Dolo 650mg,34,Winter,4,1
2026-01-09,Erythromycin 250mg,12,Winter,4,1
2026-01-09,Montelukast 10mg,14,Winter,4,1
2026-01-09,Carbamazepine 200mg,2,Winter,4,1
2026-01-10,Paracetamol 650mg,21,Winter,5,1
2026-01-10,Cetirizine 10mg,13,Winter,5,1
2026-01-10,Amoxicillin 500mg,11,Winter,5,1
2026-01-10,Insulin Glargine 100IU,4,Winter,5,1
2026-01-10,Salbutamol Inhaler,11,Winter,5,1
2026-01-10,Phenytoin 100mg,5,Winter,5,1
2026-01-10,ORS (Oral Rehydration),9,Winter,5,1
2026-01-10,Cough Syrup 100ml,29,Winter,5,1
2026-01-10,Pantoprazole 40mg,11,Winter,5,1
2026-01-10,Metformin 500mg,11,Winter,5,1
2026-01-10,Amlodipine 5mg,15,Winter,5,1
2026-01-10,Azithromycin 500mg,7,Winter,5,1
2026-01-10,Ibuprofen 400mg,12,Winter,5,1
2026-01-10,Zinc Tablets 20mg,11,Winter,5,1
2026-01-10,Multivitamin Complex,17,Winter,5,1
2026-01-10,Folic Acid 5mg,9,Winter,5,1
2026-01-10,Atorvastatin 10mg,6,Winter,5,1
2026-01-10,Levocetirizine 5mg,12,Winter,5,1
2026-01-10,Ranitidine 150mg,19,Winter,5,1
2026-01-10,Diclofenac Gel 30g,4,Winter,5,1
2026-01-10,ORS (Orange Flavor),9,Winter,5,1
2026-01-10,Dolo 650mg,17,Winter,5,1
2026-01-10,Erythromycin 250mg,9,Winter,5,1
2026-01-10,Montelukast 10mg,10,Winter,5,1
2026-01-10,Carbamazepine 200mg,2,Winter,5,1
2026-01-11,Paracetamol 650mg,14,Winter,6,1
2026-01-11,Cetirizine 10mg,16,Winter,6,1
2026-01-11,Amoxicillin 500mg,18,Winter,6,1
2026-01-11,Insulin Glargine 100IU,5,Winter,6,1
2026-01-11,Salbutamol Inhaler,8,Winter,6,1
2026-01-11,Phenytoin 100mg,2,Winter,6,1
2026-01-11,ORS (Oral Rehydration),12,Winter,6,1
2026-01-11,Cough Syrup 100ml,32,Winter,6,1
2026-01-11,Pantoprazole 40mg,12,Winter,6,1
2026-01-11,Metformin 500mg,19,Winter,6,1
2026-01-11,Amlodipine 5mg,11,Winter,6,1
2026-01-11,Azithromycin 500mg,8,Winter,6,1
2026-01-11,Ibuprofen 400mg,7,Winter,6,1
2026-01-11,Zinc Tablets 20mg,4,Winter,6,1
2026-01-11,Multivitamin Complex,16,Winter,6,1
2026-01-11,Folic Acid 5mg,12,Winter,6,1
2026-01-11,Atorvastatin 10mg,7,Winter,6,1
2026-01-11,Levocetirizine 5mg,17,Winter,6,1
2026-01-11,Ranitidine 150mg,19,Winter,6,1
2026-01-11,Diclofenac Gel 30g,7,Winter,6,1
2026-01-11,ORS (Orange Flavor),9,Winter,6,1
2026-01-11,Dolo 650mg,23,Winter,6,1
2026-01-11,Erythromycin 250mg,12,Winter,6,1
2026-01-11,Montelukast 10mg,15,Winter,6,1
2026-01-11,Carbamazepine 200mg,4,Winter,6,1
2026-01-12,Paracetamol 650mg,18,Winter,0,1
2026-01-12,Cetirizine 10mg,6,Winter,0,1
2026-01-12,Amoxicillin 500mg,10,Winter,0,1
2026-01-12,Insulin Glargine 100IU,5,Winter,0,1
2026-01-12,Salbutamol Inhaler,6,Winter,0,1
2026-01-12,Phenytoin 100mg,1,Winter,0,1
2026-01-12,ORS (Oral Rehydration),12,Winter,0,1
2026-01-12,Cough Syrup 100ml,24,Winter,0,1
2026-01-12,Pantoprazole 40mg,16,Winter,0,1
2026-01-12,Metformin 500mg,15,Winter,0,1
2026-01-12,Amlodipine 5mg,12,Winter,0,1
2026-01-12,Azithromycin 500mg,10,Winter,0,1
2026-01-12,Ibuprofen 400mg,9,Winter,0,1
2026-01-12,Zinc Tablets 20mg,8,Winter,0,1
2026-01-12,Multivitamin Complex,15,Winter,0,1
2026-01-12,Folic Acid 5mg,22,Winter,0,1
2026-01-12,Atorvastatin 10mg,13,Winter,0,1
2026-01-12,Levocetirizine 5mg,20,Winter,0,1
2026-01-12,Ranitidine 150mg,17,Winter,0,1
2026-01-12,Diclofenac Gel 30g,6,Winter,0,1
2026-01-12,ORS (Orange Flavor),6,Winter,0,1
2026-01-12,Dolo 650mg,25,Winter,0,1
2026-01-12,Erythromycin 250mg,8,Winter,0,1
2026-01-12,Montelukast 10mg,15,Winter,0,1
2026-01-12,Carbamazepine 200mg,4,Winter,0,1
2026-01-13,Paracetamol 650mg,25,Winter,1,1
2026-01-13,Cetirizine 10mg,19,Winter,1,1
2026-01-13,Amoxicillin 500mg,20,Winter,1,1
2026-01-13,Insulin Glargine 100IU,4,Winter,1,1
2026-01-13,Salbutamol Inhaler,7,Winter,1,1
2026-01-13,Phenytoin 100mg,5,Winter,1,1
2026-01-13,ORS (Oral Rehydration),14,Winter,1,1
2026-01-13,Cough Syrup 100ml,31,Winter,1,1
2026-01-13,Pantoprazole 40mg,13,Winter,1,1
2026-01-13,Metformin 500mg,18,Winter,1,1
2026-01-13,Amlodipine 5mg,21,Winter,1,1
2026-01-13,Azithromycin 500mg,11,Winter,1,1
2026-01-13,Ibuprofen 400mg,4,Winter,1,1
2026-01-13,Zinc Tablets 20mg,7,Winter,1,1
2026-01-13,Multivitamin Complex,13,Winter,1,1
2026-01-13,Folic Acid 5mg,14,Winter,1,1
2026-01-13,Atorvastatin 10mg,12,Winter,1,1
2026-01-13,Levocetirizine 5mg,10,Winter,1,1
2026-01-13,Ranitidine 150mg,21,Winter,1,1
2026-01-13,Diclofenac Gel 30g,7,Winter,1,1
2026-01-13,ORS (Orange Flavor),12,Winter,1,1
2026-01-13,Dolo 650mg,20,Winter,1,1
2026-01-13,Erythromycin 250mg,7,Winter,1,1
2026-01-13,Montelukast 10mg,13,Winter,1,1
2026-01-13,Carbamazepine 200mg,6,Winter,1,1
2026-01-14,Paracetamol 650mg,18,Winter,2,1
2026-01-14,Cetirizine 10mg,14,Winter,2,1
2026-01-14,Amoxicillin 500mg,20,Winter,2,1
2026-01-14,Insulin Glargine 100IU,1,Winter,2,1
2026-01-14,Salbutamol Inhaler,12,Winter,2,1
2026-01-14,Phenytoin 100mg,5,Winter,2,1
2026-01-14,ORS (Oral Rehydration),9,Winter,2,1
2026-01-14,Cough Syrup 100ml,27,Winter,2,1
2026-01-14,Pantoprazole 40mg,14,Winter,2,1
2026-01-14,Metformin 500mg,14,Winter,2,1
2026-01-14,Amlodipine 5mg,15,Winter,2,1
2026-01-14,Azithromycin 500mg,8,Winter,2,1
2026-01-14,Ibuprofen 400mg,9,Winter,2,1
2026-01-14,Zinc Tablets 20mg,10,Winter,2,1
2026-01-14,Multivitamin Complex,10,Winter,2,1
2026-01-14,Folic Acid 5mg,14,Winter,2,1
2026-01-14,Atorvastatin 10mg,10,Winter,2,1
2026-01-14,Levocetirizine 5mg,22,Winter,2,1
2026-01-14,Ranitidine 150mg,13,Winter,2,1
2026-01-14,Diclofenac Gel 30g,10,Winter,2,1
2026-01-14,ORS (Orange Flavor),8,Winter,2,1
2026-01-14,Dolo 650mg,15,Winter,2,1
2026-01-14,Erythromycin 250mg,4,Winter,2,1
2026-01-14,Montelukast 10mg,10,Winter,2,1
2026-01-14,Carbamazepine 200mg,5,Winter,2,1
2026-01-15,Paracetamol 650mg,17,Winter,3,1
2026-01-15,Cetirizine 10mg,12,Winter,3,1
2026-01-15,Amoxicillin 500mg,12,Winter,3,1
2026-01-15,Insulin Glargine 100IU,7,Winter,3,1
2026-01-15,Salbutamol Inhaler,10,Winter,3,1
2026-01-15,Phenytoin 100mg,2,Winter,3,1
2026-01-15,ORS (Oral Rehydration),10,Winter,3,1
2026-01-15,Cough Syrup 100ml,28,Winter,3,1
2026-01-15,Pantoprazole 40mg,14,Winter,3,1
2026-01-15,Metformin 500mg,13,Winter,3,1
2026-01-15,Amlodipine 5mg,12,Winter,3,1
2026-01-15,Azithromycin 500mg,11,Winter,3,1
2026-01-15,Ibuprofen 400mg,11,Winter,3,1
2026-01-15,Zinc Tablets 20mg,9,Winter,3,1
2026-01-15,Multivitamin Complex,13,Winter,3,1
2026-01-15,Folic Acid 5mg,17,Winter,3,1
2026-01-15,Atorvastatin 10mg,10,Winter,3,1
2026-01-15,Levocetirizine 5mg,20,Winter,3,1
2026-01-15,Ranitidine 150mg,12,Winter,3,1
2026-01-15,Diclofenac Gel 30g,8,Winter,3,1
2026-01-15,ORS (Orange Flavor),4,Winter,3,1
2026-01-15,Dolo 650mg,27,Winter,3,1
2026-01-15,Erythromycin 250mg,5,Winter,3,1
2026-01-15,Montelukast 10mg,10,Winter,3,1
2026-01-15,Carbamazepine 200mg,8,Winter,3,1
2026-01-16,Paracetamol 650mg,21,Winter,4,1
2026-01-16,Cetirizine 10mg,13,Winter,4,1
2026-01-16,Amoxicillin 500mg,14,Winter,4,1
2026-01-16,Insulin Glargine 100IU,6,Winter,4,1
2026-01-16,Salbutamol Inhaler,9,Winter,4,1
2026-01-16,Phenytoin 100mg,5,Winter,4,1
2026-01-16,ORS (Oral Rehydration),9,Winter,4,1
2026-01-16,Cough Syrup 100ml,24,Winter,4,1
2026-01-16,Pantoprazole 40mg,8,Winter,4,1
2026-01-16,Metformin 500mg,19,Winter,4,1
2026-01-16,Amlodipine 5mg,18,Winter,4,1
2026-01-16,Azithromycin 500mg,16,Winter,4,1
2026-01-16,Ibuprofen 400mg,6,Winter,4,1
2026-01-16,Zinc Tablets 20mg,5,Winter,4,1
2026-01-16,Multivitamin Complex,10,Winter,4,1
2026-01-16,Folic Acid 5mg,13,Winter,4,1
2026-01-16,Atorvastatin 10mg,11,Winter,4,1
2026-01-16,Levocetirizine 5mg,16,Winter,4,1
2026-01-16,Ranitidine 150mg,14,Winter,4,1
2026-01-16,Diclofenac Gel 30g,7,Winter,4,1
2026-01-16,ORS (Orange Flavor),7,Winter,4,1
2026-01-16,Dolo 650mg,21,Winter,4,1
2026-01-16,Erythromycin 250mg,10,Winter,4,1
2026-01-16,Montelukast 10mg,12,Winter,4,1
2026-01-16,Carbamazepine 200mg,3,Winter,4,1
2026-01-17,Paracetamol 650mg,18,Winter,5,1
2026-01-17,Cetirizine 10mg,24,Winter,5,1
2026-01-17,Amoxicillin 500mg,22,Winter,5,1
2026-01-17,Insulin Glargine 100IU,5,Winter,5,1
2026-01-17,Salbutamol Inhaler,10,Winter,5,1
2026-01-17,Phenytoin 100mg,2,Winter,5,1
2026-01-17,ORS (Oral Rehydration),6,Winter,5,1
2026-01-17,Cough Syrup 100ml,31,Winter,5,1
2026-01-17,Pantoprazole 40mg,8,Winter,5,1
2026-01-17,Metformin 500mg,17,Winter,5,1
2026-01-17,Amlodipine 5mg,17,Winter,5,1
2026-01-17,Azithromycin 500mg,6,Winter,5,1
2026-01-17,Ibuprofen 400mg,7,Winter,5,1
2026-01-17,Zinc Tablets 20mg,9,Winter,5,1
2026-01-17,Multivitamin Complex,12,Winter,5,1
2026-01-17,Folic Acid 5mg,12,Winter,5,1
2026-01-17,Atorvastatin 10mg,9,Winter,5,1
2026-01-17,Levocetirizine 5mg,8,Winter,5,1
2026-01-17,Ranitidine 150mg,23,Winter,5,1
2026-01-17,Diclofenac Gel 30g,5,Winter,5,1
2026-01-17,ORS (Orange Flavor),8,Winter,5,1
2026-01-17,Dolo 650mg,24,Winter,5,1
2026-01-17,Erythromycin 250mg,7,Winter,5,1
2026-01-17,Montelukast 10mg,8,Winter,5,1
2026-01-17,Carbamazepine 200mg,4,Winter,5,1
2026-01-18,Paracetamol 650mg,18,Winter,6,1
2026-01-18,Cetirizine 10mg,17,Winter,6,1
2026-01-18,Amoxicillin 500mg,23,Winter,6,1
2026-01-18,Insulin Glargine 100IU,3,Winter,6,1
2026-01-18,Salbutamol Inhaler,11,Winter,6,1
2026-01-18,Phenytoin 100mg,3,Winter,6,1
2026-01-18,ORS (Oral Rehydration),11,Winter,6,1
2026-01-18,Cough Syrup 100ml,29,Winter,6,1
2026-01-18,Pantoprazole 40mg,13,Winter,6,1
2026-01-18,Metformin 500mg,20,Winter,6,1
2026-01-18,Amlodipine 5mg,26,Winter,6,1
2026-01-18,Azithromycin 500mg,13,Winter,6,1
2026-01-18,Ibuprofen 400mg,11,Winter,6,1
2026-01-18,Zinc Tablets 20mg,4,Winter,6,1
2026-01-18,Multivitamin Complex,8,Winter,6,1
2026-01-18,Folic Acid 5mg,18,Winter,6,1
2026-01-18,Atorvastatin 10mg,12,Winter,6,1
2026-01-18,Levocetirizine 5mg,24,Winter,6,1
2026-01-18,Ranitidine 150mg,18,Winter,6,1
2026-01-18,Diclofenac Gel 30g,9,Winter,6,1
2026-01-18,ORS (Orange Flavor),10,Winter,6,1
2026-01-18,Dolo 650mg,26,Winter,6,1
2026-01-18,Erythromycin 250mg,7,Winter,6,1
2026-01-18,Montelukast 10mg,21,Winter,6,1
2026-01-18,Carbamazepine 200mg,5,Winter,6,1
2026-01-19,Paracetamol 650mg,20,Winter,0,1
2026-01-19,Cetirizine 10mg,14,Winter,0,1
2026-01-19,Amoxicillin 500mg,16,Winter,0,1
2026-01-19,Insulin Glargine 100IU,8,Winter,0,1
2026-01-19,Salbutamol Inhaler,12,Winter,0,1
2026-01-19,Phenytoin 100mg,1,Winter,0,1
2026-01-19,ORS (Oral Rehydration),9,Winter,0,1
2026-01-19,Cough Syrup 100ml,26,Winter,0,1
2026-01-19,Pantoprazole 40mg,11,Winter,0,1
2026-01-19,Metformin 500mg,16,Winter,0,1
2026-01-19,Amlodipine 5mg,16,Winter,0,1
2026-01-19,Azithromycin 500mg,9,Winter,0,1
2026-01-19,Ibuprofen 400mg,11,Winter,0,1
2026-01-19,Zinc Tablets 20mg,9,Winter,0,1
2026-01-19,Multivitamin Complex,12,Winter,0,1
2026-01-19,Folic Acid 5mg,14,Winter,0,1
2026-01-19,Atorvastatin 10mg,11,Winter,0,1
2026-01-19,Levocetirizine 5mg,13,Winter,0,1
2026-01-19,Ranitidine 150mg,16,Winter,0,1
2026-01-19,Diclofenac Gel 30g,7,Winter,0,1
2026-01-19,ORS (Orange Flavor),11,Winter,0,1
2026-01-19,Dolo 650mg,24,Winter,0,1
2026-01-19,Erythromycin 250mg,9,Winter,0,1
2026-01-19,Montelukast 10mg,15,Winter,0,1
2026-01-19,Carbamazepine 200mg,3,Winter,0,1
2026-01-20,Paracetamol 650mg,14,Winter,1,1
2026-01-20,Cetirizine 10mg,16,Winter,1,1
2026-01-20,Amoxicillin 500mg,18,Winter,1,1
2026-01-20,Insulin Glargine 100IU,6,Winter,1,1
2026-01-20,Salbutamol Inhaler,10,Winter,1,1
2026-01-20,Phenytoin 100mg,4,Winter,1,1
2026-01-20,ORS (Oral Rehydration),9,Winter,1,1
2026-01-20,Cough Syrup 100ml,30,Winter,1,1
2026-01-20,Pantoprazole 40mg,13,Winter,1,1
2026-01-20,Metformin 500mg,23,Winter,1,1
2026-01-20,Amlodipine 5mg,20,Winter,1,1
2026-01-20,Azithromycin 500mg,12,Winter,1,1
2026-01-20,Ibuprofen 400mg,6,Winter,1,1
2026-01-20,Zinc Tablets 20mg,9,Winter,1,1
2026-01-20,Multivitamin Complex,12,Winter,1,1
2026-01-20,Folic Acid 5mg,18,Winter,1,1
2026-01-20,Atorvastatin 10mg,17,Winter,1,1
2026-01-20,Levocetirizine 5mg,24,Winter,1,1
2026-01-20,Ranitidine 150mg,17,Winter,1,1
2026-01-20,Diclofenac Gel 30g,2,Winter,1,1
2026-01-20,ORS (Orange Flavor),5,Winter,1,1
2026-01-20,Dolo 650mg,20,Winter,1,1
2026-01-20,Erythromycin 250mg,15,Winter,1,1
2026-01-20,Montelukast 10mg,20,Winter,1,1
2026-01-20,Carbamazepine 200mg,4,Winter,1,1
2026-01-21,Paracetamol 650mg,15,Winter,2,1
2026-01-21,Cetirizine 10mg,13,Winter,2,1
2026-01-21,Amoxicillin 500mg,16,Winter,2,1
2026-01-21,Insulin Glargine 100IU,3,Winter,2,1
2026-01-21,Salbutamol Inhaler,9,Winter,2,1
2026-01-21,Phenytoin 100mg,1,Winter,2,1
2026-01-21,ORS (Oral Rehydration),6,Winter,2,1
2026-01-21,Cough Syrup 100ml,24,Winter,2,1
2026-01-21,Pantoprazole 40mg,10,Winter,2,1
2026-01-21,Metformin 500mg,17,Winter,2,1
2026-01-21,Amlodipine 5mg,14,Winter,2,1
2026-01-21,Azithromycin 500mg,13,Winter,2,1
2026-01-21,Ibuprofen 400mg,12,Winter,2,1
2026-01-21,Zinc Tablets 20mg,14,Winter,2,1
2026-01-21,Multivitamin Complex,8,Winter,2,1
2026-01-21,Folic Acid 5mg,18,Winter,2,1
2026-01-21,Atorvastatin 10mg,13,Winter,2,1
2026-01-21,Levocetirizine 5mg,22,Winter,2,1
2026-01-21,Ranitidine 150mg,9,Winter,2,1
2026-01-21,Diclofenac Gel 30g,8,Winter,2,1
2026-01-21,ORS (Orange Flavor),11,Winter,2,1
2026-01-21,Dolo 650mg,23,Winter,2,1
2026-01-21,Erythromycin 250mg,6,Winter,2,1
2026-01-21,Montelukast 10mg,16,Winter,2,1
2026-01-21,Carbamazepine 200mg,3,Winter,2,1
2026-01-22,Paracetamol 650mg,23,Winter,3,1
2026-01-22,Cetirizine 10mg,17,Winter,3,1
2026-01-22,Amoxicillin 500mg,13,Winter,3,1
2026-01-22,Insulin Glargine 100IU,2,Winter,3,1
2026-01-22,Salbutamol Inhaler,14,Winter,3,1
2026-01-22,Phenytoin 100mg,5,Winter,3,1
2026-01-22,ORS (Oral Rehydration),8,Winter,3,1
2026-01-22,Cough Syrup 100ml,35,Winter,3,1
2026-01-22,Pantoprazole 40mg,16,Winter,3,1
2026-01-22,Metformin 500mg,9,Winter,3,1
2026-01-22,Amlodipine 5mg,21,Winter,3,1
2026-01-22,Azithromycin 500mg,13,Winter,3,1
2026-01-22,Ibuprofen 400mg,11,Winter,3,1
2026-01-22,Zinc Tablets 20mg,13,Winter,3,1
2026-01-22,Multivitamin Complex,13,Winter,3,1
2026-01-22,Folic Acid 5mg,16,Winter,3,1
2026-01-22,Atorvastatin 10mg,10,Winter,3,1
2026-01-22,Levocetirizine 5mg,20,Winter,3,1
2026-01-22,Ranitidine 150mg,21,Winter,3,1
2026-01-22,Diclofenac Gel 30g,4,Winter,3,1
2026-01-22,ORS (Orange Flavor),6,Winter,3,1
2026-01-22,Dolo 650mg,23,Winter,3,1
2026-01-22,Erythromycin 250mg,8,Winter,3,1
2026-01-22,Montelukast 10mg,15,Winter,3,1
2026-01-22,Carbamazepine 200mg,2,Winter,3,1
2026-01-23,Paracetamol 650mg,21,Winter,4,1
2026-01-23,Cetirizine 10mg,13,Winter,4,1
2026-01-23,Amoxicillin 500mg,10,Winter,4,1
2026-01-23,Insulin Glargine 100IU,9,Winter,4,1
2026-01-23,Salbutamol Inhaler,10,Winter,4,1
2026-01-23,Phenytoin 100mg,3,Winter,4,1
2026-01-23,ORS (Oral Rehydration),13,Winter,4,1
2026-01-23,Cough Syrup 100ml,28,Winter,4,1
2026-01-23,Pantoprazole 40mg,7,Winter,4,1
2026-01-23,Metformin 500mg,13,Winter,4,1
2026-01-23,Amlodipine 5mg,17,Winter,4,1
2026-01-23,Azithromycin 500mg,7,Winter,4,1
2026-01-23,Ibuprofen 400mg,13,Winter,4,1
2026-01-23,Zinc Tablets 20mg,4,Winter,4,1
2026-01-23,Multivitamin Complex,12,Winter,4,1
2026-01-23,Folic Acid 5mg,15,Winter,4,1
2026-01-23,Atorvastatin 10mg,17,Winter,4,1
2026-01-23,Levocetirizine 5mg,18,Winter,4,1
2026-01-23,Ranitidine 150mg,24,Winter,4,1
2026-01-23,Diclofenac Gel 30g,4,Winter,4,1
2026-01-23,ORS (Orange Flavor),7,Winter,4,1
2026-01-23,Dolo 650mg,28,Winter,4,1
2026-01-23,Erythromycin 250mg,8,Winter,4,1
2026-01-23,Montelukast 10mg,16,Winter,4,1
2026-01-23,Carbamazepine 200mg,2,Winter,4,1
2026-01-24,Paracetamol 650mg,26,Winter,5,1
2026-01-24,Cetirizine 10mg,12,Winter,5,1
2026-01-24,Amoxicillin 500mg,14,Winter,5,1
2026-01-24,Insulin Glargine 100IU,6,Winter,5,1
2026-01-24,Salbutamol Inhaler,10,Winter,5,1
2026-01-24,Phenytoin 100mg,1,Winter,5,1
2026-01-24,ORS (Oral Rehydration),13,Winter,5,1
2026-01-24,Cough Syrup 100ml,21,Winter,5,1
2026-01-24,Pantoprazole 40mg,9,Winter,5,1
2026-01-24,Metformin 500mg,18,Winter,5,1
2026-01-24,Amlodipine 5mg,14,Winter,5,1
2026-01-24,Azithromycin 500mg,15,Winter,5,1
2026-01-24,Ibuprofen 400mg,12,Winter,5,1
2026-01-24,Zinc Tablets 20mg,10,Winter,5,1
2026-01-24,Multivitamin Complex,10,Winter,5,1
2026-01-24,Folic Acid 5mg,15,Winter,5,1
2026-01-24,Atorvastatin 10mg,11,Winter,5,1
2026-01-24,Levocetirizine 5mg,19,Winter,5,1
2026-01-24,Ranitidine 150mg,9,Winter,5,1
2026-01-24,Diclofenac Gel 30g,7,Winter,5,1
2026-01-24,ORS (Orange Flavor),3,Winter,5,1
2026-01-24,Dolo 650mg,21,Winter,5,1
2026-01-24,Erythromycin 250mg,9,Winter,5,1
2026-01-24,Montelukast 10mg,13,Winter,5,1
2026-01-24,Carbamazepine 200mg,5,Winter,5,1
2026-01-25,Paracetamol 650mg,24,Winter,6,1
2026-01-25,Cetirizine 10mg,12,Winter,6,1
2026-01-25,Amoxicillin 500mg,10,Winter,6,1
2026-01-25,Insulin Glargine 100IU,1,Winter,6,1
2026-01-25,Salbutamol Inhaler,13,Winter,6,1
2026-01-25,Phenytoin 100mg,1,Winter,6,1
2026-01-25,ORS (Oral Rehydration),5,Winter,6,1
2026-01-25,Cough Syrup 100ml,30,Winter,6,1
2026-01-25,Pantoprazole 40mg,8,Winter,6,1
2026-01-25,Metformin 500mg,12,Winter,6,1
2026-01-25,Amlodipine 5mg,16,Winter,6,1
2026-01-25,Azithromycin 500mg,6,Winter,6,1
2026-01-25,Ibuprofen 400mg,9,Winter,6,1
2026-01-25,Zinc Tablets 20mg,7,Winter,6,1
2026-01-25,Multivitamin Complex,15,Winter,6,1
2026-01-25,Folic Acid 5mg,13,Winter,6,1
2026-01-25,Atorvastatin 10mg,12,Winter,6,1
2026-01-25,Levocetirizine 5mg,17,Winter,6,1
2026-01-25,Ranitidine 150mg,12,Winter,6,1
2026-01-25,Diclofenac Gel 30g,6,Winter,6,1
2026-01-25,ORS (Orange Flavor),7,Winter,6,1
2026-01-25,Dolo 650mg,32,Winter,6,1
2026-01-25,Erythromycin 250mg,10,Winter,6,1
2026-01-25,Montelukast 10mg,13,Winter,6,1
2026-01-25,Carbamazepine 200mg,3,Winter,6,1
2026-01-26,Paracetamol 650mg,17,Winter,0,1
2026-01-26,Cetirizine 10mg,11,Winter,0,1
2026-01-26,Amoxicillin 500mg,20,Winter,0,1
2026-01-26,Insulin Glargine 100IU,3,Winter,0,1
2026-01-26,Salbutamol Inhaler,10,Winter,0,1
2026-01-26,Phenytoin 100mg,4,Winter,0,1
2026-01-26,ORS (Oral Rehydration),10,Winter,0,1
2026-01-26,Cough Syrup 100ml,19,Winter,0,1
2026-01-26,Pantoprazole 40mg,12,Winter,0,1
2026-01-26,Metformin 500mg,14,Winter,0,1
2026-01-26,Amlodipine 5mg,13,Winter,0,1
2026-01-26,Azithromycin 500mg,16,Winter,0,1
2026-01-26,Ibuprofen 400mg,8,Winter,0,1
2026-01-26,Zinc Tablets 20mg,8,Winter,0,1
2026-01-26,Multivitamin Complex,12,Winter,0,1
2026-01-26,Folic Acid 5mg,19,Winter,0,1
2026-01-26,Atorvastatin 10mg,8,Winter,0,1
2026-01-26,Levocetirizine 5mg,18,Winter,0,1
2026-01-26,Ranitidine 150mg,15,Winter,0,1
2026-01-26,Diclofenac Gel 30g,2,Winter,0,1
2026-01-26,ORS (Orange Flavor),8,Winter,0,1
2026-01-26,Dolo 650mg,34,Winter,0,1
2026-01-26,Erythromycin 250mg,6,Winter,0,1
2026-01-26,Montelukast 10mg,11,Winter,0,1
2026-01-26,Carbamazepine 200mg,5,Winter,0,1
2026-01-27,Paracetamol 650mg,15,Winter,1,1
2026-01-27,Cetirizine 10mg,12,Winter,1,1
2026-01-27,Amoxicillin 500mg,19,Winter,1,1
2026-01-27,Insulin Glargine 100IU,8,Winter,1,1
2026-01-27,Salbutamol Inhaler,10,Winter,1,1
2026-01-27,Phenytoin 100mg,4,Winter,1,1
2026-01-27,ORS (Oral Rehydration),8,Winter,1,1
2026-01-27,Cough Syrup 100ml,29,Winter,1,1
2026-01-27,Pantoprazole 40mg,10,Winter,1,1
2026-01-27,Metformin 500mg,18,Winter,1,1
2026-01-27,Amlodipine 5mg,13,Winter,1,1
2026-01-27,Azithromycin 500mg,11,Winter,1,1
2026-01-27,Ibuprofen 400mg,9,Winter,1,1
2026-01-27,Zinc Tablets 20mg,8,Winter,1,1
2026-01-27,Multivitamin Complex,8,Winter,1,1
2026-01-27,Folic Acid 5mg,23,Winter,1,1
2026-01-27,Atorvastatin 10mg,11,Winter,1,1
2026-01-27,Levocetirizine 5mg,25,Winter,1,1
2026-01-27,Ranitidine 150mg,21,Winter,1,1
2026-01-27,Diclofenac Gel 30g,8,Winter,1,1
2026-01-27,ORS (Orange Flavor),5,Winter,1,1
2026-01-27,Dolo 650mg,13,Winter,1,1
2026-01-27,Erythromycin 250mg,18,Winter,1,1
2026-01-27,Montelukast 10mg,9,Winter,1,1
2026-01-27,Carbamazepine 200mg,1,Winter,1,1
2026-01-28,Paracetamol 650mg,17,Winter,2,1
2026-01-28,Cetirizine 10mg,18,Winter,2,1
2026-01-28,Amoxicillin 500mg,15,Winter,2,1
2026-01-28,Insulin Glargine 100IU,2,Winter,2,1
2026-01-28,Salbutamol Inhaler,10,Winter,2,1
2026-01-28,Phenytoin 100mg,3,Winter,2,1
2026-01-28,ORS (Oral Rehydration),7,Winter,2,1
2026-01-28,Cough Syrup 100ml,24,Winter,2,1
2026-01-28,Pantoprazole 40mg,12,Winter,2,1
2026-01-28,Metformin 500mg,22,Winter,2,1
2026-01-28,Amlodipine 5mg,19,Winter,2,1
2026-01-28,Azithromycin 500mg,6,Winter,2,1
2026-01-28,Ibuprofen 400mg,10,Winter,2,1
2026-01-28,Zinc Tablets 20mg,9,Winter,2,1
2026-01-28,Multivitamin Complex,18,Winter,2,1
2026-01-28,Folic Acid 5mg,19,Winter,2,1
2026-01-28,Atorvastatin 10mg,12,Winter,2,1
2026-01-28,Levocetirizine 5mg,13,Winter,2,1
2026-01-28,Ranitidine 150mg,15,Winter,2,1
2026-01-28,Diclofenac Gel 30g,3,Winter,2,1
2026-01-28,ORS (Orange Flavor),10,Winter,2,1
2026-01-28,Dolo 650mg,25,Winter,2,1
2026-01-28,Erythromycin 250mg,3,Winter,2,1
2026-01-28,Montelukast 10mg,15,Winter,2,1
2026-01-28,Carbamazepine 200mg,2,Winter,2,1
2026-01-29,Paracetamol 650mg,15,Winter,3,1
2026-01-29,Cetirizine 10mg,15,Winter,3,1
2026-01-29,Amoxicillin 500mg,12,Winter,3,1
2026-01-29,Insulin Glargine 100IU,6,Winter,3,1
2026-01-29,Salbutamol Inhaler,11,Winter,3,1
2026-01-29,Phenytoin 100mg,3,Winter,3,1
2026-01-29,ORS (Oral Rehydration),7,Winter,3,1
2026-01-29,Cough Syrup 100ml,17,Winter,3,1
2026-01-29,Pantoprazole 40mg,11,Winter,3,1
2026-01-29,Metformin 500mg,19,Winter,3,1
2026-01-29,Amlodipine 5mg,6,Winter,3,1
2026-01-29,Azithromycin 500mg,4,Winter,3,1
2026-01-29,Ibuprofen 400mg,12,Winter,3,1
2026-01-29,Zinc Tablets 20mg,11,Winter,3,1
2026-01-29,Multivitamin Complex,5,Winter,3,1
2026-01-29,Folic Acid 5mg,16,Winter,3,1
2026-01-29,Atorvastatin 10mg,8,Winter,3,1
2026-01-29,Levocetirizine 5mg,18,Winter,3,1
2026-01-29,Ranitidine 150mg,18,Winter,3,1
2026-01-29,Diclofenac Gel 30g,9,Winter,3,1
2026-01-29,ORS (Orange Flavor),8,Winter,3,1
2026-01-29,Dolo 650mg,25,Winter,3,1
2026-01-29,Erythromycin 250mg,11,Winter,3,1
2026-01-29,Montelukast 10mg,13,Winter,3,1
2026-01-29,Carbamazepine 200mg,3,Winter,3,1
2026-01-30,Paracetamol 650mg,18,Winter,4,1
2026-01-30,Cetirizine 10mg,18,Winter,4,1
2026-01-30,Amoxicillin 500mg,17,Winter,4,1
2026-01-30,Insulin Glargine 100IU,7,Winter,4,1
2026-01-30,Salbutamol Inhaler,16,Winter,4,1
2026-01-30,Phenytoin 100mg,1,Winter,4,1
2026-01-30,ORS (Oral Rehydration),4,Winter,4,1
2026-01-30,Cough Syrup 100ml,27,Winter,4,1
2026-01-30,Pantoprazole 40mg,15,Winter,4,1
2026-01-30,Metformin 500mg,14,Winter,4,1
2026-01-30,Amlodipine 5mg,13,Winter,4,1
2026-01-30,Azithromycin 500mg,10,Winter,4,1
2026-01-30,Ibuprofen 400mg,6,Winter,4,1
2026-01-30,Zinc Tablets 20mg,10,Winter,4,1
2026-01-30,Multivitamin Complex,15,Winter,4,1
2026-01-30,Folic Acid 5mg,14,Winter,4,1
2026-01-30,Atorvastatin 10mg,6,Winter,4,1
2026-01-30,Levocetirizine 5mg,19,Winter,4,1
2026-01-30,Ranitidine 150mg,10,Winter,4,1
2026-01-30,Diclofenac Gel 30g,7,Winter,4,1
2026-01-30,ORS (Orange Flavor),4,Winter,4,1
2026-01-30,Dolo 650mg,33,Winter,4,1
2026-01-30,Erythromycin 250mg,7,Winter,4,1
2026-01-30,Montelukast 10mg,13,Winter,4,1
2026-01-30,Carbamazepine 200mg,6,Winter,4,1
2026-01-31,Paracetamol 650mg,20,Winter,5,1
2026-01-31,Cetirizine 10mg,17,Winter,5,1
2026-01-31,Amoxicillin 500mg,15,Winter,5,1
2026-01-31,Insulin Glargine 100IU,6,Winter,5,1
2026-01-31,Salbutamol Inhaler,14,Winter,5,1
2026-01-31,Phenytoin 100mg,2,Winter,5,1
2026-01-31,ORS (Oral Rehydration),7,Winter,5,1
2026-01-31,Cough Syrup 100ml,25,Winter,5,1
2026-01-31,Pantoprazole 40mg,13,Winter,5,1
2026-01-31,Metformin 500mg,20,Winter,5,1
2026-01-31,Amlodipine 5mg,15,Winter,5,1
2026-01-31,Azithromycin 500mg,12,Winter,5,1
2026-01-31,Ibuprofen 400mg,9,Winter,5,1
2026-01-31,Zinc Tablets 20mg,10,Winter,5,1
2026-01-31,Multivitamin Complex,10,Winter,5,1
2026-01-31,Folic Acid 5mg,15,Winter,5,1
2026-01-31,Atorvastatin 10mg,10,Winter,5,1
2026-01-31,Levocetirizine 5mg,19,Winter,5,1
2026-01-31,Ranitidine 150mg,16,Winter,5,1
2026-01-31,Diclofenac Gel 30g,2,Winter,5,1
2026-01-31,ORS (Orange Flavor),6,Winter,5,1
2026-01-31,Dolo 650mg,26,Winter,5,1
2026-01-31,Erythromycin 250mg,10,Winter,5,1
2026-01-31,Montelukast 10mg,9,Winter,5,1
2026-01-31,Carbamazepine 200mg,1,Winter,5,1
2026-02-01,Paracetamol 650mg,11,Summer,6,2
2026-02-01,Cetirizine 10mg,12,Summer,6,2
2026-02-01,Amoxicillin 500mg,10,Summer,6,2
2026-02-01,Insulin Glargine 100IU,2,Summer,6,2
2026-02-01,Salbutamol Inhaler,5,Summer,6,2
2026-02-01,Phenytoin 100mg,1,Summer,6,2
2026-02-01,ORS (Oral Rehydration),78,Summer,6,2
2026-02-01,Cough Syrup 100ml,5,Summer,6,2
2026-02-01,Pantoprazole 40mg,14,Summer,6,2
2026-02-01,Metformin 500mg,17,Summer,6,2
2026-02-01,Amlodipine 5mg,14,Summer,6,2
2026-02-01,Azithromycin 500mg,6,Summer,6,2
2026-02-01,Ibuprofen 400mg,8,Summer,6,2
2026-02-01,Zinc Tablets 20mg,16,Summer,6,2
2026-02-01,Multivitamin Complex,8,Summer,6,2
2026-02-01,Folic Acid 5mg,15,Summer,6,2
2026-02-01,Atorvastatin 10mg,11,Summer,6,2
2026-02-01,Levocetirizine 5mg,5,Summer,6,2
2026-02-01,Ranitidine 150mg,17,Summer,6,2
2026-02-01,Diclofenac Gel 30g,5,Summer,6,2
2026-02-01,ORS (Orange Flavor),28,Summer,6,2
2026-02-01,Dolo 650mg,25,Summer,6,2
2026-02-01,Erythromycin 250mg,9,Summer,6,2
2026-02-01,Montelukast 10mg,5,Summer,6,2
2026-02-01,Carbamazepine 200mg,3,Summer,6,2
2026-02-02,Paracetamol 650mg,11,Summer,0,2
2026-02-02,Cetirizine 10mg,10,Summer,0,2
2026-02-02,Amoxicillin 500mg,6,Summer,0,2
2026-02-02,Insulin Glargine 100IU,4,Summer,0,2
2026-02-02,Salbutamol Inhaler,2,Summer,0,2
2026-02-02,Phenytoin 100mg,3,Summer,0,2
2026-02-02,ORS (Oral Rehydration),65,Summer,0,2
2026-02-02,Cough Syrup 100ml,3,Summer,0,2
2026-02-02,Pantoprazole 40mg,30,Summer,0,2
2026-02-02,Metformin 500mg,16,Summer,0,2
2026-02-02,Amlodipine 5mg,15,Summer,0,2
2026-02-02,Azithromycin 500mg,6,Summer,0,2
2026-02-02,Ibuprofen 400mg,9,Summer,0,2
2026-02-02,Zinc Tablets 20mg,16,Summer,0,2
2026-02-02,Multivitamin Complex,11,Summer,0,2
2026-02-02,Folic Acid 5mg,11,Summer,0,2
2026-02-02,Atorvastatin 10mg,16,Summer,0,2
2026-02-02,Levocetirizine 5mg,6,Summer,0,2
2026-02-02,Ranitidine 150mg,27,Summer,0,2
2026-02-02,Diclofenac Gel 30g,7,Summer,0,2
2026-02-02,ORS (Orange Flavor),45,Summer,0,2
2026-02-02,Dolo 650mg,18,Summer,0,2
2026-02-02,Erythromycin 250mg,8,Summer,0,2
2026-02-02,Montelukast 10mg,7,Summer,0,2
2026-02-02,Carbamazepine 200mg,5,Summer,0,2
2026-02-03,Paracetamol 650mg,13,Summer,1,2
2026-02-03,Cetirizine 10mg,13,Summer,1,2
2026-02-03,Amoxicillin 500mg,11,Summer,1,2
2026-02-03,Insulin Glargine 100IU,7,Summer,1,2
2026-02-03,Salbutamol Inhaler,3,Summer,1,2
2026-02-03,Phenytoin 100mg,3,Summer,1,2
2026-02-03,ORS (Oral Rehydration),71,Summer,1,2
2026-02-03,Cough Syrup 100ml,7,Summer,1,2
2026-02-03,Pantoprazole 40mg,30,Summer,1,2
2026-02-03,Metformin 500mg,14,Summer,1,2
2026-02-03,Amlodipine 5mg,10,Summer,1,2
2026-02-03,Azithromycin 500mg,7,Summer,1,2
2026-02-03,Ibuprofen 400mg,10,Summer,1,2
2026-02-03,Zinc Tablets 20mg,10,Summer,1,2
2026-02-03,Multivitamin Complex,10,Summer,1,2
2026-02-03,Folic Acid 5mg,18,Summer,1,2
2026-02-03,Atorvastatin 10mg,16,Summer,1,2
2026-02-03,Levocetirizine 5mg,2,Summer,1,2
2026-02-03,Ranitidine 150mg,15,Summer,1,2
2026-02-03,Diclofenac Gel 30g,3,Summer,1,2
2026-02-03,ORS (Orange Flavor),49,Summer,1,2
2026-02-03,Dolo 650mg,20,Summer,1,2
2026-02-03,Erythromycin 250mg,9,Summer,1,2
2026-02-03,Montelukast 10mg,3,Summer,1,2
2026-02-03,Carbamazepine 200mg,3,Summer,1,2
2026-02-04,Paracetamol 650mg,12,Summer,2,2
2026-02-04,Cetirizine 10mg,7,Summer,2,2
2026-02-04,Amoxicillin 500mg,14,Summer,2,2
2026-02-04,Insulin Glargine 100IU,5,Summer,2,2
2026-02-04,Salbutamol Inhaler,2,Summer,2,2
2026-02-04,Phenytoin 100mg,6,Summer,2,2
2026-02-04,ORS (Oral Rehydration),86,Summer,2,2
2026-02-04,Cough Syrup 100ml,6,Summer,2,2
2026-02-04,Pantoprazole 40mg,22,Summer,2,2
2026-02-04,Metformin 500mg,15,Summer,2,2
2026-02-04,Amlodipine 5mg,18,Summer,2,2
2026-02-04,Azithromycin 500mg,3,Summer,2,2
2026-02-04,Ibuprofen 400mg,9,Summer,2,2
2026-02-04,Zinc Tablets 20mg,11,Summer,2,2
2026-02-04,Multivitamin Complex,8,Summer,2,2
2026-02-04,Folic Acid 5mg,17,Summer,2,2
2026-02-04,Atorvastatin 10mg,11,Summer,2,2
2026-02-04,Levocetirizine 5mg,4,Summer,2,2
2026-02-04,Ranitidine 150mg,11,Summer,2,2
2026-02-04,Diclofenac Gel 30g,7,Summer,2,2
2026-02-04,ORS (Orange Flavor),31,Summer,2,2
2026-02-04,Dolo 650mg,25,Summer,2,2
2026-02-04,Erythromycin 250mg,4,Summer,2,2
2026-02-04,Montelukast 10mg,5,Summer,2,2
2026-02-04,Carbamazepine 200mg,2,Summer,2,2
2026-02-05,Paracetamol 650mg,15,Summer,3,2
2026-02-05,Cetirizine 10mg,7,Summer,3,2
2026-02-05,Amoxicillin 500mg,12,Summer,3,2
2026-02-05,Insulin Glargine 100IU,7,Summer,3,2
2026-02-05,Salbutamol Inhaler,1,Summer,3,2
2026-02-05,Phenytoin 100mg,3,Summer,3,2
2026-02-05,ORS (Oral Rehydration),76,Summer,3,2
2026-02-05,Cough Syrup 100ml,3,Summer,3,2
2026-02-05,Pantoprazole 40mg,20,Summer,3,2
2026-02-05,Metformin 500mg,18,Summer,3,2
2026-02-05,Amlodipine 5mg,13,Summer,3,2
2026-02-05,Azithromycin 500mg,5,Summer,3,2
2026-02-05,Ibuprofen 400mg,6,Summer,3,2
2026-02-05,Zinc Tablets 20mg,15,Summer,3,2
2026-02-05,Multivitamin Complex,5,Summer,3,2
2026-02-05,Folic Acid 5mg,14,Summer,3,2
2026-02-05,Atorvastatin 10mg,9,Summer,3,2
2026-02-05,Levocetirizine 5mg,4,Summer,3,2
2026-02-05,Ranitidine 150mg,14,Summer,3,2
2026-02-05,Diclofenac Gel 30g,6,Summer,3,2
2026-02-05,ORS (Orange Flavor),42,Summer,3,2
2026-02-05,Dolo 650mg,21,Summer,3,2
2026-02-05,Erythromycin 250mg,5,Summer,3,2
2026-02-05,Montelukast 10mg,2,Summer,3,2
2026-02-05,Carbamazepine 200mg,4,Summer,3,2
2026-02-06,Paracetamol 650mg,11,Summer,4,2
2026-02-06,Cetirizine 10mg,8,Summer,4,2
2026-02-06,Amoxicillin 500mg,10,Summer,4,2
2026-02-06,Insulin Glargine 100IU,3,Summer,4,2
2026-02-06,Salbutamol Inhaler,2,Summer,4,2
2026-02-06,Phenytoin 100mg,4,Summer,4,2
2026-02-06,ORS (Oral Rehydration),74,Summer,4,2
2026-02-06,Cough Syrup 100ml,3,Summer,4,2
2026-02-06,Pantoprazole 40mg,23,Summer,4,2
2026-02-06,Metformin 500mg,23,Summer,4,2
2026-02-06,Amlodipine 5mg,16,Summer,4,2
2026-02-06,Azithromycin 500mg,7,Summer,4,2
2026-02-06,Ibuprofen 400mg,11,Summer,4,2
2026-02-06,Zinc Tablets 20mg,10,Summer,4,2
2026-02-06,Multivitamin Complex,15,Summer,4,2
2026-02-06,Folic Acid 5mg,13,Summer,4,2
2026-02-06,Atorvastatin 10mg,11,Summer,4,2
2026-02-06,Levocetirizine 5mg,5,Summer,4,2
2026-02-06,Ranitidine 150mg,24,Summer,4,2
2026-02-06,Diclofenac Gel 30g,8,Summer,4,2
2026-02-06,ORS (Orange Flavor),51,Summer,4,2
2026-02-06,Dolo 650mg,25,Summer,4,2
2026-02-06,Erythromycin 250mg,4,Summer,4,2
2026-02-06,Montelukast 10mg,2,Summer,4,2
2026-02-06,Carbamazepine 200mg,1,Summer,4,2
2026-02-07,Paracetamol 650mg,18,Summer,5,2
2026-02-07,Cetirizine 10mg,8,Summer,5,2
2026-02-07,Amoxicillin 500mg,11,Summer,5,2
2026-02-07,Insulin Glargine 100IU,2,Summer,5,2
2026-02-07,Salbutamol Inhaler,5,Summer,5,2
2026-02-07,Phenytoin 100mg,4,Summer,5,2
2026-02-07,ORS (Oral Rehydration),83,Summer,5,2
2026-02-07,Cough Syrup 100ml,7,Summer,5,2
2026-02-07,Pantoprazole 40mg,24,Summer,5,2
2026-02-07,Metformin 500mg,11,Summer,5,2
2026-02-07,Amlodipine 5mg,14,Summer,5,2
2026-02-07,Azithromycin 500mg,2,Summer,5,2
2026-02-07,Ibuprofen 400mg,4,Summer,5,2
2026-02-07,Zinc Tablets 20mg,14,Summer,5,2
2026-02-07,Multivitamin Complex,10,Summer,5,2
2026-02-07,Folic Acid 5mg,13,Summer,5,2
2026-02-07,Atorvastatin 10mg,15,Summer,5,2
2026-02-07,Levocetirizine 5mg,5,Summer,5,2
2026-02-07,Ranitidine 150mg,19,Summer,5,2
2026-02-07,Diclofenac Gel 30g,4,Summer,5,2
2026-02-07,ORS (Orange Flavor),42,Summer,5,2
2026-02-07,Dolo 650mg,25,Summer,5,2
2026-02-07,Erythromycin 250mg,7,Summer,5,2
2026-02-07,Montelukast 10mg,3,Summer,5,2
2026-02-07,Carbamazepine 200mg,5,Summer,5,2
2026-02-08,Paracetamol 650mg,10,Summer,6,2
2026-02-08,Cetirizine 10mg,10,Summer,6,2
2026-02-08,Amoxicillin 500mg,11,Summer,6,2
2026-02-08,Insulin Glargine 100IU,3,Summer,6,2
2026-02-08,Salbutamol Inhaler,3,Summer,6,2
2026-02-08,Phenytoin 100mg,3,Summer,6,2
2026-02-08,ORS (Oral Rehydration),62,Summer,6,2
2026-02-08,Cough Syrup 100ml,3,Summer,6,2
2026-02-08,Pantoprazole 40mg,21,Summer,6,2
2026-02-08,Metformin 500mg,20,Summer,6,2
2026-02-08,Amlodipine 5mg,12,Summer,6,2
2026-02-08,Azithromycin 500mg,6,Summer,6,2
2026-02-08,Ibuprofen 400mg,8,Summer,6,2
2026-02-08,Zinc Tablets 20mg,11,Summer,6,2
2026-02-08,Multivitamin Complex,7,Summer,6,2
2026-02-08,Folic Acid 5mg,14,Summer,6,2
2026-02-08,Atorvastatin 10mg,9,Summer,6,2
2026-02-08,Levocetirizine 5mg,6,Summer,6,2
2026-02-08,Ranitidine 150mg,17,Summer,6,2
2026-02-08,Diclofenac Gel 30g,2,Summer,6,2
2026-02-08,ORS (Orange Flavor),51,Summer,6,2
2026-02-08,Dolo 650mg,25,Summer,6,2
2026-02-08,Erythromycin 250mg,9,Summer,6,2
2026-02-08,Montelukast 10mg,3,Summer,6,2
2026-02-08,Carbamazepine 200mg,4,Summer,6,2
2026-02-09,Paracetamol 650mg,14,Summer,0,2
2026-02-09,Cetirizine 10mg,12,Summer,0,2
2026-02-09,Amoxicillin 500mg,5,Summer,0,2
2026-02-09,Insulin Glargine 100IU,8,Summer,0,2
2026-02-09,Salbutamol Inhaler,6,Summer,0,2
2026-02-09,Phenytoin 100mg,2,Summer,0,2
2026-02-09,ORS (Oral Rehydration),91,Summer,0,2
2026-02-09,Cough Syrup 100ml,4,Summer,0,2
2026-02-09,Pantoprazole 40mg,24,Summer,0,2
2026-02-09,Metformin 500mg,20,Summer,0,2
2026-02-09,Amlodipine 5mg,9,Summer,0,2
2026-02-09,Azithromycin 500mg,6,Summer,0,2
2026-02-09,Ibuprofen 400mg,6,Summer,0,2
2026-02-09,Zinc Tablets 20mg,14,Summer,0,2
2026-02-09,Multivitamin Complex,15,Summer,0,2
2026-02-09,Folic Acid 5mg,12,Summer,0,2
2026-02-09,Atorvastatin 10mg,13,Summer,0,2
2026-02-09,Levocetirizine 5mg,1,Summer,0,2
2026-02-09,Ranitidine 150mg,24,Summer,0,2
2026-02-09,Diclofenac Gel 30g,5,Summer,0,2
2026-02-09,ORS (Orange Flavor),32,Summer,0,2
2026-02-09,Dolo 650mg,28,Summer,0,2
2026-02-09,Erythromycin 250mg,10,Summer,0,2
2026-02-09,Montelukast 10mg,2,Summer,0,2
2026-02-09,Carbamazepine 200mg,2,Summer,0,2
2026-02-10,Paracetamol 650mg,21,Summer,1,2
2026-02-10,Cetirizine 10mg,8,Summer,1,2
2026-02-10,Amoxicillin 500mg,13,Summer,1,2
2026-02-10,Insulin Glargine 100IU,6,Summer,1,2
2026-02-10,Salbutamol Inhaler,2,Summer,1,2
2026-02-10,Phenytoin 100mg,4,Summer,1,2
2026-02-10,ORS (Oral Rehydration),62,Summer,1,2
2026-02-10,Cough Syrup 100ml,1,Summer,1,2
2026-02-10,Pantoprazole 40mg,18,Summer,1,2
2026-02-10,Metformin 500mg,17,Summer,1,2
2026-02-10,Amlodipine 5mg,8,Summer,1,2
2026-02-10,Azithromycin 500mg,4,Summer,1,2
2026-02-10,Ibuprofen 400mg,7,Summer,1,2
2026-02-10,Zinc Tablets 20mg,16,Summer,1,2
2026-02-10,Multivitamin Complex,16,Summer,1,2
2026-02-10,Folic Acid 5mg,14,Summer,1,2
2026-02-10,Atorvastatin 10mg,15,Summer,1,2
2026-02-10,Levocetirizine 5mg,1,Summer,1,2
2026-02-10,Ranitidine 150mg,15,Summer,1,2
2026-02-10,Diclofenac Gel 30g,5,Summer,1,2
2026-02-10,ORS (Orange Flavor),39,Summer,1,2
2026-02-10,Dolo 650mg,20,Summer,1,2
2026-02-10,Erythromycin 250mg,9,Summer,1,2
2026-02-10,Montelukast 10mg,4,Summer,1,2
2026-02-10,Carbamazepine 200mg,5,Summer,1,2
2026-02-11,Paracetamol 650mg,18,Summer,2,2
2026-02-11,Cetirizine 10mg,11,Summer,2,2
2026-02-11,Amoxicillin 500mg,4,Summer,2,2
2026-02-11,Insulin Glargine 100IU,5,Summer,2,2
2026-02-11,Salbutamol Inhaler,2,Summer,2,2
2026-02-11,Phenytoin 100mg,4,Summer,2,2
2026-02-11,ORS (Oral Rehydration),69,Summer,2,2
2026-02-11,Cough Syrup 100ml,3,Summer,2,2
2026-02-11,Pantoprazole 40mg,17,Summer,2,2
2026-02-11,Metformin 500mg,11,Summer,2,2
2026-02-11,Amlodipine 5mg,6,Summer,2,2
2026-02-11,Azithromycin 500mg,3,Summer,2,2
2026-02-11,Ibuprofen 400mg,5,Summer,2,2
2026-02-11,Zinc Tablets 20mg,12,Summer,2,2
2026-02-11,Multivitamin Complex,9,Summer,2,2
2026-02-11,Folic Acid 5mg,10,Summer,2,2
2026-02-11,Atorvastatin 10mg,10,Summer,2,2
2026-02-11,Levocetirizine 5mg,6,Summer,2,2
2026-02-11,Ranitidine 150mg,20,Summer,2,2
2026-02-11,Diclofenac Gel 30g,12,Summer,2,2
2026-02-11,ORS (Orange Flavor),41,Summer,2,2
2026-02-11,Dolo 650mg,20,Summer,2,2
2026-02-11,Erythromycin 250mg,6,Summer,2,2
2026-02-11,Montelukast 10mg,6,Summer,2,2
2026-02-11,Carbamazepine 200mg,5,Summer,2,2
2026-02-12,Paracetamol 650mg,11,Summer,3,2
2026-02-12,Cetirizine 10mg,12,Summer,3,2
2026-02-12,Amoxicillin 500mg,13,Summer,3,2
2026-02-12,Insulin Glargine 100IU,4,Summer,3,2
2026-02-12,Salbutamol Inhaler,3,Summer,3,2
2026-02-12,Phenytoin 100mg,2,Summer,3,2
2026-02-12,ORS (Oral Rehydration),69,Summer,3,2
2026-02-12,Cough Syrup 100ml,8,Summer,3,2
2026-02-12,Pantoprazole 40mg,22,Summer,3,2
2026-02-12,Metformin 500mg,19,Summer,3,2
2026-02-12,Amlodipine 5mg,7,Summer,3,2
2026-02-12,Azithromycin 500mg,4,Summer,3,2
2026-02-12,Ibuprofen 400mg,5,Summer,3,2
2026-02-12,Zinc Tablets 20mg,11,Summer,3,2
2026-02-12,Multivitamin Complex,15,Summer,3,2
2026-02-12,Folic Acid 5mg,10,Summer,3,2
2026-02-12,Atorvastatin 10mg,8,Summer,3,2
2026-02-12,Levocetirizine 5mg,3,Summer,3,2
2026-02-12,Ranitidine 150mg,15,Summer,3,2
2026-02-12,Diclofenac Gel 30g,6,Summer,3,2
2026-02-12,ORS (Orange Flavor),45,Summer,3,2
2026-02-12,Dolo 650mg,22,Summer,3,2
2026-02-12,Erythromycin 250mg,2,Summer,3,2
2026-02-12,Montelukast 10mg,6,Summer,3,2
2026-02-12,Carbamazepine 200mg,3,Summer,3,2
2026-02-13,Paracetamol 650mg,17,Summer,4,2
2026-02-13,Cetirizine 10mg,12,Summer,4,2
2026-02-13,Amoxicillin 500mg,7,Summer,4,2
2026-02-13,Insulin Glargine 100IU,7,Summer,4,2
2026-02-13,Salbutamol Inhaler,1,Summer,4,2
2026-02-13,Phenytoin 100mg,3,Summer,4,2
2026-02-13,ORS (Oral Rehydration),61,Summer,4,2
2026-02-13,Cough Syrup 100ml,4,Summer,4,2
2026-02-13,Pantoprazole 40mg,23,Summer,4,2
2026-02-13,Metformin 500mg,19,Summer,4,2
2026-02-13,Amlodipine 5mg,15,Summer,4,2
2026-02-13,Azithromycin 500mg,5,Summer,4,2
2026-02-13,Ibuprofen 400mg,7,Summer,4,2
2026-02-13,Zinc Tablets 20mg,13,Summer,4,2
2026-02-13,Multivitamin Complex,12,Summer,4,2
2026-02-13,Folic Acid 5mg,11,Summer,4,2
2026-02-13,Atorvastatin 10mg,7,Summer,4,2
2026-02-13,Levocetirizine 5mg,3,Summer,4,2
2026-02-13,Ranitidine 150mg,8,Summer,4,2
2026-02-13,Diclofenac Gel 30g,1,Summer,4,2
2026-02-13,ORS (Orange Flavor),46,Summer,4,2
2026-02-13,Dolo 650mg,16,Summer,4,2
2026-02-13,Erythromycin 250mg,8,Summer,4,2
2026-02-13,Montelukast 10mg,4,Summer,4,2
2026-02-13,Carbamazepine 200mg,5,Summer,4,2
2026-02-14,Paracetamol 650mg,19,Summer,5,2
2026-02-14,Cetirizine 10mg,20,Summer,5,2
2026-02-14,Amoxicillin 500mg,5,Summer,5,2
2026-02-14,Insulin Glargine 100IU,5,Summer,5,2
2026-02-14,Salbutamol Inhaler,1,Summer,5,2
2026-02-14,Phenytoin 100mg,4,Summer,5,2
2026-02-14,ORS (Oral Rehydration),81,Summer,5,2
2026-02-14,Cough Syrup 100ml,2,Summer,5,2
2026-02-14,Pantoprazole 40mg,30,Summer,5,2
2026-02-14,Metformin 500mg,18,Summer,5,2
2026-02-14,Amlodipine 5mg,10,Summer,5,2
2026-02-14,Azithromycin 500mg,6,Summer,5,2
2026-02-14,Ibuprofen 400mg,8,Summer,5,2
2026-02-14,Zinc Tablets 20mg,16,Summer,5,2
2026-02-14,Multivitamin Complex,11,Summer,5,2
2026-02-14,Folic Acid 5mg,9,Summer,5,2
2026-02-14,Atorvastatin 10mg,10,Summer,5,2
2026-02-14,Levocetirizine 5mg,5,Summer,5,2
2026-02-14,Ranitidine 150mg,19,Summer,5,2
2026-02-14,Diclofenac Gel 30g,3,Summer,5,2
2026-02-14,ORS (Orange Flavor),35,Summer,5,2
2026-02-14,Dolo 650mg,19,Summer,5,2
2026-02-14,Erythromycin 250mg,8,Summer,5,2
2026-02-14,Montelukast 10mg,5,Summer,5,2
2026-02-14,Carbamazepine 200mg,2,Summer,5,2
2026-02-15,Paracetamol 650mg,15,Summer,6,2
2026-02-15,Cetirizine 10mg,9,Summer,6,2
2026-02-15,Amoxicillin 500mg,10,Summer,6,2
2026-02-15,Insulin Glargine 100IU,5,Summer,6,2
2026-02-15,Salbutamol Inhaler,2,Summer,6,2
2026-02-15,Phenytoin 100mg,6,Summer,6,2
2026-02-15,ORS (Oral Rehydration),68,Summer,6,2
2026-02-15,Cough Syrup 100ml,7,Summer,6,2
2026-02-15,Pantoprazole 40mg,22,Summer,6,2
2026-02-15,Metformin 500mg,20,Summer,6,2
2026-02-15,Amlodipine 5mg,15,Summer,6,2
2026-02-15,Azithromycin 500mg,5,Summer,6,2
2026-02-15,Ibuprofen 400mg,12,Summer,6,2
2026-02-15,Zinc Tablets 20mg,7,Summer,6,2
2026-02-15,Multivitamin Complex,11,Summer,6,2
2026-02-15,Folic Acid 5mg,15,Summer,6,2
2026-02-15,Atorvastatin 10mg,21,Summer,6,2
2026-02-15,Levocetirizine 5mg,7,Summer,6,2
2026-02-15,Ranitidine 150mg,17,Summer,6,2
2026-02-15,Diclofenac Gel 30g,8,Summer,6,2
2026-02-15,ORS (Orange Flavor),43,Summer,6,2
2026-02-15,Dolo 650mg,24,Summer,6,2
2026-02-15,Erythromycin 250mg,8,Summer,6,2
2026-02-15,Montelukast 10mg,4,Summer,6,2
2026-02-15,Carbamazepine 200mg,2,Summer,6,2
2026-02-16,Paracetamol 650mg,18,Summer,0,2
2026-02-16,Cetirizine 10mg,17,Summer,0,2
2026-02-16,Amoxicillin 500mg,6,Summer,0,2
2026-02-16,Insulin Glargine 100IU,7,Summer,0,2
2026-02-16,Salbutamol Inhaler,1,Summer,0,2
2026-02-16,Phenytoin 100mg,1,Summer,0,2
2026-02-16,ORS (Oral Rehydration),66,Summer,0,2
2026-02-16,Cough Syrup 100ml,4,Summer,0,2
2026-02-16,Pantoprazole 40mg,16,Summer,0,2
2026-02-16,Metformin 500mg,17,Summer,0,2
2026-02-16,Amlodipine 5mg,13,Summer,0,2
2026-02-16,Azithromycin 500mg,1,Summer,0,2
2026-02-16,Ibuprofen 400mg,7,Summer,0,2
2026-02-16,Zinc Tablets 20mg,15,Summer,0,2
2026-02-16,Multivitamin Complex,14,Summer,0,2
2026-02-16,Folic Acid 5mg,12,Summer,0,2
2026-02-16,Atorvastatin 10mg,16,Summer,0,2
2026-02-16,Levocetirizine 5mg,2,Summer,0,2
2026-02-16,Ranitidine 150mg,16,Summer,0,2
2026-02-16,Diclofenac Gel 30g,7,Summer,0,2
2026-02-16,ORS (Orange Flavor),36,Summer,0,2
2026-02-16,Dolo 650mg,17,Summer,0,2
2026-02-16,Erythromycin 250mg,7,Summer,0,2
2026-02-16,Montelukast 10mg,2,Summer,0,2
2026-02-16,Carbamazepine 200mg,6,Summer,0,2
2026-02-17,Paracetamol 650mg,13,Summer,1,2
2026-02-17,Cetirizine 10mg,13,Summer,1,2
2026-02-17,Amoxicillin 500mg,13,Summer,1,2
2026-02-17,Insulin Glargine 100IU,2,Summer,1,2
2026-02-17,Salbutamol Inhaler,3,Summer,1,2
2026-02-17,Phenytoin 100mg,3,Summer,1,2
2026-02-17,ORS (Oral Rehydration),66,Summer,1,2
2026-02-17,Cough Syrup 100ml,5,Summer,1,2
2026-02-17,Pantoprazole 40mg,23,Summer,1,2
2026-02-17,Metformin 500mg,27,Summer,1,2
2026-02-17,Amlodipine 5mg,9,Summer,1,2
2026-02-17,Azithromycin 500mg,3,Summer,1,2
2026-02-17,Ibuprofen 400mg,8,Summer,1,2
2026-02-17,Zinc Tablets 20mg,10,Summer,1,2
2026-02-17,Multivitamin Complex,14,Summer,1,2
2026-02-17,Folic Acid 5mg,17,Summer,1,2
2026-02-17,Atorvastatin 10mg,10,Summer,1,2
2026-02-17,Levocetirizine 5mg,1,Summer,1,2
2026-02-17,Ranitidine 150mg,19,Summer,1,2
2026-02-17,Diclofenac Gel 30g,4,Summer,1,2
2026-02-17,ORS (Orange Flavor),36,Summer,1,2
2026-02-17,Dolo 650mg,18,Summer,1,2
2026-02-17,Erythromycin 250mg,6,Summer,1,2
2026-02-17,Montelukast 10mg,6,Summer,1,2
2026-02-17,Carbamazepine 200mg,3,Summer,1,2
2026-02-18,Paracetamol 650mg,24,Summer,2,2
2026-02-18,Cetirizine 10mg,10,Summer,2,2
2026-02-18,Amoxicillin 500mg,8,Summer,2,2
2026-02-18,Insulin Glargine 100IU,4,Summer,2,2
2026-02-18,Salbutamol Inhaler,1,Summer,2,2
2026-02-18,Phenytoin 100mg,4,Summer,2,2
2026-02-18,ORS (Oral Rehydration),71,Summer,2,2
2026-02-18,Cough Syrup 100ml,4,Summer,2,2
2026-02-18,Pantoprazole 40mg,27,Summer,2,2
2026-02-18,Metformin 500mg,15,Summer,2,2
2026-02-18,Amlodipine 5mg,9,Summer,2,2
2026-02-18,Azithromycin 500mg,3,Summer,2,2
2026-02-18,Ibuprofen 400mg,10,Summer,2,2
2026-02-18,Zinc Tablets 20mg,8,Summer,2,2
2026-02-18,Multivitamin Complex,10,Summer,2,2
2026-02-18,Folic Acid 5mg,17,Summer,2,2
2026-02-18,Atorvastatin 10mg,14,Summer,2,2
2026-02-18,Levocetirizine 5mg,4,Summer,2,2
2026-02-18,Ranitidine 150mg,15,Summer,2,2
2026-02-18,Diclofenac Gel 30g,5,Summer,2,2
2026-02-18,ORS (Orange Flavor),36,Summer,2,2
2026-02-18,Dolo 650mg,19,Summer,2,2
2026-02-18,Erythromycin 250mg,4,Summer,2,2
2026-02-18,Montelukast 10mg,9,Summer,2,2
2026-02-18,Carbamazepine 200mg,3,Summer,2,2
2026-02-19,Paracetamol 650mg,14,Summer,3,2
2026-02-19,Cetirizine 10mg,10,Summer,3,2
2026-02-19,Amoxicillin 500mg,8,Summer,3,2
2026-02-19,Insulin Glargine 100IU,4,Summer,3,2
2026-02-19,Salbutamol Inhaler,3,Summer,3,2
2026-02-19,Phenytoin 100mg,5,Summer,3,2
2026-02-19,ORS (Oral Rehydration),67,Summer,3,2
2026-02-19,Cough Syrup 100ml,4,Summer,3,2
2026-02-19,Pantoprazole 40mg,26,Summer,3,2
2026-02-19,Metformin 500mg,18,Summer,3,2
2026-02-19,Amlodipine 5mg,12,Summer,3,2
2026-02-19,Azithromycin 500mg,5,Summer,3,2
2026-02-19,Ibuprofen 400mg,6,Summer,3,2
2026-02-19,Zinc Tablets 20mg,9,Summer,3,2
2026-02-19,Multivitamin Complex,16,Summer,3,2
2026-02-19,Folic Acid 5mg,12,Summer,3,2
2026-02-19,Atorvastatin 10mg,12,Summer,3,2
2026-02-19,Levocetirizine 5mg,3,Summer,3,2
2026-02-19,Ranitidine 150mg,17,Summer,3,2
2026-02-19,Diclofenac Gel 30g,4,Summer,3,2
2026-02-19,ORS (Orange Flavor),51,Summer,3,2
2026-02-19,Dolo 650mg,17,Summer,3,2
2026-02-19,Erythromycin 250mg,10,Summer,3,2
2026-02-19,Montelukast 10mg,4,Summer,3,2
2026-02-19,Carbamazepine 200mg,3,Summer,3,2
2026-02-20,Paracetamol 650mg,17,Summer,4,2
2026-02-20,Cetirizine 10mg,9,Summer,4,2
2026-02-20,Amoxicillin 500mg,8,Summer,4,2
2026-02-20,Insulin Glargine 100IU,4,Summer,4,2
2026-02-20,Salbutamol Inhaler,3,Summer,4,2
2026-02-20,Phenytoin 100mg,1,Summer,4,2
2026-02-20,ORS (Oral Rehydration),65,Summer,4,2
2026-02-20,Cough Syrup 100ml,5,Summer,4,2
2026-02-20,Pantoprazole 40mg,19,Summer,4,2
2026-02-20,Metformin 500mg,23,Summer,4,2
2026-02-20,Amlodipine 5mg,12,Summer,4,2
2026-02-20,Azithromycin 500mg,2,Summer,4,2
2026-02-20,Ibuprofen 400mg,5,Summer,4,2
2026-02-20,Zinc Tablets 20mg,11,Summer,4,2
2026-02-20,Multivitamin Complex,5,Summer,4,2
2026-02-20,Folic Acid 5mg,13,Summer,4,2
2026-02-20,Atorvastatin 10mg,17,Summer,4,2
2026-02-20,Levocetirizine 5mg,4,Summer,4,2
2026-02-20,Ranitidine 150mg,19,Summer,4,2
2026-02-20,Diclofenac Gel 30g,8,Summer,4,2
2026-02-20,ORS (Orange Flavor),35,Summer,4,2
2026-02-20,Dolo 650mg,18,Summer,4,2
2026-02-20,Erythromycin 250mg,5,Summer,4,2
2026-02-20,Montelukast 10mg,4,Summer,4,2
2026-02-20,Carbamazepine 200mg,4,Summer,4,2
2026-02-21,Paracetamol 650mg,24,Summer,5,2
2026-02-21,Cetirizine 10mg,15,Summer,5,2
2026-02-21,Amoxicillin 500mg,8,Summer,5,2
2026-02-21,Insulin Glargine 100IU,4,Summer,5,2
2026-02-21,Salbutamol Inhaler,1,Summer,5,2
2026-02-21,Phenytoin 100mg,3,Summer,5,2
2026-02-21,ORS (Oral Rehydration),79,Summer,5,2
2026-02-21,Cough Syrup 100ml,1,Summer,5,2
2026-02-21,Pantoprazole 40mg,18,Summer,5,2
2026-02-21,Metformin 500mg,23,Summer,5,2
2026-02-21,Amlodipine 5mg,17,Summer,5,2
2026-02-21,Azithromycin 500mg,3,Summer,5,2
2026-02-21,Ibuprofen 400mg,10,Summer,5,2
2026-02-21,Zinc Tablets 20mg,18,Summer,5,2
2026-02-21,Multivitamin Complex,12,Summer,5,2
2026-02-21,Folic Acid 5mg,14,Summer,5,2
2026-02-21,Atorvastatin 10mg,8,Summer,5,2
2026-02-21,Levocetirizine 5mg,3,Summer,5,2
2026-02-21,Ranitidine 150mg,18,Summer,5,2
2026-02-21,Diclofenac Gel 30g,6,Summer,5,2
2026-02-21,ORS (Orange Flavor),45,Summer,5,2
2026-02-21,Dolo 650mg,21,Summer,5,2
2026-02-21,Erythromycin 250mg,6,Summer,5,2
2026-02-21,Montelukast 10mg,7,Summer,5,2
2026-02-21,Carbamazepine 200mg,3,Summer,5,2
2026-02-22,Paracetamol 650mg,14,Summer,6,2
2026-02-22,Cetirizine 10mg,7,Summer,6,2
2026-02-22,Amoxicillin 500mg,8,Summer,6,2
2026-02-22,Insulin Glargine 100IU,9,Summer,6,2
2026-02-22,Salbutamol Inhaler,1,Summer,6,2
2026-02-22,Phenytoin 100mg,1,Summer,6,2
2026-02-22,ORS (Oral Rehydration),69,Summer,6,2
2026-02-22,Cough Syrup 100ml,3,Summer,6,2
2026-02-22,Pantoprazole 40mg,25,Summer,6,2
2026-02-22,Metformin 500mg,16,Summer,6,2
2026-02-22,Amlodipine 5mg,9,Summer,6,2
2026-02-22,Azithromycin 500mg,1,Summer,6,2
2026-02-22,Ibuprofen 400mg,14,Summer,6,2
2026-02-22,Zinc Tablets 20mg,13,Summer,6,2
2026-02-22,Multivitamin Complex,11,Summer,6,2
2026-02-22,Folic Acid 5mg,22,Summer,6,2
2026-02-22,Atorvastatin 10mg,11,Summer,6,2
2026-02-22,Levocetirizine 5mg,7,Summer,6,2
2026-02-22,Ranitidine 150mg,21,Summer,6,2
2026-02-22,Diclofenac Gel 30g,3,Summer,6,2
2026-02-22,ORS (Orange Flavor),42,Summer,6,2
2026-02-22,Dolo 650mg,24,Summer,6,2
2026-02-22,Erythromycin 250mg,4,Summer,6,2
2026-02-22,Montelukast 10mg,6,Summer,6,2
2026-02-22,Carbamazepine 200mg,2,Summer,6,2
2026-02-23,Paracetamol 650mg,20,Summer,0,2
2026-02-23,Cetirizine 10mg,12,Summer,0,2
2026-02-23,Amoxicillin 500mg,13,Summer,0,2
2026-02-23,Insulin Glargine 100IU,6,Summer,0,2
2026-02-23,Salbutamol Inhaler,2,Summer,0,2
2026-02-23,Phenytoin 100mg,2,Summer,0,2
2026-02-23,ORS (Oral Rehydration),73,Summer,0,2
2026-02-23,Cough Syrup 100ml,3,Summer,0,2
2026-02-23,Pantoprazole 40mg,19,Summer,0,2
2026-02-23,Metformin 500mg,18,Summer,0,2
2026-02-23,Amlodipine 5mg,12,Summer,0,2
2026-02-23,Azithromycin 500mg,4,Summer,0,2
2026-02-23,Ibuprofen 400mg,2,Summer,0,2
2026-02-23,Zinc Tablets 20mg,8,Summer,0,2
2026-02-23,Multivitamin Complex,11,Summer,0,2
2026-02-23,Folic Acid 5mg,24,Summer,0,2
2026-02-23,Atorvastatin 10mg,17,Summer,0,2
2026-02-23,Levocetirizine 5mg,8,Summer,0,2
2026-02-23,Ranitidine 150mg,13,Summer,0,2
2026-02-23,Diclofenac Gel 30g,8,Summer,0,2
2026-02-23,ORS (Orange Flavor),36,Summer,0,2
2026-02-23,Dolo 650mg,17,Summer,0,2
2026-02-23,Erythromycin 250mg,6,Summer,0,2
2026-02-23,Montelukast 10mg,4,Summer,0,2
2026-02-23,Carbamazepine 200mg,8,Summer,0,2
2026-02-24,Paracetamol 650mg,15,Summer,1,2
2026-02-24,Cetirizine 10mg,9,Summer,1,2
2026-02-24,Amoxicillin 500mg,10,Summer,1,2
2026-02-24,Insulin Glargine 100IU,5,Summer,1,2
2026-02-24,Salbutamol Inhaler,4,Summer,1,2
2026-02-24,Phenytoin 100mg,2,Summer,1,2
2026-02-24,ORS (Oral Rehydration),76,Summer,1,2
2026-02-24,Cough Syrup 100ml,5,Summer,1,2
2026-02-24,Pantoprazole 40mg,28,Summer,1,2
2026-02-24,Metformin 500mg,21,Summer,1,2
2026-02-24,Amlodipine 5mg,9,Summer,1,2
2026-02-24,Azithromycin 500mg,2,Summer,1,2
2026-02-24,Ibuprofen 400mg,10,Summer,1,2
2026-02-24,Zinc Tablets 20mg,10,Summer,1,2
2026-02-24,Multivitamin Complex,13,Summer,1,2
2026-02-24,Folic Acid 5mg,17,Summer,1,2
2026-02-24,Atorvastatin 10mg,14,Summer,1,2
2026-02-24,Levocetirizine 5mg,4,Summer,1,2
2026-02-24,Ranitidine 150mg,23,Summer,1,2
2026-02-24,Diclofenac Gel 30g,5,Summer,1,2
2026-02-24,ORS (Orange Flavor),34,Summer,1,2
2026-02-24,Dolo 650mg,18,Summer,1,2
2026-02-24,Erythromycin 250mg,5,Summer,1,2
2026-02-24,Montelukast 10mg,6,Summer,1,2
2026-02-24,Carbamazepine 200mg,8,Summer,1,2
2026-02-25,Paracetamol 650mg,10,Summer,2,2
2026-02-25,Cetirizine 10mg,9,Summer,2,2
2026-02-25,Amoxicillin 500mg,7,Summer,2,2
2026-02-25,Insulin Glargine 100IU,2,Summer,2,2
2026-02-25,Salbutamol Inhaler,2,Summer,2,2
2026-02-25,Phenytoin 100mg,2,Summer,2,2
2026-02-25,ORS (Oral Rehydration),93,Summer,2,2
2026-02-25,Cough Syrup 100ml,4,Summer,2,2
2026-02-25,Pantoprazole 40mg,15,Summer,2,2
2026-02-25,Metformin 500mg,14,Summer,2,2
2026-02-25,Amlodipine 5mg,14,Summer,2,2
2026-02-25,Azithromycin 500mg,3,Summer,2,2
2026-02-25,Ibuprofen 400mg,8,Summer,2,2
2026-02-25,Zinc Tablets 20mg,9,Summer,2,2
2026-02-25,Multivitamin Complex,7,Summer,2,2
2026-02-25,Folic Acid 5mg,14,Summer,2,2
2026-02-25,Atorvastatin 10mg,12,Summer,2,2
2026-02-25,Levocetirizine 5mg,4,Summer,2,2
2026-02-25,Ranitidine 150mg,18,Summer,2,2
2026-02-25,Diclofenac Gel 30g,6,Summer,2,2
2026-02-25,ORS (Orange Flavor),48,Summer,2,2
2026-02-25,Dolo 650mg,25,Summer,2,2
2026-02-25,Erythromycin 250mg,1,Summer,2,2
2026-02-25,Montelukast 10mg,3,Summer,2,2
2026-02-25,Carbamazepine 200mg,1,Summer,2,2
2026-02-26,Paracetamol 650mg,16,Summer,3,2
2026-02-26,Cetirizine 10mg,11,Summer,3,2
2026-02-26,Amoxicillin 500mg,9,Summer,3,2
2026-02-26,Insulin Glargine 100IU,4,Summer,3,2
2026-02-26,Salbutamol Inhaler,3,Summer,3,2
2026-02-26,Phenytoin 100mg,3,Summer,3,2
2026-02-26,ORS (Oral Rehydration),67,Summer,3,2
2026-02-26,Cough Syrup 100ml,5,Summer,3,2
2026-02-26,Pantoprazole 40mg,22,Summer,3,2
2026-02-26,Metformin 500mg,14,Summer,3,2
2026-02-26,Amlodipine 5mg,14,Summer,3,2
2026-02-26,Azithromycin 500mg,3,Summer,3,2
2026-02-26,Ibuprofen 400mg,9,Summer,3,2
2026-02-26,Zinc Tablets 20mg,14,Summer,3,2
2026-02-26,Multivitamin Complex,13,Summer,3,2
2026-02-26,Folic Acid 5mg,16,Summer,3,2
2026-02-26,Atorvastatin 10mg,6,Summer,3,2
2026-02-26,Levocetirizine 5mg,4,Summer,3,2
2026-02-26,Ranitidine 150mg,15,Summer,3,2
2026-02-26,Diclofenac Gel 30g,6,Summer,3,2
2026-02-26,ORS (Orange Flavor),34,Summer,3,2
2026-02-26,Dolo 650mg,22,Summer,3,2
2026-02-26,Erythromycin 250mg,5,Summer,3,2
2026-02-26,Montelukast 10mg,2,Summer,3,2
2026-02-26,Carbamazepine 200mg,6,Summer,3,2
2026-02-27,Paracetamol 650mg,13,Summer,4,2
2026-02-27,Cetirizine 10mg,10,Summer,4,2
2026-02-27,Amoxicillin 500mg,10,Summer,4,2
2026-02-27,Insulin Glargine 100IU,5,Summer,4,2
2026-02-27,Salbutamol Inhaler,4,Summer,4,2
2026-02-27,Phenytoin 100mg,2,Summer,4,2
2026-02-27,ORS (Oral Rehydration),66,Summer,4,2
2026-02-27,Cough Syrup 100ml,5,Summer,4,2
2026-02-27,Pantoprazole 40mg,18,Summer,4,2
2026-02-27,Metformin 500mg,28,Summer,4,2
2026-02-27,Amlodipine 5mg,11,Summer,4,2
2026-02-27,Azithromycin 500mg,3,Summer,4,2
2026-02-27,Ibuprofen 400mg,6,Summer,4,2
2026-02-27,Zinc Tablets 20mg,13,Summer,4,2
2026-02-27,Multivitamin Complex,14,Summer,4,2
2026-02-27,Folic Acid 5mg,13,Summer,4,2
2026-02-27,Atorvastatin 10mg,8,Summer,4,2
2026-02-27,Levocetirizine 5mg,3,Summer,4,2
2026-02-27,Ranitidine 150mg,12,Summer,4,2
2026-02-27,Diclofenac Gel 30g,7,Summer,4,2
2026-02-27,ORS (Orange Flavor),36,Summer,4,2
2026-02-27,Dolo 650mg,25,Summer,4,2
2026-02-27,Erythromycin 250mg,6,Summer,4,2
2026-02-27,Montelukast 10mg,6,Summer,4,2
2026-02-27,Carbamazepine 200mg,4,Summer,4,2
2026-02-28,Paracetamol 650mg,13,Summer,5,2
2026-02-28,Cetirizine 10mg,16,Summer,5,2
2026-02-28,Amoxicillin 500mg,16,Summer,5,2
2026-02-28,Insulin Glargine 100IU,4,Summer,5,2
2026-02-28,Salbutamol Inhaler,1,Summer,5,2
2026-02-28,Phenytoin 100mg,3,Summer,5,2
2026-02-28,ORS (Oral Rehydration),56,Summer,5,2
2026-02-28,Cough Syrup 100ml,5,Summer,5,2
2026-02-28,Pantoprazole 40mg,23,Summer,5,2
2026-02-28,Metformin 500mg,21,Summer,5,2
2026-02-28,Amlodipine 5mg,13,Summer,5,2
2026-02-28,Azithromycin 500mg,3,Summer,5,2
2026-02-28,Ibuprofen 400mg,6,Summer,5,2
2026-02-28,Zinc Tablets 20mg,12,Summer,5,2
2026-02-28,Multivitamin Complex,11,Summer,5,2
2026-02-28,Folic Acid 5mg,12,Summer,5,2
2026-02-28,Atorvastatin 10mg,6,Summer,5,2
2026-02-28,Levocetirizine 5mg,4,Summer,5,2
2026-02-28,Ranitidine 150mg,18,Summer,5,2
2026-02-28,Diclofenac Gel 30g,4,Summer,5,2
2026-02-28,ORS (Orange Flavor),35,Summer,5,2
2026-02-28,Dolo 650mg,24,Summer,5,2
2026-02-28,Erythromycin 250mg,5,Summer,5,2
2026-02-28,Montelukast 10mg,6,Summer,5,2
2026-02-28,Carbamazepine 200mg,2,Summer,5,2
2026-03-01,Paracetamol 650mg,9,Summer,6,3
2026-03-01,Cetirizine 10mg,9,Summer,6,3
2026-03-01,Amoxicillin 500mg,10,Summer,6,3
2026-03-01,Insulin Glargine 100IU,3,Summer,6,3
2026-03-01,Salbutamol Inhaler,6,Summer,6,3
2026-03-01,Phenytoin 100mg,2,Summer,6,3
2026-03-01,ORS (Oral Rehydration),72,Summer,6,3
2026-03-01,Cough Syrup 100ml,2,Summer,6,3
2026-03-01,Pantoprazole 40mg,26,Summer,6,3
2026-03-01,Metformin 500mg,20,Summer,6,3
2026-03-01,Amlodipine 5mg,13,Summer,6,3
2026-03-01,Azithromycin 500mg,4,Summer,6,3
2026-03-01,Ibuprofen 400mg,6,Summer,6,3
2026-03-01,Zinc Tablets 20mg,16,Summer,6,3
2026-03-01,Multivitamin Complex,12,Summer,6,3
2026-03-01,Folic Acid 5mg,15,Summer,6,3
2026-03-01,Atorvastatin 10mg,9,Summer,6,3
2026-03-01,Levocetirizine 5mg,5,Summer,6,3
2026-03-01,Ranitidine 150mg,22,Summer,6,3
2026-03-01,Diclofenac Gel 30g,5,Summer,6,3
2026-03-01,ORS (Orange Flavor),47,Summer,6,3
2026-03-01,Dolo 650mg,24,Summer,6,3
2026-03-01,Erythromycin 250mg,5,Summer,6,3
2026-03-01,Montelukast 10mg,6,Summer,6,3
2026-03-01,Carbamazepine 200mg,6,Summer,6,3
2026-03-02,Paracetamol 650mg,10,Summer,0,3
2026-03-02,Cetirizine 10mg,10,Summer,0,3
2026-03-02,Amoxicillin 500mg,12,Summer,0,3
2026-03-02,Insulin Glargine 100IU,7,Summer,0,3
2026-03-02,Salbutamol Inhaler,3,Summer,0,3
2026-03-02,Phenytoin 100mg,4,Summer,0,3
2026-03-02,ORS (Oral Rehydration),72,Summer,0,3
2026-03-02,Cough Syrup 100ml,6,Summer,0,3
2026-03-02,Pantoprazole 40mg,34,Summer,0,3
2026-03-02,Metformin 500mg,18,Summer,0,3
2026-03-02,Amlodipine 5mg,13,Summer,0,3
2026-03-02,Azithromycin 500mg,5,Summer,0,3
2026-03-02,Ibuprofen 400mg,5,Summer,0,3
2026-03-02,Zinc Tablets 20mg,9,Summer,0,3
2026-03-02,Multivitamin Complex,16,Summer,0,3
2026-03-02,Folic Acid 5mg,11,Summer,0,3
2026-03-02,Atorvastatin 10mg,14,Summer,0,3
2026-03-02,Levocetirizine 5mg,6,Summer,0,3
2026-03-02,Ranitidine 150mg,11,Summer,0,3
2026-03-02,Diclofenac Gel 30g,7,Summer,0,3
2026-03-02,ORS (Orange Flavor),47,Summer,0,3
2026-03-02,Dolo 650mg,16,Summer,0,3
2026-03-02,Erythromycin 250mg,8,Summer,0,3
2026-03-02,Montelukast 10mg,2,Summer,0,3
2026-03-02,Carbamazepine 200mg,2,Summer,0,3
2026-03-03,Paracetamol 650mg,17,Summer,1,3
2026-03-03,Cetirizine 10mg,8,Summer,1,3
2026-03-03,Amoxicillin 500mg,10,Summer,1,3
2026-03-03,Insulin Glargine 100IU,4,Summer,1,3
2026-03-03,Salbutamol Inhaler,1,Summer,1,3
2026-03-03,Phenytoin 100mg,3,Summer,1,3
2026-03-03,ORS (Oral Rehydration),81,Summer,1,3
2026-03-03,Cough Syrup 100ml,6,Summer,1,3
2026-03-03,Pantoprazole 40mg,29,Summer,1,3
2026-03-03,Metformin 500mg,25,Summer,1,3
2026-03-03,Amlodipine 5mg,16,Summer,1,3
2026-03-03,Azithromycin 500mg,3,Summer,1,3
2026-03-03,Ibuprofen 400mg,10,Summer,1,3
2026-03-03,Zinc Tablets 20mg,14,Summer,1,3
2026-03-03,Multivitamin Complex,10,Summer,1,3
2026-03-03,Folic Acid 5mg,13,Summer,1,3
2026-03-03,Atorvastatin 10mg,10,Summer,1,3
2026-03-03,Levocetirizine 5mg,6,Summer,1,3
2026-03-03,Ranitidine 150mg,14,Summer,1,3
2026-03-03,Diclofenac Gel 30g,4,Summer,1,3
2026-03-03,ORS (Orange Flavor),38,Summer,1,3
2026-03-03,Dolo 650mg,20,Summer,1,3
2026-03-03,Erythromycin 250mg,8,Summer,1,3
2026-03-03,Montelukast 10mg,5,Summer,1,3
2026-03-03,Carbamazepine 200mg,5,Summer,1,3
2026-03-04,Paracetamol 650mg,9,Summer,2,3
2026-03-04,Cetirizine 10mg,9,Summer,2,3
2026-03-04,Amoxicillin 500mg,19,Summer,2,3
2026-03-04,Insulin Glargine 100IU,2,Summer,2,3
2026-03-04,Salbutamol Inhaler,3,Summer,2,3
2026-03-04,Phenytoin 100mg,4,Summer,2,3
2026-03-04,ORS (Oral Rehydration),74,Summer,2,3
2026-03-04,Cough Syrup 100ml,1,Summer,2,3
2026-03-04,Pantoprazole 40mg,23,Summer,2,3
2026-03-04,Metformin 500mg,15,Summer,2,3
2026-03-04,Amlodipine 5mg,18,Summer,2,3
2026-03-04,Azithromycin 500mg,2,Summer,2,3
2026-03-04,Ibuprofen 400mg,6,Summer,2,3
2026-03-04,Zinc Tablets 20mg,13,Summer,2,3
2026-03-04,Multivitamin Complex,13,Summer,2,3
2026-03-04,Folic Acid 5mg,18,Summer,2,3
2026-03-04,Atorvastatin 10mg,4,Summer,2,3
2026-03-04,Levocetirizine 5mg,2,Summer,2,3
2026-03-04,Ranitidine 150mg,20,Summer,2,3
2026-03-04,Diclofenac Gel 30g,4,Summer,2,3
2026-03-04,ORS (Orange Flavor),38,Summer,2,3
2026-03-04,Dolo 650mg,21,Summer,2,3
2026-03-04,Erythromycin 250mg,7,Summer,2,3
2026-03-04,Montelukast 10mg,4,Summer,2,3
2026-03-04,Carbamazepine 200mg,1,Summer,2,3
2026-03-05,Paracetamol 650mg,19,Summer,3,3
2026-03-05,Cetirizine 10mg,9,Summer,3,3
2026-03-05,Amoxicillin 500mg,9,Summer,3,3
2026-03-05,Insulin Glargine 100IU,5,Summer,3,3
2026-03-05,Salbutamol Inhaler,1,Summer,3,3
2026-03-05,Phenytoin 100mg,4,Summer,3,3
2026-03-05,ORS (Oral Rehydration),63,Summer,3,3
2026-03-05,Cough Syrup 100ml,3,Summer,3,3
2026-03-05,Pantoprazole 40mg,25,Summer,3,3
2026-03-05,Metformin 500mg,22,Summer,3,3
2026-03-05,Amlodipine 5mg,21,Summer,3,3
2026-03-05,Azithromycin 500mg,2,Summer,3,3
2026-03-05,Ibuprofen 400mg,8,Summer,3,3
2026-03-05,Zinc Tablets 20mg,11,Summer,3,3
2026-03-05,Multivitamin Complex,8,Summer,3,3
2026-03-05,Folic Acid 5mg,15,Summer,3,3
2026-03-05,Atorvastatin 10mg,7,Summer,3,3
2026-03-05,Levocetirizine 5mg,6,Summer,3,3
2026-03-05,Ranitidine 150mg,16,Summer,3,3
2026-03-05,Diclofenac Gel 30g,7,Summer,3,3
2026-03-05,ORS (Orange Flavor),40,Summer,3,3
2026-03-05,Dolo 650mg,24,Summer,3,3
2026-03-05,Erythromycin 250mg,5,Summer,3,3
2026-03-05,Montelukast 10mg,2,Summer,3,3
2026-03-05,Carbamazepine 200mg,5,Summer,3,3
2026-03-06,Paracetamol 650mg,20,Summer,4,3
2026-03-06,Cetirizine 10mg,7,Summer,4,3
2026-03-06,Amoxicillin 500mg,10,Summer,4,3
2026-03-06,Insulin Glargine 100IU,6,Summer,4,3
2026-03-06,Salbutamol Inhaler,3,Summer,4,3
2026-03-06,Phenytoin 100mg,2,Summer,4,3
2026-03-06,ORS (Oral Rehydration),66,Summer,4,3
2026-03-06,Cough Syrup 100ml,5,Summer,4,3
2026-03-06,Pantoprazole 40mg,33,Summer,4,3
2026-03-06,Metformin 500mg,13,Summer,4,3
2026-03-06,Amlodipine 5mg,19,Summer,4,3
2026-03-06,Azithromycin 500mg,5,Summer,4,3
2026-03-06,Ibuprofen 400mg,5,Summer,4,3
2026-03-06,Zinc Tablets 20mg,15,Summer,4,3
2026-03-06,Multivitamin Complex,7,Summer,4,3
2026-03-06,Folic Acid 5mg,20,Summer,4,3
2026-03-06,Atorvastatin 10mg,10,Summer,4,3
2026-03-06,Levocetirizine 5mg,3,Summer,4,3
2026-03-06,Ranitidine 150mg,27,Summer,4,3
2026-03-06,Diclofenac Gel 30g,12,Summer,4,3
2026-03-06,ORS (Orange Flavor),54,Summer,4,3
2026-03-06,Dolo 650mg,19,Summer,4,3
2026-03-06,Erythromycin 250mg,3,Summer,4,3
2026-03-06,Montelukast 10mg,6,Summer,4,3
2026-03-06,Carbamazepine 200mg,2,Summer,4,3
2026-03-07,Paracetamol 650mg,20,Summer,5,3
2026-03-07,Cetirizine 10mg,13,Summer,5,3
2026-03-07,Amoxicillin 500mg,8,Summer,5,3
2026-03-07,Insulin Glargine 100IU,3,Summer,5,3
2026-03-07,Salbutamol Inhaler,1,Summer,5,3
2026-03-07,Phenytoin 100mg,2,Summer,5,3
2026-03-07,ORS (Oral Rehydration),74,Summer,5,3
2026-03-07,Cough Syrup 100ml,5,Summer,5,3
2026-03-07,Pantoprazole 40mg,29,Summer,5,3
2026-03-07,Metformin 500mg,15,Summer,5,3
2026-03-07,Amlodipine 5mg,16,Summer,5,3
2026-03-07,Azithromycin 500mg,2,Summer,5,3
2026-03-07,Ibuprofen 400mg,3,Summer,5,3
2026-03-07,Zinc Tablets 20mg,5,Summer,5,3
2026-03-07,Multivitamin Complex,4,Summer,5,3
2026-03-07,Folic Acid 5mg,17,Summer,5,3
2026-03-07,Atorvastatin 10mg,9,Summer,5,3
2026-03-07,Levocetirizine 5mg,3,Summer,5,3
2026-03-07,Ranitidine 150mg,16,Summer,5,3
2026-03-07,Diclofenac Gel 30g,3,Summer,5,3
2026-03-07,ORS (Orange Flavor),41,Summer,5,3
2026-03-07,Dolo 650mg,31,Summer,5,3
2026-03-07,Erythromycin 250mg,5,Summer,5,3
2026-03-07,Montelukast 10mg,3,Summer,5,3
2026-03-07,Carbamazepine 200mg,3,Summer,5,3
2026-03-08,Paracetamol 650mg,18,Summer,6,3
2026-03-08,Cetirizine 10mg,16,Summer,6,3
2026-03-08,Amoxicillin 500mg,8,Summer,6,3
2026-03-08,Insulin Glargine 100IU,1,Summer,6,3
2026-03-08,Salbutamol Inhaler,1,Summer,6,3
2026-03-08,Phenytoin 100mg,1,Summer,6,3
2026-03-08,ORS (Oral Rehydration),78,Summer,6,3
2026-03-08,Cough Syrup 100ml,4,Summer,6,3
2026-03-08,Pantoprazole 40mg,23,Summer,6,3
2026-03-08,Metformin 500mg,22,Summer,6,3
2026-03-08,Amlodipine 5mg,16,Summer,6,3
2026-03-08,Azithromycin 500mg,4,Summer,6,3
2026-03-08,Ibuprofen 400mg,10,Summer,6,3
2026-03-08,Zinc Tablets 20mg,14,Summer,6,3
2026-03-08,Multivitamin Complex,7,Summer,6,3
2026-03-08,Folic Acid 5mg,12,Summer,6,3
2026-03-08,Atorvastatin 10mg,11,Summer,6,3
2026-03-08,Levocetirizine 5mg,5,Summer,6,3
2026-03-08,Ranitidine 150mg,19,Summer,6,3
2026-03-08,Diclofenac Gel 30g,3,Summer,6,3
2026-03-08,ORS (Orange Flavor),43,Summer,6,3
2026-03-08,Dolo 650mg,20,Summer,6,3
2026-03-08,Erythromycin 250mg,8,Summer,6,3
2026-03-08,Montelukast 10mg,5,Summer,6,3
2026-03-08,Carbamazepine 200mg,4,Summer,6,3
2026-03-09,Paracetamol 650mg,22,Summer,0,3
2026-03-09,Cetirizine 10mg,4,Summer,0,3
2026-03-09,Amoxicillin 500mg,11,Summer,0,3
2026-03-09,Insulin Glargine 100IU,4,Summer,0,3
2026-03-09,Salbutamol Inhaler,1,Summer,0,3
2026-03-09,Phenytoin 100mg,2,Summer,0,3
2026-03-09,ORS (Oral Rehydration),50,Summer,0,3
2026-03-09,Cough Syrup 100ml,4,Summer,0,3
2026-03-09,Pantoprazole 40mg,11,Summer,0,3
2026-03-09,Metformin 500mg,15,Summer,0,3
2026-03-09,Amlodipine 5mg,16,Summer,0,3
2026-03-09,Azithromycin 500mg,9,Summer,0,3
2026-03-09,Ibuprofen 400mg,8,Summer,0,3
2026-03-09,Zinc Tablets 20mg,11,Summer,0,3
2026-03-09,Multivitamin Complex,5,Summer,0,3
2026-03-09,Folic Acid 5mg,15,Summer,0,3
2026-03-09,Atorvastatin 10mg,9,Summer,0,3
2026-03-09,Levocetirizine 5mg,1,Summer,0,3
2026-03-09,Ranitidine 150mg,16,Summer,0,3
2026-03-09,Diclofenac Gel 30g,5,Summer,0,3
2026-03-09,ORS (Orange Flavor),39,Summer,0,3
2026-03-09,Dolo 650mg,27,Summer,0,3
2026-03-09,Erythromycin 250mg,5,Summer,0,3
2026-03-09,Montelukast 10mg,1,Summer,0,3
2026-03-09,Carbamazepine 200mg,6,Summer,0,3
2026-03-10,Paracetamol 650mg,17,Summer,1,3
2026-03-10,Cetirizine 10mg,10,Summer,1,3
2026-03-10,Amoxicillin 500mg,7,Summer,1,3
2026-03-10,Insulin Glargine 100IU,6,Summer,1,3
2026-03-10,Salbutamol Inhaler,4,Summer,1,3
2026-03-10,Phenytoin 100mg,2,Summer,1,3
2026-03-10,ORS (Oral Rehydration),66,Summer,1,3
2026-03-10,Cough Syrup 100ml,3,Summer,1,3
2026-03-10,Pantoprazole 40mg,27,Summer,1,3
2026-03-10,Metformin 500mg,16,Summer,1,3
2026-03-10,Amlodipine 5mg,17,Summer,1,3
2026-03-10,Azithromycin 500mg,4,Summer,1,3
2026-03-10,Ibuprofen 400mg,8,Summer,1,3
2026-03-10,Zinc Tablets 20mg,10,Summer,1,3
2026-03-10,Multivitamin Complex,11,Summer,1,3
2026-03-10,Folic Acid 5mg,13,Summer,1,3
2026-03-10,Atorvastatin 10mg,7,Summer,1,3
2026-03-10,Levocetirizine 5mg,8,Summer,1,3
2026-03-10,Ranitidine 150mg,18,Summer,1,3
2026-03-10,Diclofenac Gel 30g,9,Summer,1,3
2026-03-10,ORS (Orange Flavor),55,Summer,1,3
2026-03-10,Dolo 650mg,22,Summer,1,3
2026-03-10,Erythromycin 250mg,8,Summer,1,3
2026-03-10,Montelukast 10mg,4,Summer,1,3
2026-03-10,Carbamazepine 200mg,2,Summer,1,3
2026-03-11,Paracetamol 650mg,20,Summer,2,3
2026-03-11,Cetirizine 10mg,12,Summer,2,3
2026-03-11,Amoxicillin 500mg,14,Summer,2,3
2026-03-11,Insulin Glargine 100IU,2,Summer,2,3
2026-03-11,Salbutamol Inhaler,7,Summer,2,3
2026-03-11,Phenytoin 100mg,4,Summer,2,3
2026-03-11,ORS (Oral Rehydration),60,Summer,2,3
2026-03-11,Cough Syrup 100ml,4,Summer,2,3
2026-03-11,Pantoprazole 40mg,27,Summer,2,3
2026-03-11,Metformin 500mg,16,Summer,2,3
2026-03-11,Amlodipine 5mg,9,Summer,2,3
2026-03-11,Azithromycin 500mg,2,Summer,2,3
2026-03-11,Ibuprofen 400mg,12,Summer,2,3
2026-03-11,Zinc Tablets 20mg,12,Summer,2,3
2026-03-11,Multivitamin Complex,12,Summer,2,3
2026-03-11,Folic Acid 5mg,19,Summer,2,3
2026-03-11,Atorvastatin 10mg,12,Summer,2,3
2026-03-11,Levocetirizine 5mg,9,Summer,2,3
2026-03-11,Ranitidine 150mg,29,Summer,2,3
2026-03-11,Diclofenac Gel 30g,5,Summer,2,3
2026-03-11,ORS (Orange Flavor),50,Summer,2,3
2026-03-11,Dolo 650mg,17,Summer,2,3
2026-03-11,Erythromycin 250mg,6,Summer,2,3
2026-03-11,Montelukast 10mg,4,Summer,2,3
2026-03-11,Carbamazepine 200mg,5,Summer,2,3
2026-03-12,Paracetamol 650mg,13,Summer,3,3
2026-03-12,Cetirizine 10mg,9,Summer,3,3
2026-03-12,Amoxicillin 500mg,10,Summer,3,3
2026-03-12,Insulin Glargine 100IU,6,Summer,3,3
2026-03-12,Salbutamol Inhaler,5,Summer,3,3
2026-03-12,Phenytoin 100mg,5,Summer,3,3
2026-03-12,ORS (Oral Rehydration),73,Summer,3,3
2026-03-12,Cough Syrup 100ml,8,Summer,3,3
2026-03-12,Pantoprazole 40mg,28,Summer,3,3
2026-03-12,Metformin 500mg,26,Summer,3,3
2026-03-12,Amlodipine 5mg,7,Summer,3,3
2026-03-12,Azithromycin 500mg,3,Summer,3,3
2026-03-12,Ibuprofen 400mg,5,Summer,3,3
2026-03-12,Zinc Tablets 20mg,10,Summer,3,3
2026-03-12,Multivitamin Complex,14,Summer,3,3
2026-03-12,Folic Acid 5mg,9,Summer,3,3
2026-03-12,Atorvastatin 10mg,13,Summer,3,3
2026-03-12,Levocetirizine 5mg,9,Summer,3,3
2026-03-12,Ranitidine 150mg,25,Summer,3,3
2026-03-12,Diclofenac Gel 30g,7,Summer,3,3
2026-03-12,ORS (Orange Flavor),55,Summer,3,3
2026-03-12,Dolo 650mg,22,Summer,3,3
2026-03-12,Erythromycin 250mg,7,Summer,3,3
2026-03-12,Montelukast 10mg,6,Summer,3,3
2026-03-12,Carbamazepine 200mg,3,Summer,3,3
2026-03-13,Paracetamol 650mg,16,Summer,4,3
2026-03-13,Cetirizine 10mg,9,Summer,4,3
2026-03-13,Amoxicillin 500mg,15,Summer,4,3
2026-03-13,Insulin Glargine 100IU,4,Summer,4,3
2026-03-13,Salbutamol Inhaler,3,Summer,4,3
2026-03-13,Phenytoin 100mg,4,Summer,4,3
2026-03-13,ORS (Oral Rehydration),67,Summer,4,3
2026-03-13,Cough Syrup 100ml,4,Summer,4,3
2026-03-13,Pantoprazole 40mg,23,Summer,4,3
2026-03-13,Metformin 500mg,21,Summer,4,3
2026-03-13,Amlodipine 5mg,12,Summer,4,3
2026-03-13,Azithromycin 500mg,3,Summer,4,3
2026-03-13,Ibuprofen 400mg,8,Summer,4,3
2026-03-13,Zinc Tablets 20mg,10,Summer,4,3
2026-03-13,Multivitamin Complex,5,Summer,4,3
2026-03-13,Folic Acid 5mg,12,Summer,4,3
2026-03-13,Atorvastatin 10mg,10,Summer,4,3
2026-03-13,Levocetirizine 5mg,2,Summer,4,3
2026-03-13,Ranitidine 150mg,15,Summer,4,3
2026-03-13,Diclofenac Gel 30g,5,Summer,4,3
2026-03-13,ORS (Orange Flavor),37,Summer,4,3
2026-03-13,Dolo 650mg,23,Summer,4,3
2026-03-13,Erythromycin 250mg,7,Summer,4,3
2026-03-13,Montelukast 10mg,5,Summer,4,3
2026-03-13,Carbamazepine 200mg,5,Summer,4,3
2026-03-14,Paracetamol 650mg,16,Summer,5,3
2026-03-14,Cetirizine 10mg,6,Summer,5,3
2026-03-14,Amoxicillin 500mg,11,Summer,5,3
2026-03-14,Insulin Glargine 100IU,3,Summer,5,3
2026-03-14,Salbutamol Inhaler,5,Summer,5,3
2026-03-14,Phenytoin 100mg,3,Summer,5,3
2026-03-14,ORS (Oral Rehydration),77,Summer,5,3
2026-03-14,Cough Syrup 100ml,8,Summer,5,3
2026-03-14,Pantoprazole 40mg,21,Summer,5,3
2026-03-14,Metformin 500mg,24,Summer,5,3
2026-03-14,Amlodipine 5mg,13,Summer,5,3
2026-03-14,Azithromycin 500mg,5,Summer,5,3
2026-03-14,Ibuprofen 400mg,5,Summer,5,3
2026-03-14,Zinc Tablets 20mg,14,Summer,5,3
2026-03-14,Multivitamin Complex,18,Summer,5,3
2026-03-14,Folic Acid 5mg,16,Summer,5,3
2026-03-14,Atorvastatin 10mg,5,Summer,5,3
2026-03-14,Levocetirizine 5mg,3,Summer,5,3
2026-03-14,Ranitidine 150mg,23,Summer,5,3
2026-03-14,Diclofenac Gel 30g,7,Summer,5,3
2026-03-14,ORS (Orange Flavor),45,Summer,5,3
2026-03-14,Dolo 650mg,22,Summer,5,3
2026-03-14,Erythromycin 250mg,6,Summer,5,3
2026-03-14,Montelukast 10mg,4,Summer,5,3
2026-03-14,Carbamazepine 200mg,4,Summer,5,3
2026-03-15,Paracetamol 650mg,15,Summer,6,3
2026-03-15,Cetirizine 10mg,12,Summer,6,3
2026-03-15,Amoxicillin 500mg,14,Summer,6,3
2026-03-15,Insulin Glargine 100IU,5,Summer,6,3
2026-03-15,Salbutamol Inhaler,3,Summer,6,3
2026-03-15,Phenytoin 100mg,2,Summer,6,3
2026-03-15,ORS (Oral Rehydration),74,Summer,6,3
2026-03-15,Cough Syrup 100ml,6,Summer,6,3
2026-03-15,Pantoprazole 40mg,14,Summer,6,3
2026-03-15,Metformin 500mg,16,Summer,6,3
2026-03-15,Amlodipine 5mg,15,Summer,6,3
2026-03-15,Azithromycin 500mg,7,Summer,6,3
2026-03-15,Ibuprofen 400mg,8,Summer,6,3
2026-03-15,Zinc Tablets 20mg,16,Summer,6,3
2026-03-15,Multivitamin Complex,7,Summer,6,3
2026-03-15,Folic Acid 5mg,9,Summer,6,3
2026-03-15,Atorvastatin 10mg,10,Summer,6,3
2026-03-15,Levocetirizine 5mg,5,Summer,6,3
2026-03-15,Ranitidine 150mg,21,Summer,6,3
2026-03-15,Diclofenac Gel 30g,8,Summer,6,3
2026-03-15,ORS (Orange Flavor),53,Summer,6,3
2026-03-15,Dolo 650mg,22,Summer,6,3
2026-03-15,Erythromycin 250mg,2,Summer,6,3
2026-03-15,Montelukast 10mg,2,Summer,6,3
2026-03-15,Carbamazepine 200mg,3,Summer,6,3
2026-03-16,Paracetamol 650mg,12,Summer,0,3
2026-03-16,Cetirizine 10mg,5,Summer,0,3
2026-03-16,Amoxicillin 500mg,6,Summer,0,3
2026-03-16,Insulin Glargine 100IU,7,Summer,0,3
2026-03-16,Salbutamol Inhaler,1,Summer,0,3
2026-03-16,Phenytoin 100mg,7,Summer,0,3
2026-03-16,ORS (Oral Rehydration),66,Summer,0,3
2026-03-16,Cough Syrup 100ml,4,Summer,0,3
2026-03-16,Pantoprazole 40mg,16,Summer,0,3
2026-03-16,Metformin 500mg,15,Summer,0,3
2026-03-16,Amlodipine 5mg,10,Summer,0,3
2026-03-16,Azithromycin 500mg,4,Summer,0,3
2026-03-16,Ibuprofen 400mg,6,Summer,0,3
2026-03-16,Zinc Tablets 20mg,10,Summer,0,3
2026-03-16,Multivitamin Complex,19,Summer,0,3
2026-03-16,Folic Acid 5mg,13,Summer,0,3
2026-03-16,Atorvastatin 10mg,9,Summer,0,3
2026-03-16,Levocetirizine 5mg,5,Summer,0,3
2026-03-16,Ranitidine 150mg,12,Summer,0,3
2026-03-16,Diclofenac Gel 30g,5,Summer,0,3
2026-03-16,ORS (Orange Flavor),35,Summer,0,3
2026-03-16,Dolo 650mg,26,Summer,0,3
2026-03-16,Erythromycin 250mg,10,Summer,0,3
2026-03-16,Montelukast 10mg,6,Summer,0,3
2026-03-16,Carbamazepine 200mg,2,Summer,0,3
2026-03-17,Paracetamol 650mg,10,Summer,1,3
2026-03-17,Cetirizine 10mg,8,Summer,1,3
2026-03-17,Amoxicillin 500mg,10,Summer,1,3
2026-03-17,Insulin Glargine 100IU,4,Summer,1,3
2026-03-17,Salbutamol Inhaler,2,Summer,1,3
2026-03-17,Phenytoin 100mg,2,Summer,1,3
2026-03-17,ORS (Oral Rehydration),83,Summer,1,3
2026-03-17,Cough Syrup 100ml,3,Summer,1,3
2026-03-17,Pantoprazole 40mg,25,Summer,1,3
2026-03-17,Metformin 500mg,23,Summer,1,3
2026-03-17,Amlodipine 5mg,15,Summer,1,3
2026-03-17,Azithromycin 500mg,5,Summer,1,3
2026-03-17,Ibuprofen 400mg,7,Summer,1,3
2026-03-17,Zinc Tablets 20mg,10,Summer,1,3
2026-03-17,Multivitamin Complex,9,Summer,1,3
2026-03-17,Folic Acid 5mg,13,Summer,1,3
2026-03-17,Atorvastatin 10mg,15,Summer,1,3
2026-03-17,Levocetirizine 5mg,6,Summer,1,3
2026-03-17,Ranitidine 150mg,22,Summer,1,3
2026-03-17,Diclofenac Gel 30g,6,Summer,1,3
2026-03-17,ORS (Orange Flavor),40,Summer,1,3
2026-03-17,Dolo 650mg,22,Summer,1,3
2026-03-17,Erythromycin 250mg,2,Summer,1,3
2026-03-17,Montelukast 10mg,5,Summer,1,3
2026-03-17,Carbamazepine 200mg,2,Summer,1,3
2026-03-18,Paracetamol 650mg,11,Summer,2,3
2026-03-18,Cetirizine 10mg,10,Summer,2,3
2026-03-18,Amoxicillin 500mg,11,Summer,2,3
2026-03-18,Insulin Glargine 100IU,6,Summer,2,3
2026-03-18,Salbutamol Inhaler,6,Summer,2,3
2026-03-18,Phenytoin 100mg,3,Summer,2,3
2026-03-18,ORS (Oral Rehydration),67,Summer,2,3
2026-03-18,Cough Syrup 100ml,8,Summer,2,3
2026-03-18,Pantoprazole 40mg,26,Summer,2,3
2026-03-18,Metformin 500mg,22,Summer,2,3
2026-03-18,Amlodipine 5mg,9,Summer,2,3
2026-03-18,Azithromycin 500mg,5,Summer,2,3
2026-03-18,Ibuprofen 400mg,15,Summer,2,3
2026-03-18,Zinc Tablets 20mg,7,Summer,2,3
2026-03-18,Multivitamin Complex,6,Summer,2,3
2026-03-18,Folic Acid 5mg,12,Summer,2,3
2026-03-18,Atorvastatin 10mg,12,Summer,2,3
2026-03-18,Levocetirizine 5mg,3,Summer,2,3
2026-03-18,Ranitidine 150mg,12,Summer,2,3
2026-03-18,Diclofenac Gel 30g,10,Summer,2,3
2026-03-18,ORS (Orange Flavor),46,Summer,2,3
2026-03-18,Dolo 650mg,15,Summer,2,3
2026-03-18,Erythromycin 250mg,6,Summer,2,3
2026-03-18,Montelukast 10mg,1,Summer,2,3
2026-03-18,Carbamazepine 200mg,5,Summer,2,3
2026-03-19,Paracetamol 650mg,17,Summer,3,3
2026-03-19,Cetirizine 10mg,14,Summer,3,3
2026-03-19,Amoxicillin 500mg,12,Summer,3,3
2026-03-19,Insulin Glargine 100IU,4,Summer,3,3
2026-03-19,Salbutamol Inhaler,2,Summer,3,3
2026-03-19,Phenytoin 100mg,4,Summer,3,3
2026-03-19,ORS (Oral Rehydration),75,Summer,3,3
2026-03-19,Cough Syrup 100ml,5,Summer,3,3
2026-03-19,Pantoprazole 40mg,25,Summer,3,3
2026-03-19,Metformin 500mg,12,Summer,3,3
2026-03-19,Amlodipine 5mg,17,Summer,3,3
2026-03-19,Azithromycin 500mg,6,Summer,3,3
2026-03-19,Ibuprofen 400mg,6,Summer,3,3
2026-03-19,Zinc Tablets 20mg,10,Summer,3,3
2026-03-19,Multivitamin Complex,13,Summer,3,3
2026-03-19,Folic Acid 5mg,14,Summer,3,3
2026-03-19,Atorvastatin 10mg,4,Summer,3,3
2026-03-19,Levocetirizine 5mg,4,Summer,3,3
2026-03-19,Ranitidine 150mg,10,Summer,3,3
2026-03-19,Diclofenac Gel 30g,7,Summer,3,3
2026-03-19,ORS (Orange Flavor),48,Summer,3,3
2026-03-19,Dolo 650mg,17,Summer,3,3
2026-03-19,Erythromycin 250mg,3,Summer,3,3
2026-03-19,Montelukast 10mg,7,Summer,3,3
2026-03-19,Carbamazepine 200mg,4,Summer,3,3
2026-03-20,Paracetamol 650mg,19,Summer,4,3
2026-03-20,Cetirizine 10mg,11,Summer,4,3
2026-03-20,Amoxicillin 500mg,10,Summer,4,3
2026-03-20,Insulin Glargine 100IU,6,Summer,4,3
2026-03-20,Salbutamol Inhaler,2,Summer,4,3
2026-03-20,Phenytoin 100mg,9,Summer,4,3
2026-03-20,ORS (Oral Rehydration),79,Summer,4,3
2026-03-20,Cough Syrup 100ml,2,Summer,4,3
2026-03-20,Pantoprazole 40mg,27,Summer,4,3
2026-03-20,Metformin 500mg,18,Summer,4,3
2026-03-20,Amlodipine 5mg,18,Summer,4,3
2026-03-20,Azithromycin 500mg,4,Summer,4,3
2026-03-20,Ibuprofen 400mg,7,Summer,4,3
2026-03-20,Zinc Tablets 20mg,9,Summer,4,3
2026-03-20,Multivitamin Complex,13,Summer,4,3
2026-03-20,Folic Acid 5mg,16,Summer,4,3
2026-03-20,Atorvastatin 10mg,16,Summer,4,3
2026-03-20,Levocetirizine 5mg,8,Summer,4,3
2026-03-20,Ranitidine 150mg,19,Summer,4,3
2026-03-20,Diclofenac Gel 30g,6,Summer,4,3
2026-03-20,ORS (Orange Flavor),45,Summer,4,3
2026-03-20,Dolo 650mg,22,Summer,4,3
2026-03-20,Erythromycin 250mg,3,Summer,4,3
2026-03-20,Montelukast 10mg,3,Summer,4,3
2026-03-20,Carbamazepine 200mg,3,Summer,4,3
2026-03-21,Paracetamol 650mg,18,Summer,5,3
2026-03-21,Cetirizine 10mg,18,Summer,5,3
2026-03-21,Amoxicillin 500mg,10,Summer,5,3
2026-03-21,Insulin Glargine 100IU,6,Summer,5,3
2026-03-21,Salbutamol Inhaler,1,Summer,5,3
2026-03-21,Phenytoin 100mg,6,Summer,5,3
2026-03-21,ORS (Oral Rehydration),77,Summer,5,3
2026-03-21,Cough Syrup 100ml,4,Summer,5,3
2026-03-21,Pantoprazole 40mg,32,Summer,5,3
2026-03-21,Metformin 500mg,10,Summer,5,3
2026-03-21,Amlodipine 5mg,17,Summer,5,3
2026-03-21,Azithromycin 500mg,7,Summer,5,3
2026-03-21,Ibuprofen 400mg,10,Summer,5,3
2026-03-21,Zinc Tablets 20mg,9,Summer,5,3
2026-03-21,Multivitamin Complex,6,Summer,5,3
2026-03-21,Folic Acid 5mg,15,Summer,5,3
2026-03-21,Atorvastatin 10mg,11,Summer,5,3
2026-03-21,Levocetirizine 5mg,5,Summer,5,3
2026-03-21,Ranitidine 150mg,22,Summer,5,3
2026-03-21,Diclofenac Gel 30g,4,Summer,5,3
2026-03-21,ORS (Orange Flavor),50,Summer,5,3
2026-03-21,Dolo 650mg,9,Summer,5,3
2026-03-21,Erythromycin 250mg,9,Summer,5,3
2026-03-21,Montelukast 10mg,4,Summer,5,3
2026-03-21,Carbamazepine 200mg,3,Summer,5,3
2026-03-22,Paracetamol 650mg,18,Summer,6,3
2026-03-22,Cetirizine 10mg,9,Summer,6,3
2026-03-22,Amoxicillin 500mg,8,Summer,6,3
2026-03-22,Insulin Glargine 100IU,5,Summer,6,3
2026-03-22,Salbutamol Inhaler,3,Summer,6,3
2026-03-22,Phenytoin 100mg,4,Summer,6,3
2026-03-22,ORS (Oral Rehydration),77,Summer,6,3
2026-03-22,Cough Syrup 100ml,1,Summer,6,3
2026-03-22,Pantoprazole 40mg,22,Summer,6,3
2026-03-22,Metformin 500mg,16,Summer,6,3
2026-03-22,Amlodipine 5mg,15,Summer,6,3
2026-03-22,Azithromycin 500mg,4,Summer,6,3
2026-03-22,Ibuprofen 400mg,9,Summer,6,3
2026-03-22,Zinc Tablets 20mg,12,Summer,6,3
2026-03-22,Multivitamin Complex,20,Summer,6,3
2026-03-22,Folic Acid 5mg,20,Summer,6,3
2026-03-22,Atorvastatin 10mg,9,Summer,6,3
2026-03-22,Levocetirizine 5mg,3,Summer,6,3
2026-03-22,Ranitidine 150mg,25,Summer,6,3
2026-03-22,Diclofenac Gel 30g,5,Summer,6,3
2026-03-22,ORS (Orange Flavor),51,Summer,6,3
2026-03-22,Dolo 650mg,24,Summer,6,3
2026-03-22,Erythromycin 250mg,5,Summer,6,3
2026-03-22,Montelukast 10mg,1,Summer,6,3
2026-03-22,Carbamazepine 200mg,1,Summer,6,3
2026-03-23,Paracetamol 650mg,12,Summer,0,3
2026-03-23,Cetirizine 10mg,9,Summer,0,3
2026-03-23,Amoxicillin 500mg,13,Summer,0,3
2026-03-23,Insulin Glargine 100IU,6,Summer,0,3
2026-03-23,Salbutamol Inhaler,5,Summer,0,3
2026-03-23,Phenytoin 100mg,1,Summer,0,3
2026-03-23,ORS (Oral Rehydration),59,Summer,0,3
2026-03-23,Cough Syrup 100ml,8,Summer,0,3
2026-03-23,Pantoprazole 40mg,29,Summer,0,3
2026-03-23,Metformin 500mg,20,Summer,0,3
2026-03-23,Amlodipine 5mg,17,Summer,0,3
2026-03-23,Azithromycin 500mg,3,Summer,0,3
2026-03-23,Ibuprofen 400mg,14,Summer,0,3
2026-03-23,Zinc Tablets 20mg,10,Summer,0,3
2026-03-23,Multivitamin Complex,10,Summer,0,3
2026-03-23,Folic Acid 5mg,19,Summer,0,3
2026-03-23,Atorvastatin 10mg,5,Summer,0,3
2026-03-23,Levocetirizine 5mg,2,Summer,0,3
2026-03-23,Ranitidine 150mg,16,Summer,0,3
2026-03-23,Diclofenac Gel 30g,8,Summer,0,3
2026-03-23,ORS (Orange Flavor),46,Summer,0,3
2026-03-23,Dolo 650mg,16,Summer,0,3
2026-03-23,Erythromycin 250mg,5,Summer,0,3
2026-03-23,Montelukast 10mg,8,Summer,0,3
2026-03-23,Carbamazepine 200mg,2,Summer,0,3
2026-03-24,Paracetamol 650mg,11,Summer,1,3
2026-03-24,Cetirizine 10mg,10,Summer,1,3
2026-03-24,Amoxicillin 500mg,15,Summer,1,3
2026-03-24,Insulin Glargine 100IU,5,Summer,1,3
2026-03-24,Salbutamol Inhaler,1,Summer,1,3
2026-03-24,Phenytoin 100mg,2,Summer,1,3
2026-03-24,ORS (Oral Rehydration),59,Summer,1,3
2026-03-24,Cough Syrup 100ml,2,Summer,1,3
2026-03-24,Pantoprazole 40mg,20,Summer,1,3
2026-03-24,Metformin 500mg,24,Summer,1,3
2026-03-24,Amlodipine 5mg,18,Summer,1,3
2026-03-24,Azithromycin 500mg,6,Summer,1,3
2026-03-24,Ibuprofen 400mg,10,Summer,1,3
2026-03-24,Zinc Tablets 20mg,5,Summer,1,3
2026-03-24,Multivitamin Complex,12,Summer,1,3
2026-03-24,Folic Acid 5mg,12,Summer,1,3
2026-03-24,Atorvastatin 10mg,13,Summer,1,3
2026-03-24,Levocetirizine 5mg,7,Summer,1,3
2026-03-24,Ranitidine 150mg,22,Summer,1,3
2026-03-24,Diclofenac Gel 30g,6,Summer,1,3
2026-03-24,ORS (Orange Flavor),46,Summer,1,3
2026-03-24,Dolo 650mg,27,Summer,1,3
2026-03-24,Erythromycin 250mg,6,Summer,1,3
2026-03-24,Montelukast 10mg,4,Summer,1,3
2026-03-24,Carbamazepine 200mg,5,Summer,1,3
2026-03-25,Paracetamol 650mg,14,Summer,2,3
2026-03-25,Cetirizine 10mg,11,Summer,2,3
2026-03-25,Amoxicillin 500mg,15,Summer,2,3
2026-03-25,Insulin Glargine 100IU,7,Summer,2,3
2026-03-25,Salbutamol Inhaler,4,Summer,2,3
2026-03-25,Phenytoin 100mg,7,Summer,2,3
2026-03-25,ORS (Oral Rehydration),74,Summer,2,3
2026-03-25,Cough Syrup 100ml,2,Summer,2,3
2026-03-25,Pantoprazole 40mg,20,Summer,2,3
2026-03-25,Metformin 500mg,20,Summer,2,3
2026-03-25,Amlodipine 5mg,14,Summer,2,3
2026-03-25,Azithromycin 500mg,1,Summer,2,3
2026-03-25,Ibuprofen 400mg,3,Summer,2,3
2026-03-25,Zinc Tablets 20mg,9,Summer,2,3
2026-03-25,Multivitamin Complex,17,Summer,2,3
2026-03-25,Folic Acid 5mg,19,Summer,2,3
2026-03-25,Atorvastatin 10mg,11,Summer,2,3
2026-03-25,Levocetirizine 5mg,4,Summer,2,3
2026-03-25,Ranitidine 150mg,13,Summer,2,3
2026-03-25,Diclofenac Gel 30g,5,Summer,2,3
2026-03-25,ORS (Orange Flavor),40,Summer,2,3
2026-03-25,Dolo 650mg,19,Summer,2,3
2026-03-25,Erythromycin 250mg,4,Summer,2,3
2026-03-25,Montelukast 10mg,9,Summer,2,3
2026-03-25,Carbamazepine 200mg,6,Summer,2,3
2026-03-26,Paracetamol 650mg,16,Summer,3,3
2026-03-26,Cetirizine 10mg,8,Summer,3,3
2026-03-26,Amoxicillin 500mg,6,Summer,3,3
2026-03-26,Insulin Glargine 100IU,5,Summer,3,3
2026-03-26,Salbutamol Inhaler,3,Summer,3,3
2026-03-26,Phenytoin 100mg,4,Summer,3,3
2026-03-26,ORS (Oral Rehydration),50,Summer,3,3
2026-03-26,Cough Syrup 100ml,3,Summer,3,3
2026-03-26,Pantoprazole 40mg,24,Summer,3,3
2026-03-26,Metformin 500mg,20,Summer,3,3
2026-03-26,Amlodipine 5mg,10,Summer,3,3
2026-03-26,Azithromycin 500mg,2,Summer,3,3
2026-03-26,Ibuprofen 400mg,7,Summer,3,3
2026-03-26,Zinc Tablets 20mg,14,Summer,3,3
2026-03-26,Multivitamin Complex,12,Summer,3,3
2026-03-26,Folic Acid 5mg,12,Summer,3,3
2026-03-26,Atorvastatin 10mg,11,Summer,3,3
2026-03-26,Levocetirizine 5mg,8,Summer,3,3
2026-03-26,Ranitidine 150mg,21,Summer,3,3
2026-03-26,Diclofenac Gel 30g,8,Summer,3,3
2026-03-26,ORS (Orange Flavor),30,Summer,3,3
2026-03-26,Dolo 650mg,18,Summer,3,3
2026-03-26,Erythromycin 250mg,7,Summer,3,3
2026-03-26,Montelukast 10mg,8,Summer,3,3
2026-03-26,Carbamazepine 200mg,2,Summer,3,3
2026-03-27,Paracetamol 650mg,11,Summer,4,3
2026-03-27,Cetirizine 10mg,10,Summer,4,3
2026-03-27,Amoxicillin 500mg,9,Summer,4,3
2026-03-27,Insulin Glargine 100IU,6,Summer,4,3
2026-03-27,Salbutamol Inhaler,1,Summer,4,3
2026-03-27,Phenytoin 100mg,2,Summer,4,3
2026-03-27,ORS (Oral Rehydration),66,Summer,4,3
2026-03-27,Cough Syrup 100ml,9,Summer,4,3
2026-03-27,Pantoprazole 40mg,19,Summer,4,3
2026-03-27,Metformin 500mg,18,Summer,4,3
2026-03-27,Amlodipine 5mg,17,Summer,4,3
2026-03-27,Azithromycin 500mg,5,Summer,4,3
2026-03-27,Ibuprofen 400mg,6,Summer,4,3
2026-03-27,Zinc Tablets 20mg,9,Summer,4,3
2026-03-27,Multivitamin Complex,15,Summer,4,3
2026-03-27,Folic Acid 5mg,14,Summer,4,3
2026-03-27,Atorvastatin 10mg,10,Summer,4,3
2026-03-27,Levocetirizine 5mg,3,Summer,4,3
2026-03-27,Ranitidine 150mg,27,Summer,4,3
2026-03-27,Diclofenac Gel 30g,5,Summer,4,3
2026-03-27,ORS (Orange Flavor),49,Summer,4,3
2026-03-27,Dolo 650mg,18,Summer,4,3
2026-03-27,Erythromycin 250mg,5,Summer,4,3
2026-03-27,Montelukast 10mg,1,Summer,4,3
2026-03-27,Carbamazepine 200mg,5,Summer,4,3
2026-03-28,Paracetamol 650mg,24,Summer,5,3
2026-03-28,Cetirizine 10mg,7,Summer,5,3
2026-03-28,Amoxicillin 500mg,4,Summer,5,3
2026-03-28,Insulin Glargine 100IU,4,Summer,5,3
2026-03-28,Salbutamol Inhaler,3,Summer,5,3
2026-03-28,Phenytoin 100mg,3,Summer,5,3
2026-03-28,ORS (Oral Rehydration),77,Summer,5,3
2026-03-28,Cough Syrup 100ml,5,Summer,5,3
2026-03-28,Pantoprazole 40mg,30,Summer,5,3
2026-03-28,Metformin 500mg,22,Summer,5,3
2026-03-28,Amlodipine 5mg,14,Summer,5,3
2026-03-28,Azithromycin 500mg,5,Summer,5,3
2026-03-28,Ibuprofen 400mg,11,Summer,5,3
2026-03-28,Zinc Tablets 20mg,9,Summer,5,3
2026-03-28,Multivitamin Complex,12,Summer,5,3
2026-03-28,Folic Acid 5mg,10,Summer,5,3
2026-03-28,Atorvastatin 10mg,11,Summer,5,3
2026-03-28,Levocetirizine 5mg,5,Summer,5,3
2026-03-28,Ranitidine 150mg,14,Summer,5,3
2026-03-28,Diclofenac Gel 30g,7,Summer,5,3
2026-03-28,ORS (Orange Flavor),49,Summer,5,3
2026-03-28,Dolo 650mg,19,Summer,5,3
2026-03-28,Erythromycin 250mg,9,Summer,5,3
2026-03-28,Montelukast 10mg,5,Summer,5,3
2026-03-28,Carbamazepine 200mg,5,Summer,5,3
2026-03-29,Paracetamol 650mg,14,Summer,6,3
2026-03-29,Cetirizine 10mg,9,Summer,6,3
2026-03-29,Amoxicillin 500mg,9,Summer,6,3
2026-03-29,Insulin Glargine 100IU,3,Summer,6,3
2026-03-29,Salbutamol Inhaler,3,Summer,6,3
2026-03-29,Phenytoin 100mg,3,Summer,6,3
2026-03-29,ORS (Oral Rehydration),81,Summer,6,3
2026-03-29,Cough Syrup 100ml,7,Summer,6,3
2026-03-29,Pantoprazole 40mg,26,Summer,6,3
2026-03-29,Metformin 500mg,17,Summer,6,3
2026-03-29,Amlodipine 5mg,22,Summer,6,3
2026-03-29,Azithromycin 500mg,10,Summer,6,3
2026-03-29,Ibuprofen 400mg,9,Summer,6,3
2026-03-29,Zinc Tablets 20mg,11,Summer,6,3
2026-03-29,Multivitamin Complex,11,Summer,6,3
2026-03-29,Folic Acid 5mg,13,Summer,6,3
2026-03-29,Atorvastatin 10mg,10,Summer,6,3
2026-03-29,Levocetirizine 5mg,2,Summer,6,3
2026-03-29,Ranitidine 150mg,17,Summer,6,3
2026-03-29,Diclofenac Gel 30g,8,Summer,6,3
2026-03-29,ORS (Orange Flavor),45,Summer,6,3
2026-03-29,Dolo 650mg,25,Summer,6,3
2026-03-29,Erythromycin 250mg,9,Summer,6,3
2026-03-29,Montelukast 10mg,1,Summer,6,3
2026-03-29,Carbamazepine 200mg,6,Summer,6,3
2026-03-30,Paracetamol 650mg,16,Summer,0,3
2026-03-30,Cetirizine 10mg,12,Summer,0,3
2026-03-30,Amoxicillin 500mg,3,Summer,0,3
2026-03-30,Insulin Glargine 100IU,4,Summer,0,3
2026-03-30,Salbutamol Inhaler,5,Summer,0,3
2026-03-30,Phenytoin 100mg,2,Summer,0,3
2026-03-30,ORS (Oral Rehydration),67,Summer,0,3
2026-03-30,Cough Syrup 100ml,3,Summer,0,3
2026-03-30,Pantoprazole 40mg,27,Summer,0,3
2026-03-30,Metformin 500mg,14,Summer,0,3
2026-03-30,Amlodipine 5mg,11,Summer,0,3
2026-03-30,Azithromycin 500mg,3,Summer,0,3
2026-03-30,Ibuprofen 400mg,5,Summer,0,3
2026-03-30,Zinc Tablets 20mg,9,Summer,0,3
2026-03-30,Multivitamin Complex,11,Summer,0,3
2026-03-30,Folic Acid 5mg,13,Summer,0,3
2026-03-30,Atorvastatin 10mg,8,Summer,0,3
2026-03-30,Levocetirizine 5mg,3,Summer,0,3
2026-03-30,Ranitidine 150mg,15,Summer,0,3
2026-03-30,Diclofenac Gel 30g,5,Summer,0,3
2026-03-30,ORS (Orange Flavor),43,Summer,0,3
2026-03-30,Dolo 650mg,13,Summer,0,3
2026-03-30,Erythromycin 250mg,7,Summer,0,3
2026-03-30,Montelukast 10mg,6,Summer,0,3
2026-03-30,Carbamazepine 200mg,5,Summer,0,3
2026-03-31,Paracetamol 650mg,25,Summer,1,3
2026-03-31,Cetirizine 10mg,16,Summer,1,3
2026-03-31,Amoxicillin 500mg,8,Summer,1,3
2026-03-31,Insulin Glargine 100IU,5,Summer,1,3
2026-03-31,Salbutamol Inhaler,3,Summer,1,3
2026-03-31,Phenytoin 100mg,3,Summer,1,3
2026-03-31,ORS (Oral Rehydration),76,Summer,1,3
2026-03-31,Cough Syrup 100ml,2,Summer,1,3
2026-03-31,Pantoprazole 40mg,22,Summer,1,3
2026-03-31,Metformin 500mg,24,Summer,1,3
2026-03-31,Amlodipine 5mg,13,Summer,1,3
2026-03-31,Azithromycin 500mg,6,Summer,1,3
2026-03-31,Ibuprofen 400mg,8,Summer,1,3
2026-03-31,Zinc Tablets 20mg,8,Summer,1,3
2026-03-31,Multivitamin Complex,16,Summer,1,3
2026-03-31,Folic Acid 5mg,15,Summer,1,3
2026-03-31,Atorvastatin 10mg,9,Summer,1,3
2026-03-31,Levocetirizine 5mg,5,Summer,1,3
2026-03-31,Ranitidine 150mg,22,Summer,1,3
2026-03-31,Diclofenac Gel 30g,8,Summer,1,3
2026-03-31,ORS (Orange Flavor),38,Summer,1,3
2026-03-31,Dolo 650mg,12,Summer,1,3
2026-03-31,Erythromycin 250mg,8,Summer,1,3
2026-03-31,Montelukast 10mg,4,Summer,1,3
2026-03-31,Carbamazepine 200mg,4,Summer,1,3
2026-04-01,Paracetamol 650mg,20,Summer,2,4
2026-04-01,Cetirizine 10mg,9,Summer,2,4
2026-04-01,Amoxicillin 500mg,5,Summer,2,4
2026-04-01,Insulin Glargine 100IU,5,Summer,2,4
2026-04-01,Salbutamol Inhaler,2,Summer,2,4
2026-04-01,Phenytoin 100mg,2,Summer,2,4
2026-04-01,ORS (Oral Rehydration),72,Summer,2,4
2026-04-01,Cough Syrup 100ml,4,Summer,2,4
2026-04-01,Pantoprazole 40mg,23,Summer,2,4
2026-04-01,Metformin 500mg,16,Summer,2,4
2026-04-01,Amlodipine 5mg,22,Summer,2,4
2026-04-01,Azithromycin 500mg,5,Summer,2,4
2026-04-01,Ibuprofen 400mg,6,Summer,2,4
2026-04-01,Zinc Tablets 20mg,11,Summer,2,4
2026-04-01,Multivitamin Complex,14,Summer,2,4
2026-04-01,Folic Acid 5mg,15,Summer,2,4
2026-04-01,Atorvastatin 10mg,18,Summer,2,4
2026-04-01,Levocetirizine 5mg,2,Summer,2,4
2026-04-01,Ranitidine 150mg,14,Summer,2,4
2026-04-01,Diclofenac Gel 30g,11,Summer,2,4
2026-04-01,ORS (Orange Flavor),43,Summer,2,4
2026-04-01,Dolo 650mg,21,Summer,2,4
2026-04-01,Erythromycin 250mg,6,Summer,2,4
2026-04-01,Montelukast 10mg,6,Summer,2,4
2026-04-01,Carbamazepine 200mg,7,Summer,2,4
2026-04-02,Paracetamol 650mg,10,Summer,3,4
2026-04-02,Cetirizine 10mg,12,Summer,3,4
2026-04-02,Amoxicillin 500mg,17,Summer,3,4
2026-04-02,Insulin Glargine 100IU,5,Summer,3,4
2026-04-02,Salbutamol Inhaler,1,Summer,3,4
2026-04-02,Phenytoin 100mg,1,Summer,3,4
2026-04-02,ORS (Oral Rehydration),63,Summer,3,4
2026-04-02,Cough Syrup 100ml,6,Summer,3,4
2026-04-02,Pantoprazole 40mg,19,Summer,3,4
2026-04-02,Metformin 500mg,19,Summer,3,4
2026-04-02,Amlodipine 5mg,12,Summer,3,4
2026-04-02,Azithromycin 500mg,2,Summer,3,4
2026-04-02,Ibuprofen 400mg,4,Summer,3,4
2026-04-02,Zinc Tablets 20mg,15,Summer,3,4
2026-04-02,Multivitamin Complex,20,Summer,3,4
2026-04-02,Folic Acid 5mg,14,Summer,3,4
2026-04-02,Atorvastatin 10mg,9,Summer,3,4
2026-04-02,Levocetirizine 5mg,3,Summer,3,4
2026-04-02,Ranitidine 150mg,21,Summer,3,4
2026-04-02,Diclofenac Gel 30g,10,Summer,3,4
2026-04-02,ORS (Orange Flavor),41,Summer,3,4
2026-04-02,Dolo 650mg,26,Summer,3,4
2026-04-02,Erythromycin 250mg,4,Summer,3,4
2026-04-02,Montelukast 10mg,2,Summer,3,4
2026-04-02,Carbamazepine 200mg,3,Summer,3,4
2026-04-03,Paracetamol 650mg,13,Summer,4,4
2026-04-03,Cetirizine 10mg,10,Summer,4,4
2026-04-03,Amoxicillin 500mg,16,Summer,4,4
2026-04-03,Insulin Glargine 100IU,3,Summer,4,4
2026-04-03,Salbutamol Inhaler,2,Summer,4,4
2026-04-03,Phenytoin 100mg,1,Summer,4,4
2026-04-03,ORS (Oral Rehydration),53,Summer,4,4
2026-04-03,Cough Syrup 100ml,4,Summer,4,4
2026-04-03,Pantoprazole 40mg,24,Summer,4,4
2026-04-03,Metformin 500mg,22,Summer,4,4
2026-04-03,Amlodipine 5mg,14,Summer,4,4
2026-04-03,Azithromycin 500mg,3,Summer,4,4
2026-04-03,Ibuprofen 400mg,7,Summer,4,4
2026-04-03,Zinc Tablets 20mg,11,Summer,4,4
2026-04-03,Multivitamin Complex,10,Summer,4,4
2026-04-03,Folic Acid 5mg,9,Summer,4,4
2026-04-03,Atorvastatin 10mg,9,Summer,4,4
2026-04-03,Levocetirizine 5mg,6,Summer,4,4
2026-04-03,Ranitidine 150mg,14,Summer,4,4
2026-04-03,Diclofenac Gel 30g,8,Summer,4,4
2026-04-03,ORS (Orange Flavor),45,Summer,4,4
2026-04-03,Dolo 650mg,21,Summer,4,4
2026-04-03,Erythromycin 250mg,7,Summer,4,4
2026-04-03,Montelukast 10mg,2,Summer,4,4
2026-04-03,Carbamazepine 200mg,6,Summer,4,4
2026-04-04,Paracetamol 650mg,20,Summer,5,4
2026-04-04,Cetirizine 10mg,7,Summer,5,4
2026-04-04,Amoxicillin 500mg,10,Summer,5,4
2026-04-04,Insulin Glargine 100IU,3,Summer,5,4
2026-04-04,Salbutamol Inhaler,4,Summer,5,4
2026-04-04,Phenytoin 100mg,3,Summer,5,4
2026-04-04,ORS (Oral Rehydration),57,Summer,5,4
2026-04-04,Cough Syrup 100ml,5,Summer,5,4
2026-04-04,Pantoprazole 40mg,18,Summer,5,4
2026-04-04,Metformin 500mg,21,Summer,5,4
2026-04-04,Amlodipine 5mg,11,Summer,5,4
2026-04-04,Azithromycin 500mg,4,Summer,5,4
2026-04-04,Ibuprofen 400mg,6,Summer,5,4
2026-04-04,Zinc Tablets 20mg,9,Summer,5,4
2026-04-04,Multivitamin Complex,14,Summer,5,4
2026-04-04,Folic Acid 5mg,15,Summer,5,4
2026-04-04,Atorvastatin 10mg,19,Summer,5,4
2026-04-04,Levocetirizine 5mg,5,Summer,5,4
2026-04-04,Ranitidine 150mg,19,Summer,5,4
2026-04-04,Diclofenac Gel 30g,4,Summer,5,4
2026-04-04,ORS (Orange Flavor),39,Summer,5,4
2026-04-04,Dolo 650mg,20,Summer,5,4
2026-04-04,Erythromycin 250mg,3,Summer,5,4
2026-04-04,Montelukast 10mg,7,Summer,5,4
2026-04-04,Carbamazepine 200mg,1,Summer,5,4
2026-04-05,Paracetamol 650mg,18,Summer,6,4
2026-04-05,Cetirizine 10mg,6,Summer,6,4
2026-04-05,Amoxicillin 500mg,6,Summer,6,4
2026-04-05,Insulin Glargine 100IU,9,Summer,6,4
2026-04-05,Salbutamol Inhaler,2,Summer,6,4
2026-04-05,Phenytoin 100mg,1,Summer,6,4
2026-04-05,ORS (Oral Rehydration),85,Summer,6,4
2026-04-05,Cough Syrup 100ml,10,Summer,6,4
2026-04-05,Pantoprazole 40mg,19,Summer,6,4
2026-04-05,Metformin 500mg,17,Summer,6,4
2026-04-05,Amlodipine 5mg,11,Summer,6,4
2026-04-05,Azithromycin 500mg,4,Summer,6,4
2026-04-05,Ibuprofen 400mg,15,Summer,6,4
2026-04-05,Zinc Tablets 20mg,10,Summer,6,4
2026-04-05,Multivitamin Complex,14,Summer,6,4
2026-04-05,Folic Acid 5mg,8,Summer,6,4
2026-04-05,Atorvastatin 10mg,14,Summer,6,4
2026-04-05,Levocetirizine 5mg,4,Summer,6,4
2026-04-05,Ranitidine 150mg,19,Summer,6,4
2026-04-05,Diclofenac Gel 30g,5,Summer,6,4
2026-04-05,ORS (Orange Flavor),37,Summer,6,4
2026-04-05,Dolo 650mg,16,Summer,6,4
2026-04-05,Erythromycin 250mg,9,Summer,6,4
2026-04-05,Montelukast 10mg,4,Summer,6,4
2026-04-05,Carbamazepine 200mg,7,Summer,6,4
2026-04-06,Paracetamol 650mg,18,Summer,0,4
2026-04-06,Cetirizine 10mg,14,Summer,0,4
2026-04-06,Amoxicillin 500mg,7,Summer,0,4
2026-04-06,Insulin Glargine 100IU,11,Summer,0,4
2026-04-06,Salbutamol Inhaler,5,Summer,0,4
2026-04-06,Phenytoin 100mg,7,Summer,0,4
2026-04-06,ORS (Oral Rehydration),74,Summer,0,4
2026-04-06,Cough Syrup 100ml,3,Summer,0,4
2026-04-06,Pantoprazole 40mg,33,Summer,0,4
2026-04-06,Metformin 500mg,15,Summer,0,4
2026-04-06,Amlodipine 5mg,13,Summer,0,4
2026-04-06,Azithromycin 500mg,3,Summer,0,4
2026-04-06,Ibuprofen 400mg,7,Summer,0,4
2026-04-06,Zinc Tablets 20mg,15,Summer,0,4
2026-04-06,Multivitamin Complex,15,Summer,0,4
2026-04-06,Folic Acid 5mg,9,Summer,0,4
2026-04-06,Atorvastatin 10mg,11,Summer,0,4
2026-04-06,Levocetirizine 5mg,3,Summer,0,4
2026-04-06,Ranitidine 150mg,12,Summer,0,4
2026-04-06,Diclofenac Gel 30g,8,Summer,0,4
2026-04-06,ORS (Orange Flavor),53,Summer,0,4
2026-04-06,Dolo 650mg,29,Summer,0,4
2026-04-06,Erythromycin 250mg,7,Summer,0,4
2026-04-06,Montelukast 10mg,2,Summer,0,4
2026-04-06,Carbamazepine 200mg,1,Summer,0,4
2026-04-07,Paracetamol 650mg,18,Summer,1,4
2026-04-07,Cetirizine 10mg,13,Summer,1,4
2026-04-07,Amoxicillin 500mg,7,Summer,1,4
2026-04-07,Insulin Glargine 100IU,8,Summer,1,4
2026-04-07,Salbutamol Inhaler,3,Summer,1,4
2026-04-07,Phenytoin 100mg,3,Summer,1,4
2026-04-07,ORS (Oral Rehydration),67,Summer,1,4
2026-04-07,Cough Syrup 100ml,5,Summer,1,4
2026-04-07,Pantoprazole 40mg,31,Summer,1,4
2026-04-07,Metformin 500mg,11,Summer,1,4
2026-04-07,Amlodipine 5mg,10,Summer,1,4
2026-04-07,Azithromycin 500mg,3,Summer,1,4
2026-04-07,Ibuprofen 400mg,5,Summer,1,4
2026-04-07,Zinc Tablets 20mg,11,Summer,1,4
2026-04-07,Multivitamin Complex,14,Summer,1,4
2026-04-07,Folic Acid 5mg,9,Summer,1,4
2026-04-07,Atorvastatin 10mg,8,Summer,1,4
2026-04-07,Levocetirizine 5mg,5,Summer,1,4
2026-04-07,Ranitidine 150mg,17,Summer,1,4
2026-04-07,Diclofenac Gel 30g,6,Summer,1,4
2026-04-07,ORS (Orange Flavor),53,Summer,1,4
2026-04-07,Dolo 650mg,20,Summer,1,4
2026-04-07,Erythromycin 250mg,7,Summer,1,4
2026-04-07,Montelukast 10mg,3,Summer,1,4
2026-04-07,Carbamazepine 200mg,7,Summer,1,4
2026-04-08,Paracetamol 650mg,11,Summer,2,4
2026-04-08,Cetirizine 10mg,13,Summer,2,4
2026-04-08,Amoxicillin 500mg,10,Summer,2,4
2026-04-08,Insulin Glargine 100IU,5,Summer,2,4
2026-04-08,Salbutamol Inhaler,5,Summer,2,4
2026-04-08,Phenytoin 100mg,1,Summer,2,4
2026-04-08,ORS (Oral Rehydration),74,Summer,2,4
2026-04-08,Cough Syrup 100ml,5,Summer,2,4
2026-04-08,Pantoprazole 40mg,22,Summer,2,4
2026-04-08,Metformin 500mg,18,Summer,2,4
2026-04-08,Amlodipine 5mg,16,Summer,2,4
2026-04-08,Azithromycin 500mg,2,Summer,2,4
2026-04-08,Ibuprofen 400mg,9,Summer,2,4
2026-04-08,Zinc Tablets 20mg,12,Summer,2,4
2026-04-08,Multivitamin Complex,9,Summer,2,4
2026-04-08,Folic Acid 5mg,19,Summer,2,4
2026-04-08,Atorvastatin 10mg,11,Summer,2,4
2026-04-08,Levocetirizine 5mg,5,Summer,2,4
2026-04-08,Ranitidine 150mg,15,Summer,2,4
2026-04-08,Diclofenac Gel 30g,9,Summer,2,4
2026-04-08,ORS (Orange Flavor),39,Summer,2,4
2026-04-08,Dolo 650mg,19,Summer,2,4
2026-04-08,Erythromycin 250mg,6,Summer,2,4
2026-04-08,Montelukast 10mg,3,Summer,2,4
2026-04-08,Carbamazepine 200mg,3,Summer,2,4
2026-04-09,Paracetamol 650mg,10,Summer,3,4
2026-04-09,Cetirizine 10mg,11,Summer,3,4
2026-04-09,Amoxicillin 500mg,6,Summer,3,4
2026-04-09,Insulin Glargine 100IU,5,Summer,3,4
2026-04-09,Salbutamol Inhaler,4,Summer,3,4
2026-04-09,Phenytoin 100mg,3,Summer,3,4
2026-04-09,ORS (Oral Rehydration),63,Summer,3,4
2026-04-09,Cough Syrup 100ml,7,Summer,3,4
2026-04-09,Pantoprazole 40mg,28,Summer,3,4
2026-04-09,Metformin 500mg,25,Summer,3,4
2026-04-09,Amlodipine 5mg,19,Summer,3,4
2026-04-09,Azithromycin 500mg,2,Summer,3,4
2026-04-09,Ibuprofen 400mg,15,Summer,3,4
2026-04-09,Zinc Tablets 20mg,13,Summer,3,4
2026-04-09,Multivitamin Complex,13,Summer,3,4
2026-04-09,Folic Acid 5mg,16,Summer,3,4
2026-04-09,Atorvastatin 10mg,9,Summer,3,4
2026-04-09,Levocetirizine 5mg,1,Summer,3,4
2026-04-09,Ranitidine 150mg,12,Summer,3,4
2026-04-09,Diclofenac Gel 30g,9,Summer,3,4
2026-04-09,ORS (Orange Flavor),39,Summer,3,4
2026-04-09,Dolo 650mg,15,Summer,3,4
2026-04-09,Erythromycin 250mg,4,Summer,3,4
2026-04-09,Montelukast 10mg,5,Summer,3,4
2026-04-09,Carbamazepine 200mg,3,Summer,3,4
2026-04-10,Paracetamol 650mg,16,Summer,4,4
2026-04-10,Cetirizine 10mg,14,Summer,4,4
2026-04-10,Amoxicillin 500mg,12,Summer,4,4
2026-04-10,Insulin Glargine 100IU,2,Summer,4,4
2026-04-10,Salbutamol Inhaler,6,Summer,4,4
2026-04-10,Phenytoin 100mg,1,Summer,4,4
2026-04-10,ORS (Oral Rehydration),63,Summer,4,4
2026-04-10,Cough Syrup 100ml,9,Summer,4,4
2026-04-10,Pantoprazole 40mg,23,Summer,4,4
2026-04-10,Metformin 500mg,17,Summer,4,4
2026-04-10,Amlodipine 5mg,12,Summer,4,4
2026-04-10,Azithromycin 500mg,2,Summer,4,4
2026-04-10,Ibuprofen 400mg,8,Summer,4,4
2026-04-10,Zinc Tablets 20mg,8,Summer,4,4
2026-04-10,Multivitamin Complex,14,Summer,4,4
2026-04-10,Folic Acid 5mg,17,Summer,4,4
2026-04-10,Atorvastatin 10mg,12,Summer,4,4
2026-04-10,Levocetirizine 5mg,5,Summer,4,4
2026-04-10,Ranitidine 150mg,16,Summer,4,4
2026-04-10,Diclofenac Gel 30g,8,Summer,4,4
2026-04-10,ORS (Orange Flavor),46,Summer,4,4
2026-04-10,Dolo 650mg,14,Summer,4,4
2026-04-10,Erythromycin 250mg,4,Summer,4,4
2026-04-10,Montelukast 10mg,4,Summer,4,4
2026-04-10,Carbamazepine 200mg,6,Summer,4,4
2026-04-11,Paracetamol 650mg,17,Summer,5,4
2026-04-11,Cetirizine 10mg,11,Summer,5,4
2026-04-11,Amoxicillin 500mg,11,Summer,5,4
2026-04-11,Insulin Glargine 100IU,8,Summer,5,4
2026-04-11,Salbutamol Inhaler,7,Summer,5,4
2026-04-11,Phenytoin 100mg,6,Summer,5,4
2026-04-11,ORS (Oral Rehydration),71,Summer,5,4
2026-04-11,Cough Syrup 100ml,5,Summer,5,4
2026-04-11,Pantoprazole 40mg,29,Summer,5,4
2026-04-11,Metformin 500mg,20,Summer,5,4
2026-04-11,Amlodipine 5mg,15,Summer,5,4
2026-04-11,Azithromycin 500mg,4,Summer,5,4
2026-04-11,Ibuprofen 400mg,6,Summer,5,4
2026-04-11,Zinc Tablets 20mg,12,Summer,5,4
2026-04-11,Multivitamin Complex,18,Summer,5,4
2026-04-11,Folic Acid 5mg,13,Summer,5,4
2026-04-11,Atorvastatin 10mg,9,Summer,5,4
2026-04-11,Levocetirizine 5mg,7,Summer,5,4
2026-04-11,Ranitidine 150mg,16,Summer,5,4
2026-04-11,Diclofenac Gel 30g,7,Summer,5,4
2026-04-11,ORS (Orange Flavor),39,Summer,5,4
2026-04-11,Dolo 650mg,14,Summer,5,4
2026-04-11,Erythromycin 250mg,7,Summer,5,4
2026-04-11,Montelukast 10mg,6,Summer,5,4
2026-04-11,Carbamazepine 200mg,4,Summer,5,4
2026-04-12,Paracetamol 650mg,14,Summer,6,4
2026-04-12,Cetirizine 10mg,8,Summer,6,4
2026-04-12,Amoxicillin 500mg,12,Summer,6,4
2026-04-12,Insulin Glargine 100IU,3,Summer,6,4
2026-04-12,Salbutamol Inhaler,2,Summer,6,4
2026-04-12,Phenytoin 100mg,4,Summer,6,4
2026-04-12,ORS (Oral Rehydration),59,Summer,6,4
2026-04-12,Cough Syrup 100ml,6,Summer,6,4
2026-04-12,Pantoprazole 40mg,13,Summer,6,4
2026-04-12,Metformin 500mg,15,Summer,6,4
2026-04-12,Amlodipine 5mg,12,Summer,6,4
2026-04-12,Azithromycin 500mg,5,Summer,6,4
2026-04-12,Ibuprofen 400mg,5,Summer,6,4
2026-04-12,Zinc Tablets 20mg,10,Summer,6,4
2026-04-12,Multivitamin Complex,7,Summer,6,4
2026-04-12,Folic Acid 5mg,9,Summer,6,4
2026-04-12,Atorvastatin 10mg,6,Summer,6,4
2026-04-12,Levocetirizine 5mg,6,Summer,6,4
2026-04-12,Ranitidine 150mg,19,Summer,6,4
2026-04-12,Diclofenac Gel 30g,9,Summer,6,4
2026-04-12,ORS (Orange Flavor),43,Summer,6,4
2026-04-12,Dolo 650mg,28,Summer,6,4
2026-04-12,Erythromycin 250mg,4,Summer,6,4
2026-04-12,Montelukast 10mg,6,Summer,6,4
2026-04-12,Carbamazepine 200mg,5,Summer,6,4
2026-04-13,Paracetamol 650mg,17,Summer,0,4
2026-04-13,Cetirizine 10mg,8,Summer,0,4
2026-04-13,Amoxicillin 500mg,4,Summer,0,4
2026-04-13,Insulin Glargine 100IU,6,Summer,0,4
2026-04-13,Salbutamol Inhaler,1,Summer,0,4
2026-04-13,Phenytoin 100mg,5,Summer,0,4
2026-04-13,ORS (Oral Rehydration),90,Summer,0,4
2026-04-13,Cough Syrup 100ml,3,Summer,0,4
2026-04-13,Pantoprazole 40mg,17,Summer,0,4
2026-04-13,Metformin 500mg,24,Summer,0,4
2026-04-13,Amlodipine 5mg,14,Summer,0,4
2026-04-13,Azithromycin 500mg,4,Summer,0,4
2026-04-13,Ibuprofen 400mg,5,Summer,0,4
2026-04-13,Zinc Tablets 20mg,12,Summer,0,4
2026-04-13,Multivitamin Complex,10,Summer,0,4
2026-04-13,Folic Acid 5mg,14,Summer,0,4
2026-04-13,Atorvastatin 10mg,6,Summer,0,4
2026-04-13,Levocetirizine 5mg,5,Summer,0,4
2026-04-13,Ranitidine 150mg,19,Summer,0,4
2026-04-13,Diclofenac Gel 30g,4,Summer,0,4
2026-04-13,ORS (Orange Flavor),41,Summer,0,4
2026-04-13,Dolo 650mg,22,Summer,0,4
2026-04-13,Erythromycin 250mg,4,Summer,0,4
2026-04-13,Montelukast 10mg,6,Summer,0,4
2026-04-13,Carbamazepine 200mg,4,Summer,0,4
2026-04-14,Paracetamol 650mg,15,Summer,1,4
2026-04-14,Cetirizine 10mg,7,Summer,1,4
2026-04-14,Amoxicillin 500mg,14,Summer,1,4
2026-04-14,Insulin Glargine 100IU,3,Summer,1,4
2026-04-14,Salbutamol Inhaler,6,Summer,1,4
2026-04-14,Phenytoin 100mg,1,Summer,1,4
2026-04-14,ORS (Oral Rehydration),61,Summer,1,4
2026-04-14,Cough Syrup 100ml,7,Summer,1,4
2026-04-14,Pantoprazole 40mg,40,Summer,1,4
2026-04-14,Metformin 500mg,21,Summer,1,4
2026-04-14,Amlodipine 5mg,10,Summer,1,4
2026-04-14,Azithromycin 500mg,4,Summer,1,4
2026-04-14,Ibuprofen 400mg,7,Summer,1,4
2026-04-14,Zinc Tablets 20mg,12,Summer,1,4
2026-04-14,Multivitamin Complex,14,Summer,1,4
2026-04-14,Folic Acid 5mg,8,Summer,1,4
2026-04-14,Atorvastatin 10mg,17,Summer,1,4
2026-04-14,Levocetirizine 5mg,3,Summer,1,4
2026-04-14,Ranitidine 150mg,17,Summer,1,4
2026-04-14,Diclofenac Gel 30g,6,Summer,1,4
2026-04-14,ORS (Orange Flavor),45,Summer,1,4
2026-04-14,Dolo 650mg,11,Summer,1,4
2026-04-14,Erythromycin 250mg,4,Summer,1,4
2026-04-14,Montelukast 10mg,3,Summer,1,4
2026-04-14,Carbamazepine 200mg,6,Summer,1,4
2026-04-15,Paracetamol 650mg,22,Summer,2,4
2026-04-15,Cetirizine 10mg,15,Summer,2,4
2026-04-15,Amoxicillin 500mg,8,Summer,2,4
2026-04-15,Insulin Glargine 100IU,8,Summer,2,4
2026-04-15,Salbutamol Inhaler,1,Summer,2,4
2026-04-15,Phenytoin 100mg,3,Summer,2,4
2026-04-15,ORS (Oral Rehydration),68,Summer,2,4
2026-04-15,Cough Syrup 100ml,7,Summer,2,4
2026-04-15,Pantoprazole 40mg,12,Summer,2,4
2026-04-15,Metformin 500mg,16,Summer,2,4
2026-04-15,Amlodipine 5mg,14,Summer,2,4
2026-04-15,Azithromycin 500mg,5,Summer,2,4
2026-04-15,Ibuprofen 400mg,15,Summer,2,4
2026-04-15,Zinc Tablets 20mg,15,Summer,2,4
2026-04-15,Multivitamin Complex,15,Summer,2,4
2026-04-15,Folic Acid 5mg,15,Summer,2,4
2026-04-15,Atorvastatin 10mg,15,Summer,2,4
2026-04-15,Levocetirizine 5mg,3,Summer,2,4
2026-04-15,Ranitidine 150mg,23,Summer,2,4
2026-04-15,Diclofenac Gel 30g,6,Summer,2,4
2026-04-15,ORS (Orange Flavor),37,Summer,2,4
2026-04-15,Dolo 650mg,19,Summer,2,4
2026-04-15,Erythromycin 250mg,4,Summer,2,4
2026-04-15,Montelukast 10mg,5,Summer,2,4
2026-04-15,Carbamazepine 200mg,1,Summer,2,4
2026-04-16,Paracetamol 650mg,12,Summer,3,4
2026-04-16,Cetirizine 10mg,11,Summer,3,4
2026-04-16,Amoxicillin 500mg,5,Summer,3,4
2026-04-16,Insulin Glargine 100IU,4,Summer,3,4
2026-04-16,Salbutamol Inhaler,1,Summer,3,4
2026-04-16,Phenytoin 100mg,6,Summer,3,4
2026-04-16,ORS (Oral Rehydration),75,Summer,3,4
2026-04-16,Cough Syrup 100ml,2,Summer,3,4
2026-04-16,Pantoprazole 40mg,21,Summer,3,4
2026-04-16,Metformin 500mg,12,Summer,3,4
2026-04-16,Amlodipine 5mg,19,Summer,3,4
2026-04-16,Azithromycin 500mg,3,Summer,3,4
2026-04-16,Ibuprofen 400mg,12,Summer,3,4
2026-04-16,Zinc Tablets 20mg,19,Summer,3,4
2026-04-16,Multivitamin Complex,9,Summer,3,4
2026-04-16,Folic Acid 5mg,14,Summer,3,4
2026-04-16,Atorvastatin 10mg,8,Summer,3,4
2026-04-16,Levocetirizine 5mg,6,Summer,3,4
2026-04-16,Ranitidine 150mg,11,Summer,3,4
2026-04-16,Diclofenac Gel 30g,7,Summer,3,4
2026-04-16,ORS (Orange Flavor),44,Summer,3,4
2026-04-16,Dolo 650mg,22,Summer,3,4
2026-04-16,Erythromycin 250mg,7,Summer,3,4
2026-04-16,Montelukast 10mg,5,Summer,3,4
2026-04-16,Carbamazepine 200mg,3,Summer,3,4
2026-04-17,Paracetamol 650mg,19,Summer,4,4
2026-04-17,Cetirizine 10mg,11,Summer,4,4
2026-04-17,Amoxicillin 500mg,8,Summer,4,4
2026-04-17,Insulin Glargine 100IU,8,Summer,4,4
2026-04-17,Salbutamol Inhaler,2,Summer,4,4
2026-04-17,Phenytoin 100mg,4,Summer,4,4
2026-04-17,ORS (Oral Rehydration),69,Summer,4,4
2026-04-17,Cough Syrup 100ml,5,Summer,4,4
2026-04-17,Pantoprazole 40mg,18,Summer,4,4
2026-04-17,Metformin 500mg,16,Summer,4,4
2026-04-17,Amlodipine 5mg,5,Summer,4,4
2026-04-17,Azithromycin 500mg,2,Summer,4,4
2026-04-17,Ibuprofen 400mg,9,Summer,4,4
2026-04-17,Zinc Tablets 20mg,11,Summer,4,4
2026-04-17,Multivitamin Complex,14,Summer,4,4
2026-04-17,Folic Acid 5mg,15,Summer,4,4
2026-04-17,Atorvastatin 10mg,12,Summer,4,4
2026-04-17,Levocetirizine 5mg,3,Summer,4,4
2026-04-17,Ranitidine 150mg,20,Summer,4,4
2026-04-17,Diclofenac Gel 30g,10,Summer,4,4
2026-04-17,ORS (Orange Flavor),41,Summer,4,4
2026-04-17,Dolo 650mg,14,Summer,4,4
2026-04-17,Erythromycin 250mg,6,Summer,4,4
2026-04-17,Montelukast 10mg,2,Summer,4,4
2026-04-17,Carbamazepine 200mg,4,Summer,4,4
2026-04-18,Paracetamol 650mg,12,Summer,5,4
2026-04-18,Cetirizine 10mg,13,Summer,5,4
2026-04-18,Amoxicillin 500mg,10,Summer,5,4
2026-04-18,Insulin Glargine 100IU,4,Summer,5,4
2026-04-18,Salbutamol Inhaler,6,Summer,5,4
2026-04-18,Phenytoin 100mg,4,Summer,5,4
2026-04-18,ORS (Oral Rehydration),70,Summer,5,4
2026-04-18,Cough Syrup 100ml,5,Summer,5,4
2026-04-18,Pantoprazole 40mg,20,Summer,5,4
2026-04-18,Metformin 500mg,8,Summer,5,4
2026-04-18,Amlodipine 5mg,7,Summer,5,4
2026-04-18,Azithromycin 500mg,4,Summer,5,4
2026-04-18,Ibuprofen 400mg,4,Summer,5,4
2026-04-18,Zinc Tablets 20mg,10,Summer,5,4
2026-04-18,Multivitamin Complex,10,Summer,5,4
2026-04-18,Folic Acid 5mg,12,Summer,5,4
2026-04-18,Atorvastatin 10mg,10,Summer,5,4
2026-04-18,Levocetirizine 5mg,5,Summer,5,4
2026-04-18,Ranitidine 150mg,16,Summer,5,4
2026-04-18,Diclofenac Gel 30g,6,Summer,5,4
2026-04-18,ORS (Orange Flavor),35,Summer,5,4
2026-04-18,Dolo 650mg,22,Summer,5,4
2026-04-18,Erythromycin 250mg,6,Summer,5,4
2026-04-18,Montelukast 10mg,5,Summer,5,4
2026-04-18,Carbamazepine 200mg,3,Summer,5,4
2026-04-19,Paracetamol 650mg,19,Summer,6,4
2026-04-19,Cetirizine 10mg,11,Summer,6,4
2026-04-19,Amoxicillin 500mg,11,Summer,6,4
2026-04-19,Insulin Glargine 100IU,6,Summer,6,4
2026-04-19,Salbutamol Inhaler,4,Summer,6,4
2026-04-19,Phenytoin 100mg,2,Summer,6,4
2026-04-19,ORS (Oral Rehydration),74,Summer,6,4
2026-04-19,Cough Syrup 100ml,3,Summer,6,4
2026-04-19,Pantoprazole 40mg,22,Summer,6,4
2026-04-19,Metformin 500mg,17,Summer,6,4
2026-04-19,Amlodipine 5mg,4,Summer,6,4
2026-04-19,Azithromycin 500mg,3,Summer,6,4
2026-04-19,Ibuprofen 400mg,8,Summer,6,4
2026-04-19,Zinc Tablets 20mg,17,Summer,6,4
2026-04-19,Multivitamin Complex,7,Summer,6,4
2026-04-19,Folic Acid 5mg,13,Summer,6,4
2026-04-19,Atorvastatin 10mg,13,Summer,6,4
2026-04-19,Levocetirizine 5mg,5,Summer,6,4
2026-04-19,Ranitidine 150mg,22,Summer,6,4
2026-04-19,Diclofenac Gel 30g,5,Summer,6,4
2026-04-19,ORS (Orange Flavor),44,Summer,6,4
2026-04-19,Dolo 650mg,11,Summer,6,4
2026-04-19,Erythromycin 250mg,5,Summer,6,4
2026-04-19,Montelukast 10mg,8,Summer,6,4
2026-04-19,Carbamazepine 200mg,4,Summer,6,4
2026-04-20,Paracetamol 650mg,16,Summer,0,4
2026-04-20,Cetirizine 10mg,13,Summer,0,4
2026-04-20,Amoxicillin 500mg,11,Summer,0,4
2026-04-20,Insulin Glargine 100IU,8,Summer,0,4
2026-04-20,Salbutamol Inhaler,3,Summer,0,4
2026-04-20,Phenytoin 100mg,2,Summer,0,4
2026-04-20,ORS (Oral Rehydration),85,Summer,0,4
2026-04-20,Cough Syrup 100ml,6,Summer,0,4
2026-04-20,Pantoprazole 40mg,19,Summer,0,4
2026-04-20,Metformin 500mg,13,Summer,0,4
2026-04-20,Amlodipine 5mg,15,Summer,0,4
2026-04-20,Azithromycin 500mg,5,Summer,0,4
2026-04-20,Ibuprofen 400mg,9,Summer,0,4
2026-04-20,Zinc Tablets 20mg,11,Summer,0,4
2026-04-20,Multivitamin Complex,12,Summer,0,4
2026-04-20,Folic Acid 5mg,10,Summer,0,4
2026-04-20,Atorvastatin 10mg,6,Summer,0,4
2026-04-20,Levocetirizine 5mg,4,Summer,0,4
2026-04-20,Ranitidine 150mg,16,Summer,0,4
2026-04-20,Diclofenac Gel 30g,7,Summer,0,4
2026-04-20,ORS (Orange Flavor),54,Summer,0,4
2026-04-20,Dolo 650mg,24,Summer,0,4
2026-04-20,Erythromycin 250mg,10,Summer,0,4
2026-04-20,Montelukast 10mg,2,Summer,0,4
2026-04-20,Carbamazepine 200mg,3,Summer,0,4
2026-04-21,Paracetamol 650mg,16,Summer,1,4
2026-04-21,Cetirizine 10mg,7,Summer,1,4
2026-04-21,Amoxicillin 500mg,9,Summer,1,4
2026-04-21,Insulin Glargine 100IU,1,Summer,1,4
2026-04-21,Salbutamol Inhaler,1,Summer,1,4
2026-04-21,Phenytoin 100mg,2,Summer,1,4
2026-04-21,ORS (Oral Rehydration),76,Summer,1,4
2026-04-21,Cough Syrup 100ml,6,Summer,1,4
2026-04-21,Pantoprazole 40mg,26,Summer,1,4
2026-04-21,Metformin 500mg,26,Summer,1,4
2026-04-21,Amlodipine 5mg,23,Summer,1,4
2026-04-21,Azithromycin 500mg,5,Summer,1,4
2026-04-21,Ibuprofen 400mg,8,Summer,1,4
2026-04-21,Zinc Tablets 20mg,10,Summer,1,4
2026-04-21,Multivitamin Complex,18,Summer,1,4
2026-04-21,Folic Acid 5mg,14,Summer,1,4
2026-04-21,Atorvastatin 10mg,11,Summer,1,4
2026-04-21,Levocetirizine 5mg,8,Summer,1,4
2026-04-21,Ranitidine 150mg,18,Summer,1,4
2026-04-21,Diclofenac Gel 30g,10,Summer,1,4
2026-04-21,ORS (Orange Flavor),31,Summer,1,4
2026-04-21,Dolo 650mg,29,Summer,1,4
2026-04-21,Erythromycin 250mg,7,Summer,1,4
2026-04-21,Montelukast 10mg,4,Summer,1,4
2026-04-21,Carbamazepine 200mg,6,Summer,1,4
2026-04-22,Paracetamol 650mg,15,Summer,2,4
2026-04-22,Cetirizine 10mg,12,Summer,2,4
2026-04-22,Amoxicillin 500mg,7,Summer,2,4
2026-04-22,Insulin Glargine 100IU,4,Summer,2,4
2026-04-22,Salbutamol Inhaler,1,Summer,2,4
2026-04-22,Phenytoin 100mg,5,Summer,2,4
2026-04-22,ORS (Oral Rehydration),79,Summer,2,4
2026-04-22,Cough Syrup 100ml,4,Summer,2,4
2026-04-22,Pantoprazole 40mg,21,Summer,2,4
2026-04-22,Metformin 500mg,24,Summer,2,4
2026-04-22,Amlodipine 5mg,15,Summer,2,4
2026-04-22,Azithromycin 500mg,4,Summer,2,4
2026-04-22,Ibuprofen 400mg,7,Summer,2,4
2026-04-22,Zinc Tablets 20mg,6,Summer,2,4
2026-04-22,Multivitamin Complex,5,Summer,2,4
2026-04-22,Folic Acid 5mg,18,Summer,2,4
2026-04-22,Atorvastatin 10mg,7,Summer,2,4
2026-04-22,Levocetirizine 5mg,4,Summer,2,4
2026-04-22,Ranitidine 150mg,25,Summer,2,4
2026-04-22,Diclofenac Gel 30g,6,Summer,2,4
2026-04-22,ORS (Orange Flavor),53,Summer,2,4
2026-04-22,Dolo 650mg,23,Summer,2,4
2026-04-22,Erythromycin 250mg,3,Summer,2,4
2026-04-22,Montelukast 10mg,5,Summer,2,4
2026-04-22,Carbamazepine 200mg,5,Summer,2,4
2026-04-23,Paracetamol 650mg,20,Summer,3,4
2026-04-23,Cetirizine 10mg,15,Summer,3,4
2026-04-23,Amoxicillin 500mg,9,Summer,3,4
2026-04-23,Insulin Glargine 100IU,4,Summer,3,4
2026-04-23,Salbutamol Inhaler,2,Summer,3,4
2026-04-23,Phenytoin 100mg,4,Summer,3,4
2026-04-23,ORS (Oral Rehydration),79,Summer,3,4
2026-04-23,Cough Syrup 100ml,3,Summer,3,4
2026-04-23,Pantoprazole 40mg,21,Summer,3,4
2026-04-23,Metformin 500mg,21,Summer,3,4
2026-04-23,Amlodipine 5mg,13,Summer,3,4
2026-04-23,Azithromycin 500mg,3,Summer,3,4
2026-04-23,Ibuprofen 400mg,6,Summer,3,4
2026-04-23,Zinc Tablets 20mg,12,Summer,3,4
2026-04-23,Multivitamin Complex,14,Summer,3,4
2026-04-23,Folic Acid 5mg,12,Summer,3,4
2026-04-23,Atorvastatin 10mg,14,Summer,3,4
2026-04-23,Levocetirizine 5mg,4,Summer,3,4
2026-04-23,Ranitidine 150mg,15,Summer,3,4
2026-04-23,Diclofenac Gel 30g,9,Summer,3,4
2026-04-23,ORS (Orange Flavor),39,Summer,3,4
2026-04-23,Dolo 650mg,22,Summer,3,4
2026-04-23,Erythromycin 250mg,3,Summer,3,4
2026-04-23,Montelukast 10mg,4,Summer,3,4
2026-04-23,Carbamazepine 200mg,3,Summer,3,4
2026-04-24,Paracetamol 650mg,19,Summer,4,4
2026-04-24,Cetirizine 10mg,10,Summer,4,4
2026-04-24,Amoxicillin 500mg,14,Summer,4,4
2026-04-24,Insulin Glargine 100IU,5,Summer,4,4
2026-04-24,Salbutamol Inhaler,3,Summer,4,4
2026-04-24,Phenytoin 100mg,2,Summer,4,4
2026-04-24,ORS (Oral Rehydration),72,Summer,4,4
2026-04-24,Cough Syrup 100ml,4,Summer,4,4
2026-04-24,Pantoprazole 40mg,20,Summer,4,4
2026-04-24,Metformin 500mg,17,Summer,4,4
2026-04-24,Amlodipine 5mg,9,Summer,4,4
2026-04-24,Azithromycin 500mg,4,Summer,4,4
2026-04-24,Ibuprofen 400mg,3,Summer,4,4
2026-04-24,Zinc Tablets 20mg,7,Summer,4,4
2026-04-24,Multivitamin Complex,14,Summer,4,4
2026-04-24,Folic Acid 5mg,21,Summer,4,4
2026-04-24,Atorvastatin 10mg,9,Summer,4,4
2026-04-24,Levocetirizine 5mg,2,Summer,4,4
2026-04-24,Ranitidine 150mg,23,Summer,4,4
2026-04-24,Diclofenac Gel 30g,7,Summer,4,4
2026-04-24,ORS (Orange Flavor),38,Summer,4,4
2026-04-24,Dolo 650mg,9,Summer,4,4
2026-04-24,Erythromycin 250mg,5,Summer,4,4
2026-04-24,Montelukast 10mg,3,Summer,4,4
2026-04-24,Carbamazepine 200mg,4,Summer,4,4
2026-04-25,Paracetamol 650mg,17,Summer,5,4
2026-04-25,Cetirizine 10mg,9,Summer,5,4
2026-04-25,Amoxicillin 500mg,6,Summer,5,4
2026-04-25,Insulin Glargine 100IU,8,Summer,5,4
2026-04-25,Salbutamol Inhaler,1,Summer,5,4
2026-04-25,Phenytoin 100mg,7,Summer,5,4
2026-04-25,ORS (Oral Rehydration),74,Summer,5,4
2026-04-25,Cough Syrup 100ml,2,Summer,5,4
2026-04-25,Pantoprazole 40mg,25,Summer,5,4
2026-04-25,Metformin 500mg,23,Summer,5,4
2026-04-25,Amlodipine 5mg,14,Summer,5,4
2026-04-25,Azithromycin 500mg,8,Summer,5,4
2026-04-25,Ibuprofen 400mg,7,Summer,5,4
2026-04-25,Zinc Tablets 20mg,9,Summer,5,4
2026-04-25,Multivitamin Complex,14,Summer,5,4
2026-04-25,Folic Acid 5mg,11,Summer,5,4
2026-04-25,Atorvastatin 10mg,12,Summer,5,4
2026-04-25,Levocetirizine 5mg,4,Summer,5,4
2026-04-25,Ranitidine 150mg,17,Summer,5,4
2026-04-25,Diclofenac Gel 30g,5,Summer,5,4
2026-04-25,ORS (Orange Flavor),53,Summer,5,4
2026-04-25,Dolo 650mg,24,Summer,5,4
2026-04-25,Erythromycin 250mg,9,Summer,5,4
2026-04-25,Montelukast 10mg,5,Summer,5,4
2026-04-25,Carbamazepine 200mg,5,Summer,5,4
2026-04-26,Paracetamol 650mg,12,Summer,6,4
2026-04-26,Cetirizine 10mg,6,Summer,6,4
2026-04-26,Amoxicillin 500mg,12,Summer,6,4
2026-04-26,Insulin Glargine 100IU,1,Summer,6,4
2026-04-26,Salbutamol Inhaler,4,Summer,6,4
2026-04-26,Phenytoin 100mg,5,Summer,6,4
2026-04-26,ORS (Oral Rehydration),77,Summer,6,4
2026-04-26,Cough Syrup 100ml,7,Summer,6,4
2026-04-26,Pantoprazole 40mg,24,Summer,6,4
2026-04-26,Metformin 500mg,14,Summer,6,4
2026-04-26,Amlodipine 5mg,20,Summer,6,4
2026-04-26,Azithromycin 500mg,3,Summer,6,4
2026-04-26,Ibuprofen 400mg,5,Summer,6,4
2026-04-26,Zinc Tablets 20mg,14,Summer,6,4
2026-04-26,Multivitamin Complex,11,Summer,6,4
2026-04-26,Folic Acid 5mg,18,Summer,6,4
2026-04-26,Atorvastatin 10mg,6,Summer,6,4
2026-04-26,Levocetirizine 5mg,5,Summer,6,4
2026-04-26,Ranitidine 150mg,20,Summer,6,4
2026-04-26,Diclofenac Gel 30g,9,Summer,6,4
2026-04-26,ORS (Orange Flavor),42,Summer,6,4
2026-04-26,Dolo 650mg,18,Summer,6,4
2026-04-26,Erythromycin 250mg,5,Summer,6,4
2026-04-26,Montelukast 10mg,4,Summer,6,4
2026-04-26,Carbamazepine 200mg,8,Summer,6,4
2026-04-27,Paracetamol 650mg,21,Summer,0,4
2026-04-27,Cetirizine 10mg,7,Summer,0,4
2026-04-27,Amoxicillin 500mg,9,Summer,0,4
2026-04-27,Insulin Glargine 100IU,3,Summer,0,4
2026-04-27,Salbutamol Inhaler,4,Summer,0,4
2026-04-27,Phenytoin 100mg,1,Summer,0,4
2026-04-27,ORS (Oral Rehydration),70,Summer,0,4
2026-04-27,Cough Syrup 100ml,3,Summer,0,4
2026-04-27,Pantoprazole 40mg,14,Summer,0,4
2026-04-27,Metformin 500mg,13,Summer,0,4
2026-04-27,Amlodipine 5mg,11,Summer,0,4
2026-04-27,Azithromycin 500mg,2,Summer,0,4
2026-04-27,Ibuprofen 400mg,6,Summer,0,4
2026-04-27,Zinc Tablets 20mg,13,Summer,0,4
2026-04-27,Multivitamin Complex,21,Summer,0,4
2026-04-27,Folic Acid 5mg,14,Summer,0,4
2026-04-27,Atorvastatin 10mg,15,Summer,0,4
2026-04-27,Levocetirizine 5mg,3,Summer,0,4
2026-04-27,Ranitidine 150mg,13,Summer,0,4
2026-04-27,Diclofenac Gel 30g,4,Summer,0,4
2026-04-27,ORS (Orange Flavor),41,Summer,0,4
2026-04-27,Dolo 650mg,18,Summer,0,4
2026-04-27,Erythromycin 250mg,6,Summer,0,4
2026-04-27,Montelukast 10mg,4,Summer,0,4
2026-04-27,Carbamazepine 200mg,4,Summer,0,4
2026-04-28,Paracetamol 650mg,11,Summer,1,4
2026-04-28,Cetirizine 10mg,11,Summer,1,4
2026-04-28,Amoxicillin 500mg,12,Summer,1,4
2026-04-28,Insulin Glargine 100IU,8,Summer,1,4
2026-04-28,Salbutamol Inhaler,1,Summer,1,4
2026-04-28,Phenytoin 100mg,1,Summer,1,4
2026-04-28,ORS (Oral Rehydration),66,Summer,1,4
2026-04-28,Cough Syrup 100ml,1,Summer,1,4
2026-04-28,Pantoprazole 40mg,21,Summer,1,4
2026-04-28,Metformin 500mg,15,Summer,1,4
2026-04-28,Amlodipine 5mg,11,Summer,1,4
2026-04-28,Azithromycin 500mg,3,Summer,1,4
2026-04-28,Ibuprofen 400mg,5,Summer,1,4
2026-04-28,Zinc Tablets 20mg,12,Summer,1,4
2026-04-28,Multivitamin Complex,14,Summer,1,4
2026-04-28,Folic Acid 5mg,16,Summer,1,4
2026-04-28,Atorvastatin 10mg,8,Summer,1,4
2026-04-28,Levocetirizine 5mg,4,Summer,1,4
2026-04-28,Ranitidine 150mg,18,Summer,1,4
2026-04-28,Diclofenac Gel 30g,6,Summer,1,4
2026-04-28,ORS (Orange Flavor),49,Summer,1,4
2026-04-28,Dolo 650mg,26,Summer,1,4
2026-04-28,Erythromycin 250mg,4,Summer,1,4
2026-04-28,Montelukast 10mg,9,Summer,1,4
2026-04-28,Carbamazepine 200mg,7,Summer,1,4
2026-04-29,Paracetamol 650mg,12,Summer,2,4
2026-04-29,Cetirizine 10mg,14,Summer,2,4
2026-04-29,Amoxicillin 500mg,11,Summer,2,4
2026-04-29,Insulin Glargine 100IU,6,Summer,2,4
2026-04-29,Salbutamol Inhaler,2,Summer,2,4
2026-04-29,Phenytoin 100mg,2,Summer,2,4
2026-04-29,ORS (Oral Rehydration),82,Summer,2,4
2026-04-29,Cough Syrup 100ml,3,Summer,2,4
2026-04-29,Pantoprazole 40mg,19,Summer,2,4
2026-04-29,Metformin 500mg,22,Summer,2,4
2026-04-29,Amlodipine 5mg,15,Summer,2,4
2026-04-29,Azithromycin 500mg,3,Summer,2,4
2026-04-29,Ibuprofen 400mg,6,Summer,2,4
2026-04-29,Zinc Tablets 20mg,11,Summer,2,4
2026-04-29,Multivitamin Complex,14,Summer,2,4
2026-04-29,Folic Acid 5mg,11,Summer,2,4
2026-04-29,Atorvastatin 10mg,7,Summer,2,4
2026-04-29,Levocetirizine 5mg,5,Summer,2,4
2026-04-29,Ranitidine 150mg,15,Summer,2,4
2026-04-29,Diclofenac Gel 30g,7,Summer,2,4
2026-04-29,ORS (Orange Flavor),48,Summer,2,4
2026-04-29,Dolo 650mg,20,Summer,2,4
2026-04-29,Erythromycin 250mg,12,Summer,2,4
2026-04-29,Montelukast 10mg,6,Summer,2,4
2026-04-29,Carbamazepine 200mg,2,Summer,2,4
2026-04-30,Paracetamol 650mg,16,Summer,3,4
2026-04-30,Cetirizine 10mg,14,Summer,3,4
2026-04-30,Amoxicillin 500mg,15,Summer,3,4
2026-04-30,Insulin Glargine 100IU,8,Summer,3,4
2026-04-30,Salbutamol Inhaler,2,Summer,3,4
2026-04-30,Phenytoin 100mg,2,Summer,3,4
2026-04-30,ORS (Oral Rehydration),72,Summer,3,4
2026-04-30,Cough Syrup 100ml,4,Summer,3,4
2026-04-30,Pantoprazole 40mg,19,Summer,3,4
2026-04-30,Metformin 500mg,17,Summer,3,4
2026-04-30,Amlodipine 5mg,15,Summer,3,4
2026-04-30,Azithromycin 500mg,4,Summer,3,4
2026-04-30,Ibuprofen 400mg,9,Summer,3,4
2026-04-30,Zinc Tablets 20mg,8,Summer,3,4
2026-04-30,Multivitamin Complex,14,Summer,3,4
2026-04-30,Folic Acid 5mg,17,Summer,3,4
2026-04-30,Atorvastatin 10mg,11,Summer,3,4
2026-04-30,Levocetirizine 5mg,6,Summer,3,4
2026-04-30,Ranitidine 150mg,18,Summer,3,4
2026-04-30,Diclofenac Gel 30g,4,Summer,3,4
2026-04-30,ORS (Orange Flavor),46,Summer,3,4
2026-04-30,Dolo 650mg,23,Summer,3,4
2026-04-30,Erythromycin 250mg,4,Summer,3,4
2026-04-30,Montelukast 10mg,5,Summer,3,4
2026-04-30,Carbamazepine 200mg,2,Summer,3,4
2026-05-01,Paracetamol 650mg,9,Summer,4,5
2026-05-01,Cetirizine 10mg,12,Summer,4,5
2026-05-01,Amoxicillin 500mg,14,Summer,4,5
2026-05-01,Insulin Glargine 100IU,3,Summer,4,5
2026-05-01,Salbutamol Inhaler,4,Summer,4,5
2026-05-01,Phenytoin 100mg,5,Summer,4,5
2026-05-01,ORS (Oral Rehydration),70,Summer,4,5
2026-05-01,Cough Syrup 100ml,4,Summer,4,5
2026-05-01,Pantoprazole 40mg,29,Summer,4,5
2026-05-01,Metformin 500mg,16,Summer,4,5
2026-05-01,Amlodipine 5mg,19,Summer,4,5
2026-05-01,Azithromycin 500mg,5,Summer,4,5
2026-05-01,Ibuprofen 400mg,7,Summer,4,5
2026-05-01,Zinc Tablets 20mg,14,Summer,4,5
2026-05-01,Multivitamin Complex,14,Summer,4,5
2026-05-01,Folic Acid 5mg,12,Summer,4,5
2026-05-01,Atorvastatin 10mg,13,Summer,4,5
2026-05-01,Levocetirizine 5mg,6,Summer,4,5
2026-05-01,Ranitidine 150mg,15,Summer,4,5
2026-05-01,Diclofenac Gel 30g,3,Summer,4,5
2026-05-01,ORS (Orange Flavor),45,Summer,4,5
2026-05-01,Dolo 650mg,16,Summer,4,5
2026-05-01,Erythromycin 250mg,10,Summer,4,5
2026-05-01,Montelukast 10mg,8,Summer,4,5
2026-05-01,Carbamazepine 200mg,3,Summer,4,5
2026-05-02,Paracetamol 650mg,12,Summer,5,5
2026-05-02,Cetirizine 10mg,9,Summer,5,5
2026-05-02,Amoxicillin 500mg,13,Summer,5,5
2026-05-02,Insulin Glargine 100IU,4,Summer,5,5
2026-05-02,Salbutamol Inhaler,1,Summer,5,5
2026-05-02,Phenytoin 100mg,6,Summer,5,5
2026-05-02,ORS (Oral Rehydration),72,Summer,5,5
2026-05-02,Cough Syrup 100ml,5,Summer,5,5
2026-05-02,Pantoprazole 40mg,29,Summer,5,5
2026-05-02,Metformin 500mg,14,Summer,5,5
2026-05-02,Amlodipine 5mg,14,Summer,5,5
2026-05-02,Azithromycin 500mg,9,Summer,5,5
2026-05-02,Ibuprofen 400mg,5,Summer,5,5
2026-05-02,Zinc Tablets 20mg,11,Summer,5,5
2026-05-02,Multivitamin Complex,8,Summer,5,5
2026-05-02,Folic Acid 5mg,19,Summer,5,5
2026-05-02,Atorvastatin 10mg,13,Summer,5,5
2026-05-02,Levocetirizine 5mg,6,Summer,5,5
2026-05-02,Ranitidine 150mg,10,Summer,5,5
2026-05-02,Diclofenac Gel 30g,4,Summer,5,5
2026-05-02,ORS (Orange Flavor),46,Summer,5,5
2026-05-02,Dolo 650mg,17,Summer,5,5
2026-05-02,Erythromycin 250mg,7,Summer,5,5
2026-05-02,Montelukast 10mg,2,Summer,5,5
2026-05-02,Carbamazepine 200mg,3,Summer,5,5
2026-05-03,Paracetamol 650mg,10,Summer,6,5
2026-05-03,Cetirizine 10mg,15,Summer,6,5
2026-05-03,Amoxicillin 500mg,4,Summer,6,5
2026-05-03,Insulin Glargine 100IU,7,Summer,6,5
2026-05-03,Salbutamol Inhaler,1,Summer,6,5
2026-05-03,Phenytoin 100mg,6,Summer,6,5
2026-05-03,ORS (Oral Rehydration),55,Summer,6,5
2026-05-03,Cough Syrup 100ml,1,Summer,6,5
2026-05-03,Pantoprazole 40mg,20,Summer,6,5
2026-05-03,Metformin 500mg,22,Summer,6,5
2026-05-03,Amlodipine 5mg,17,Summer,6,5
2026-05-03,Azithromycin 500mg,1,Summer,6,5
2026-05-03,Ibuprofen 400mg,6,Summer,6,5
2026-05-03,Zinc Tablets 20mg,14,Summer,6,5
2026-05-03,Multivitamin Complex,7,Summer,6,5
2026-05-03,Folic Acid 5mg,11,Summer,6,5
2026-05-03,Atorvastatin 10mg,11,Summer,6,5
2026-05-03,Levocetirizine 5mg,2,Summer,6,5
2026-05-03,Ranitidine 150mg,8,Summer,6,5
2026-05-03,Diclofenac Gel 30g,3,Summer,6,5
2026-05-03,ORS (Orange Flavor),31,Summer,6,5
2026-05-03,Dolo 650mg,15,Summer,6,5
2026-05-03,Erythromycin 250mg,7,Summer,6,5
2026-05-03,Montelukast 10mg,5,Summer,6,5
2026-05-03,Carbamazepine 200mg,1,Summer,6,5
2026-05-04,Paracetamol 650mg,22,Summer,0,5
2026-05-04,Cetirizine 10mg,13,Summer,0,5
2026-05-04,Amoxicillin 500mg,12,Summer,0,5
2026-05-04,Insulin Glargine 100IU,1,Summer,0,5
2026-05-04,Salbutamol Inhaler,6,Summer,0,5
2026-05-04,Phenytoin 100mg,2,Summer,0,5
2026-05-04,ORS (Oral Rehydration),78,Summer,0,5
2026-05-04,Cough Syrup 100ml,3,Summer,0,5
2026-05-04,Pantoprazole 40mg,17,Summer,0,5
2026-05-04,Metformin 500mg,17,Summer,0,5
2026-05-04,Amlodipine 5mg,21,Summer,0,5
2026-05-04,Azithromycin 500mg,3,Summer,0,5
2026-05-04,Ibuprofen 400mg,9,Summer,0,5
2026-05-04,Zinc Tablets 20mg,12,Summer,0,5
2026-05-04,Multivitamin Complex,14,Summer,0,5
2026-05-04,Folic Acid 5mg,12,Summer,0,5
2026-05-04,Atorvastatin 10mg,10,Summer,0,5
2026-05-04,Levocetirizine 5mg,3,Summer,0,5
2026-05-04,Ranitidine 150mg,23,Summer,0,5
2026-05-04,Diclofenac Gel 30g,7,Summer,0,5
2026-05-04,ORS (Orange Flavor),46,Summer,0,5
2026-05-04,Dolo 650mg,21,Summer,0,5
2026-05-04,Erythromycin 250mg,6,Summer,0,5
2026-05-04,Montelukast 10mg,7,Summer,0,5
2026-05-04,Carbamazepine 200mg,3,Summer,0,5
2026-05-05,Paracetamol 650mg,20,Summer,1,5
2026-05-05,Cetirizine 10mg,13,Summer,1,5
2026-05-05,Amoxicillin 500mg,9,Summer,1,5
2026-05-05,Insulin Glargine 100IU,6,Summer,1,5
2026-05-05,Salbutamol Inhaler,1,Summer,1,5
2026-05-05,Phenytoin 100mg,2,Summer,1,5
2026-05-05,ORS (Oral Rehydration),60,Summer,1,5
2026-05-05,Cough Syrup 100ml,2,Summer,1,5
2026-05-05,Pantoprazole 40mg,15,Summer,1,5
2026-05-05,Metformin 500mg,20,Summer,1,5
2026-05-05,Amlodipine 5mg,16,Summer,1,5
2026-05-05,Azithromycin 500mg,8,Summer,1,5
2026-05-05,Ibuprofen 400mg,9,Summer,1,5
2026-05-05,Zinc Tablets 20mg,9,Summer,1,5
2026-05-05,Multivitamin Complex,14,Summer,1,5
2026-05-05,Folic Acid 5mg,5,Summer,1,5
2026-05-05,Atorvastatin 10mg,8,Summer,1,5
2026-05-05,Levocetirizine 5mg,7,Summer,1,5
2026-05-05,Ranitidine 150mg,16,Summer,1,5
2026-05-05,Diclofenac Gel 30g,5,Summer,1,5
2026-05-05,ORS (Orange Flavor),44,Summer,1,5
2026-05-05,Dolo 650mg,16,Summer,1,5
2026-05-05,Erythromycin 250mg,9,Summer,1,5
2026-05-05,Montelukast 10mg,2,Summer,1,5
2026-05-05,Carbamazepine 200mg,5,Summer,1,5
2026-05-06,Paracetamol 650mg,12,Summer,2,5
2026-05-06,Cetirizine 10mg,11,Summer,2,5
2026-05-06,Amoxicillin 500mg,7,Summer,2,5
2026-05-06,Insulin Glargine 100IU,7,Summer,2,5
2026-05-06,Salbutamol Inhaler,1,Summer,2,5
2026-05-06,Phenytoin 100mg,3,Summer,2,5
2026-05-06,ORS (Oral Rehydration),61,Summer,2,5
2026-05-06,Cough Syrup 100ml,4,Summer,2,5
2026-05-06,Pantoprazole 40mg,30,Summer,2,5
2026-05-06,Metformin 500mg,19,Summer,2,5
2026-05-06,Amlodipine 5mg,14,Summer,2,5
2026-05-06,Azithromycin 500mg,2,Summer,2,5
2026-05-06,Ibuprofen 400mg,9,Summer,2,5
2026-05-06,Zinc Tablets 20mg,12,Summer,2,5
2026-05-06,Multivitamin Complex,15,Summer,2,5
2026-05-06,Folic Acid 5mg,16,Summer,2,5
2026-05-06,Atorvastatin 10mg,9,Summer,2,5
2026-05-06,Levocetirizine 5mg,3,Summer,2,5
2026-05-06,Ranitidine 150mg,18,Summer,2,5
2026-05-06,Diclofenac Gel 30g,5,Summer,2,5
2026-05-06,ORS (Orange Flavor),38,Summer,2,5
2026-05-06,Dolo 650mg,18,Summer,2,5
2026-05-06,Erythromycin 250mg,6,Summer,2,5
2026-05-06,Montelukast 10mg,5,Summer,2,5
2026-05-06,Carbamazepine 200mg,2,Summer,2,5
2026-05-07,Paracetamol 650mg,12,Summer,3,5
2026-05-07,Cetirizine 10mg,11,Summer,3,5
2026-05-07,Amoxicillin 500mg,10,Summer,3,5
2026-05-07,Insulin Glargine 100IU,2,Summer,3,5
2026-05-07,Salbutamol Inhaler,4,Summer,3,5
2026-05-07,Phenytoin 100mg,2,Summer,3,5
2026-05-07,ORS (Oral Rehydration),68,Summer,3,5
2026-05-07,Cough Syrup 100ml,3,Summer,3,5
2026-05-07,Pantoprazole 40mg,16,Summer,3,5
2026-05-07,Metformin 500mg,21,Summer,3,5
2026-05-07,Amlodipine 5mg,11,Summer,3,5
2026-05-07,Azithromycin 500mg,5,Summer,3,5
2026-05-07,Ibuprofen 400mg,5,Summer,3,5
2026-05-07,Zinc Tablets 20mg,16,Summer,3,5
2026-05-07,Multivitamin Complex,9,Summer,3,5
2026-05-07,Folic Acid 5mg,17,Summer,3,5
2026-05-07,Atorvastatin 10mg,9,Summer,3,5
2026-05-07,Levocetirizine 5mg,6,Summer,3,5
2026-05-07,Ranitidine 150mg,15,Summer,3,5
2026-05-07,Diclofenac Gel 30g,7,Summer,3,5
2026-05-07,ORS (Orange Flavor),48,Summer,3,5
2026-05-07,Dolo 650mg,20,Summer,3,5
2026-05-07,Erythromycin 250mg,7,Summer,3,5
2026-05-07,Montelukast 10mg,4,Summer,3,5
2026-05-07,Carbamazepine 200mg,3,Summer,3,5
2026-05-08,Paracetamol 650mg,11,Summer,4,5
2026-05-08,Cetirizine 10mg,12,Summer,4,5
2026-05-08,Amoxicillin 500mg,10,Summer,4,5
2026-05-08,Insulin Glargine 100IU,3,Summer,4,5
2026-05-08,Salbutamol Inhaler,1,Summer,4,5
2026-05-08,Phenytoin 100mg,2,Summer,4,5
2026-05-08,ORS (Oral Rehydration),73,Summer,4,5
2026-05-08,Cough Syrup 100ml,5,Summer,4,5
2026-05-08,Pantoprazole 40mg,29,Summer,4,5
2026-05-08,Metformin 500mg,23,Summer,4,5
2026-05-08,Amlodipine 5mg,11,Summer,4,5
2026-05-08,Azithromycin 500mg,3,Summer,4,5
2026-05-08,Ibuprofen 400mg,2,Summer,4,5
2026-05-08,Zinc Tablets 20mg,14,Summer,4,5
2026-05-08,Multivitamin Complex,16,Summer,4,5
2026-05-08,Folic Acid 5mg,22,Summer,4,5
2026-05-08,Atorvastatin 10mg,16,Summer,4,5
2026-05-08,Levocetirizine 5mg,4,Summer,4,5
2026-05-08,Ranitidine 150mg,19,Summer,4,5
2026-05-08,Diclofenac Gel 30g,13,Summer,4,5
2026-05-08,ORS (Orange Flavor),27,Summer,4,5
2026-05-08,Dolo 650mg,24,Summer,4,5
2026-05-08,Erythromycin 250mg,8,Summer,4,5
2026-05-08,Montelukast 10mg,7,Summer,4,5
2026-05-08,Carbamazepine 200mg,7,Summer,4,5
2026-05-09,Paracetamol 650mg,16,Summer,5,5
2026-05-09,Cetirizine 10mg,24,Summer,5,5
2026-05-09,Amoxicillin 500mg,8,Summer,5,5
2026-05-09,Insulin Glargine 100IU,1,Summer,5,5
2026-05-09,Salbutamol Inhaler,1,Summer,5,5
2026-05-09,Phenytoin 100mg,1,Summer,5,5
2026-05-09,ORS (Oral Rehydration),81,Summer,5,5
2026-05-09,Cough Syrup 100ml,5,Summer,5,5
2026-05-09,Pantoprazole 40mg,17,Summer,5,5
2026-05-09,Metformin 500mg,12,Summer,5,5
2026-05-09,Amlodipine 5mg,11,Summer,5,5
2026-05-09,Azithromycin 500mg,3,Summer,5,5
2026-05-09,Ibuprofen 400mg,6,Summer,5,5
2026-05-09,Zinc Tablets 20mg,9,Summer,5,5
2026-05-09,Multivitamin Complex,15,Summer,5,5
2026-05-09,Folic Acid 5mg,18,Summer,5,5
2026-05-09,Atorvastatin 10mg,13,Summer,5,5
2026-05-09,Levocetirizine 5mg,5,Summer,5,5
2026-05-09,Ranitidine 150mg,13,Summer,5,5
2026-05-09,Diclofenac Gel 30g,5,Summer,5,5
2026-05-09,ORS (Orange Flavor),33,Summer,5,5
2026-05-09,Dolo 650mg,18,Summer,5,5
2026-05-09,Erythromycin 250mg,3,Summer,5,5
2026-05-09,Montelukast 10mg,4,Summer,5,5
2026-05-09,Carbamazepine 200mg,5,Summer,5,5
2026-05-10,Paracetamol 650mg,20,Summer,6,5
2026-05-10,Cetirizine 10mg,11,Summer,6,5
2026-05-10,Amoxicillin 500mg,13,Summer,6,5
2026-05-10,Insulin Glargine 100IU,5,Summer,6,5
2026-05-10,Salbutamol Inhaler,5,Summer,6,5
2026-05-10,Phenytoin 100mg,3,Summer,6,5
2026-05-10,ORS (Oral Rehydration),73,Summer,6,5
2026-05-10,Cough Syrup 100ml,2,Summer,6,5
2026-05-10,Pantoprazole 40mg,20,Summer,6,5
2026-05-10,Metformin 500mg,24,Summer,6,5
2026-05-10,Amlodipine 5mg,9,Summer,6,5
2026-05-10,Azithromycin 500mg,2,Summer,6,5
2026-05-10,Ibuprofen 400mg,10,Summer,6,5
2026-05-10,Zinc Tablets 20mg,8,Summer,6,5
2026-05-10,Multivitamin Complex,10,Summer,6,5
2026-05-10,Folic Acid 5mg,14,Summer,6,5
2026-05-10,Atorvastatin 10mg,16,Summer,6,5
2026-05-10,Levocetirizine 5mg,9,Summer,6,5
2026-05-10,Ranitidine 150mg,21,Summer,6,5
2026-05-10,Diclofenac Gel 30g,7,Summer,6,5
2026-05-10,ORS (Orange Flavor),43,Summer,6,5
2026-05-10,Dolo 650mg,19,Summer,6,5
2026-05-10,Erythromycin 250mg,6,Summer,6,5
2026-05-10,Montelukast 10mg,1,Summer,6,5
2026-05-10,Carbamazepine 200mg,2,Summer,6,5
2026-05-11,Paracetamol 650mg,18,Summer,0,5
2026-05-11,Cetirizine 10mg,7,Summer,0,5
2026-05-11,Amoxicillin 500mg,9,Summer,0,5
2026-05-11,Insulin Glargine 100IU,6,Summer,0,5
2026-05-11,Salbutamol Inhaler,3,Summer,0,5
2026-05-11,Phenytoin 100mg,5,Summer,0,5
2026-05-11,ORS (Oral Rehydration),77,Summer,0,5
2026-05-11,Cough Syrup 100ml,2,Summer,0,5
2026-05-11,Pantoprazole 40mg,25,Summer,0,5
2026-05-11,Metformin 500mg,25,Summer,0,5
2026-05-11,Amlodipine 5mg,12,Summer,0,5
2026-05-11,Azithromycin 500mg,4,Summer,0,5
2026-05-11,Ibuprofen 400mg,5,Summer,0,5
2026-05-11,Zinc Tablets 20mg,16,Summer,0,5
2026-05-11,Multivitamin Complex,9,Summer,0,5
2026-05-11,Folic Acid 5mg,11,Summer,0,5
2026-05-11,Atorvastatin 10mg,11,Summer,0,5
2026-05-11,Levocetirizine 5mg,4,Summer,0,5
2026-05-11,Ranitidine 150mg,13,Summer,0,5
2026-05-11,Diclofenac Gel 30g,4,Summer,0,5
2026-05-11,ORS (Orange Flavor),40,Summer,0,5
2026-05-11,Dolo 650mg,23,Summer,0,5
2026-05-11,Erythromycin 250mg,14,Summer,0,5
2026-05-11,Montelukast 10mg,5,Summer,0,5
2026-05-11,Carbamazepine 200mg,2,Summer,0,5
2026-05-12,Paracetamol 650mg,12,Summer,1,5
2026-05-12,Cetirizine 10mg,14,Summer,1,5
2026-05-12,Amoxicillin 500mg,8,Summer,1,5
2026-05-12,Insulin Glargine 100IU,6,Summer,1,5
2026-05-12,Salbutamol Inhaler,4,Summer,1,5
2026-05-12,Phenytoin 100mg,5,Summer,1,5
2026-05-12,ORS (Oral Rehydration),59,Summer,1,5
2026-05-12,Cough Syrup 100ml,4,Summer,1,5
2026-05-12,Pantoprazole 40mg,20,Summer,1,5
2026-05-12,Metformin 500mg,19,Summer,1,5
2026-05-12,Amlodipine 5mg,16,Summer,1,5
2026-05-12,Azithromycin 500mg,6,Summer,1,5
2026-05-12,Ibuprofen 400mg,12,Summer,1,5
2026-05-12,Zinc Tablets 20mg,14,Summer,1,5
2026-05-12,Multivitamin Complex,13,Summer,1,5
2026-05-12,Folic Acid 5mg,20,Summer,1,5
2026-05-12,Atorvastatin 10mg,11,Summer,1,5
2026-05-12,Levocetirizine 5mg,3,Summer,1,5
2026-05-12,Ranitidine 150mg,26,Summer,1,5
2026-05-12,Diclofenac Gel 30g,2,Summer,1,5
2026-05-12,ORS (Orange Flavor),45,Summer,1,5
2026-05-12,Dolo 650mg,21,Summer,1,5
2026-05-12,Erythromycin 250mg,5,Summer,1,5
2026-05-12,Montelukast 10mg,5,Summer,1,5
2026-05-12,Carbamazepine 200mg,5,Summer,1,5
2026-05-13,Paracetamol 650mg,15,Summer,2,5
2026-05-13,Cetirizine 10mg,8,Summer,2,5
2026-05-13,Amoxicillin 500mg,10,Summer,2,5
2026-05-13,Insulin Glargine 100IU,5,Summer,2,5
2026-05-13,Salbutamol Inhaler,5,Summer,2,5
2026-05-13,Phenytoin 100mg,2,Summer,2,5
2026-05-13,ORS (Oral Rehydration),71,Summer,2,5
2026-05-13,Cough Syrup 100ml,4,Summer,2,5
2026-05-13,Pantoprazole 40mg,24,Summer,2,5
2026-05-13,Metformin 500mg,14,Summer,2,5
2026-05-13,Amlodipine 5mg,12,Summer,2,5
2026-05-13,Azithromycin 500mg,5,Summer,2,5
2026-05-13,Ibuprofen 400mg,8,Summer,2,5
2026-05-13,Zinc Tablets 20mg,10,Summer,2,5
2026-05-13,Multivitamin Complex,11,Summer,2,5
2026-05-13,Folic Acid 5mg,9,Summer,2,5
2026-05-13,Atorvastatin 10mg,12,Summer,2,5
2026-05-13,Levocetirizine 5mg,4,Summer,2,5
2026-05-13,Ranitidine 150mg,16,Summer,2,5
2026-05-13,Diclofenac Gel 30g,3,Summer,2,5
2026-05-13,ORS (Orange Flavor),37,Summer,2,5
2026-05-13,Dolo 650mg,17,Summer,2,5
2026-05-13,Erythromycin 250mg,9,Summer,2,5
2026-05-13,Montelukast 10mg,1,Summer,2,5
2026-05-13,Carbamazepine 200mg,3,Summer,2,5
2026-05-14,Paracetamol 650mg,15,Summer,3,5
2026-05-14,Cetirizine 10mg,14,Summer,3,5
2026-05-14,Amoxicillin 500mg,7,Summer,3,5
2026-05-14,Insulin Glargine 100IU,6,Summer,3,5
2026-05-14,Salbutamol Inhaler,2,Summer,3,5
2026-05-14,Phenytoin 100mg,7,Summer,3,5
2026-05-14,ORS (Oral Rehydration),48,Summer,3,5
2026-05-14,Cough Syrup 100ml,1,Summer,3,5
2026-05-14,Pantoprazole 40mg,26,Summer,3,5
2026-05-14,Metformin 500mg,18,Summer,3,5
2026-05-14,Amlodipine 5mg,14,Summer,3,5
2026-05-14,Azithromycin 500mg,5,Summer,3,5
2026-05-14,Ibuprofen 400mg,6,Summer,3,5
2026-05-14,Zinc Tablets 20mg,9,Summer,3,5
2026-05-14,Multivitamin Complex,9,Summer,3,5
2026-05-14,Folic Acid 5mg,13,Summer,3,5
2026-05-14,Atorvastatin 10mg,15,Summer,3,5
2026-05-14,Levocetirizine 5mg,7,Summer,3,5
2026-05-14,Ranitidine 150mg,18,Summer,3,5
2026-05-14,Diclofenac Gel 30g,5,Summer,3,5
2026-05-14,ORS (Orange Flavor),37,Summer,3,5
2026-05-14,Dolo 650mg,27,Summer,3,5
2026-05-14,Erythromycin 250mg,7,Summer,3,5
2026-05-14,Montelukast 10mg,2,Summer,3,5
2026-05-14,Carbamazepine 200mg,4,Summer,3,5
2026-05-15,Paracetamol 650mg,12,Summer,4,5
2026-05-15,Cetirizine 10mg,9,Summer,4,5
2026-05-15,Amoxicillin 500mg,9,Summer,4,5
2026-05-15,Insulin Glargine 100IU,3,Summer,4,5
2026-05-15,Salbutamol Inhaler,3,Summer,4,5
2026-05-15,Phenytoin 100mg,1,Summer,4,5
2026-05-15,ORS (Oral Rehydration),70,Summer,4,5
2026-05-15,Cough Syrup 100ml,3,Summer,4,5
2026-05-15,Pantoprazole 40mg,17,Summer,4,5
2026-05-15,Metformin 500mg,21,Summer,4,5
2026-05-15,Amlodipine 5mg,10,Summer,4,5
2026-05-15,Azithromycin 500mg,4,Summer,4,5
2026-05-15,Ibuprofen 400mg,9,Summer,4,5
2026-05-15,Zinc Tablets 20mg,13,Summer,4,5
2026-05-15,Multivitamin Complex,15,Summer,4,5
2026-05-15,Folic Acid 5mg,12,Summer,4,5
2026-05-15,Atorvastatin 10mg,17,Summer,4,5
2026-05-15,Levocetirizine 5mg,5,Summer,4,5
2026-05-15,Ranitidine 150mg,17,Summer,4,5
2026-05-15,Diclofenac Gel 30g,4,Summer,4,5
2026-05-15,ORS (Orange Flavor),41,Summer,4,5
2026-05-15,Dolo 650mg,19,Summer,4,5
2026-05-15,Erythromycin 250mg,8,Summer,4,5
2026-05-15,Montelukast 10mg,4,Summer,4,5
2026-05-15,Carbamazepine 200mg,3,Summer,4,5
2026-05-16,Paracetamol 650mg,19,Summer,5,5
2026-05-16,Cetirizine 10mg,13,Summer,5,5
2026-05-16,Amoxicillin 500mg,11,Summer,5,5
2026-05-16,Insulin Glargine 100IU,7,Summer,5,5
2026-05-16,Salbutamol Inhaler,7,Summer,5,5
2026-05-16,Phenytoin 100mg,1,Summer,5,5
2026-05-16,ORS (Oral Rehydration),62,Summer,5,5
2026-05-16,Cough Syrup 100ml,2,Summer,5,5
2026-05-16,Pantoprazole 40mg,32,Summer,5,5
2026-05-16,Metformin 500mg,18,Summer,5,5
2026-05-16,Amlodipine 5mg,14,Summer,5,5
2026-05-16,Azithromycin 500mg,1,Summer,5,5
2026-05-16,Ibuprofen 400mg,8,Summer,5,5
2026-05-16,Zinc Tablets 20mg,8,Summer,5,5
2026-05-16,Multivitamin Complex,15,Summer,5,5
2026-05-16,Folic Acid 5mg,14,Summer,5,5
2026-05-16,Atorvastatin 10mg,9,Summer,5,5
2026-05-16,Levocetirizine 5mg,4,Summer,5,5
2026-05-16,Ranitidine 150mg,21,Summer,5,5
2026-05-16,Diclofenac Gel 30g,6,Summer,5,5
2026-05-16,ORS (Orange Flavor),30,Summer,5,5
2026-05-16,Dolo 650mg,16,Summer,5,5
2026-05-16,Erythromycin 250mg,5,Summer,5,5
2026-05-16,Montelukast 10mg,5,Summer,5,5
2026-05-16,Carbamazepine 200mg,7,Summer,5,5
2026-05-17,Paracetamol 650mg,17,Summer,6,5
2026-05-17,Cetirizine 10mg,8,Summer,6,5
2026-05-17,Amoxicillin 500mg,10,Summer,6,5
2026-05-17,Insulin Glargine 100IU,5,Summer,6,5
2026-05-17,Salbutamol Inhaler,2,Summer,6,5
2026-05-17,Phenytoin 100mg,4,Summer,6,5
2026-05-17,ORS (Oral Rehydration),67,Summer,6,5
2026-05-17,Cough Syrup 100ml,4,Summer,6,5
2026-05-17,Pantoprazole 40mg,18,Summer,6,5
2026-05-17,Metformin 500mg,17,Summer,6,5
2026-05-17,Amlodipine 5mg,10,Summer,6,5
2026-05-17,Azithromycin 500mg,2,Summer,6,5
2026-05-17,Ibuprofen 400mg,11,Summer,6,5
2026-05-17,Zinc Tablets 20mg,14,Summer,6,5
2026-05-17,Multivitamin Complex,12,Summer,6,5
2026-05-17,Folic Acid 5mg,10,Summer,6,5
2026-05-17,Atorvastatin 10mg,8,Summer,6,5
2026-05-17,Levocetirizine 5mg,4,Summer,6,5
2026-05-17,Ranitidine 150mg,14,Summer,6,5
2026-05-17,Diclofenac Gel 30g,4,Summer,6,5
2026-05-17,ORS (Orange Flavor),23,Summer,6,5
2026-05-17,Dolo 650mg,23,Summer,6,5
2026-05-17,Erythromycin 250mg,6,Summer,6,5
2026-05-17,Montelukast 10mg,5,Summer,6,5
2026-05-17,Carbamazepine 200mg,2,Summer,6,5
2026-05-18,Paracetamol 650mg,18,Summer,0,5
2026-05-18,Cetirizine 10mg,8,Summer,0,5
2026-05-18,Amoxicillin 500mg,9,Summer,0,5
2026-05-18,Insulin Glargine 100IU,10,Summer,0,5
2026-05-18,Salbutamol Inhaler,1,Summer,0,5
2026-05-18,Phenytoin 100mg,2,Summer,0,5
2026-05-18,ORS (Oral Rehydration),68,Summer,0,5
2026-05-18,Cough Syrup 100ml,4,Summer,0,5
2026-05-18,Pantoprazole 40mg,17,Summer,0,5
2026-05-18,Metformin 500mg,8,Summer,0,5
2026-05-18,Amlodipine 5mg,12,Summer,0,5
2026-05-18,Azithromycin 500mg,5,Summer,0,5
2026-05-18,Ibuprofen 400mg,5,Summer,0,5
2026-05-18,Zinc Tablets 20mg,9,Summer,0,5
2026-05-18,Multivitamin Complex,17,Summer,0,5
2026-05-18,Folic Acid 5mg,12,Summer,0,5
2026-05-18,Atorvastatin 10mg,5,Summer,0,5
2026-05-18,Levocetirizine 5mg,7,Summer,0,5
2026-05-18,Ranitidine 150mg,19,Summer,0,5
2026-05-18,Diclofenac Gel 30g,8,Summer,0,5
2026-05-18,ORS (Orange Flavor),37,Summer,0,5
2026-05-18,Dolo 650mg,20,Summer,0,5
2026-05-18,Erythromycin 250mg,7,Summer,0,5
2026-05-18,Montelukast 10mg,7,Summer,0,5
2026-05-18,Carbamazepine 200mg,4,Summer,0,5
2026-05-19,Paracetamol 650mg,10,Summer,1,5
2026-05-19,Cetirizine 10mg,9,Summer,1,5
2026-05-19,Amoxicillin 500mg,10,Summer,1,5
2026-05-19,Insulin Glargine 100IU,6,Summer,1,5
2026-05-19,Salbutamol Inhaler,5,Summer,1,5
2026-05-19,Phenytoin 100mg,6,Summer,1,5
2026-05-19,ORS (Oral Rehydration),68,Summer,1,5
2026-05-19,Cough Syrup 100ml,4,Summer,1,5
2026-05-19,Pantoprazole 40mg,24,Summer,1,5
2026-05-19,Metformin 500mg,16,Summer,1,5
2026-05-19,Amlodipine 5mg,12,Summer,1,5
2026-05-19,Azithromycin 500mg,2,Summer,1,5
2026-05-19,Ibuprofen 400mg,5,Summer,1,5
2026-05-19,Zinc Tablets 20mg,13,Summer,1,5
2026-05-19,Multivitamin Complex,15,Summer,1,5
2026-05-19,Folic Acid 5mg,17,Summer,1,5
2026-05-19,Atorvastatin 10mg,11,Summer,1,5
2026-05-19,Levocetirizine 5mg,5,Summer,1,5
2026-05-19,Ranitidine 150mg,19,Summer,1,5
2026-05-19,Diclofenac Gel 30g,8,Summer,1,5
2026-05-19,ORS (Orange Flavor),31,Summer,1,5
2026-05-19,Dolo 650mg,20,Summer,1,5
2026-05-19,Erythromycin 250mg,5,Summer,1,5
2026-05-19,Montelukast 10mg,7,Summer,1,5
2026-05-19,Carbamazepine 200mg,2,Summer,1,5
2026-05-20,Paracetamol 650mg,22,Summer,2,5
2026-05-20,Cetirizine 10mg,15,Summer,2,5
2026-05-20,Amoxicillin 500mg,12,Summer,2,5
2026-05-20,Insulin Glargine 100IU,5,Summer,2,5
2026-05-20,Salbutamol Inhaler,2,Summer,2,5
2026-05-20,Phenytoin 100mg,3,Summer,2,5
2026-05-20,ORS (Oral Rehydration),79,Summer,2,5
2026-05-20,Cough Syrup 100ml,3,Summer,2,5
2026-05-20,Pantoprazole 40mg,11,Summer,2,5
2026-05-20,Metformin 500mg,11,Summer,2,5
2026-05-20,Amlodipine 5mg,12,Summer,2,5
2026-05-20,Azithromycin 500mg,7,Summer,2,5
2026-05-20,Ibuprofen 400mg,3,Summer,2,5
2026-05-20,Zinc Tablets 20mg,16,Summer,2,5
2026-05-20,Multivitamin Complex,18,Summer,2,5
2026-05-20,Folic Acid 5mg,20,Summer,2,5
2026-05-20,Atorvastatin 10mg,8,Summer,2,5
2026-05-20,Levocetirizine 5mg,3,Summer,2,5
2026-05-20,Ranitidine 150mg,19,Summer,2,5
2026-05-20,Diclofenac Gel 30g,11,Summer,2,5
2026-05-20,ORS (Orange Flavor),43,Summer,2,5
2026-05-20,Dolo 650mg,21,Summer,2,5
2026-05-20,Erythromycin 250mg,10,Summer,2,5
2026-05-20,Montelukast 10mg,6,Summer,2,5
2026-05-20,Carbamazepine 200mg,1,Summer,2,5
2026-05-21,Paracetamol 650mg,12,Summer,3,5
2026-05-21,Cetirizine 10mg,14,Summer,3,5
2026-05-21,Amoxicillin 500mg,6,Summer,3,5
2026-05-21,Insulin Glargine 100IU,9,Summer,3,5
2026-05-21,Salbutamol Inhaler,2,Summer,3,5
2026-05-21,Phenytoin 100mg,3,Summer,3,5
2026-05-21,ORS (Oral Rehydration),63,Summer,3,5
2026-05-21,Cough Syrup 100ml,1,Summer,3,5
2026-05-21,Pantoprazole 40mg,21,Summer,3,5
2026-05-21,Metformin 500mg,16,Summer,3,5
2026-05-21,Amlodipine 5mg,12,Summer,3,5
2026-05-21,Azithromycin 500mg,3,Summer,3,5
2026-05-21,Ibuprofen 400mg,12,Summer,3,5
2026-05-21,Zinc Tablets 20mg,14,Summer,3,5
2026-05-21,Multivitamin Complex,12,Summer,3,5
2026-05-21,Folic Acid 5mg,15,Summer,3,5
2026-05-21,Atorvastatin 10mg,10,Summer,3,5
2026-05-21,Levocetirizine 5mg,8,Summer,3,5
2026-05-21,Ranitidine 150mg,22,Summer,3,5
2026-05-21,Diclofenac Gel 30g,8,Summer,3,5
2026-05-21,ORS (Orange Flavor),38,Summer,3,5
2026-05-21,Dolo 650mg,21,Summer,3,5
2026-05-21,Erythromycin 250mg,10,Summer,3,5
2026-05-21,Montelukast 10mg,4,Summer,3,5
2026-05-21,Carbamazepine 200mg,3,Summer,3,5
2026-05-22,Paracetamol 650mg,16,Summer,4,5
2026-05-22,Cetirizine 10mg,15,Summer,4,5
2026-05-22,Amoxicillin 500mg,14,Summer,4,5
2026-05-22,Insulin Glargine 100IU,1,Summer,4,5
2026-05-22,Salbutamol Inhaler,4,Summer,4,5
2026-05-22,Phenytoin 100mg,2,Summer,4,5
2026-05-22,ORS (Oral Rehydration),74,Summer,4,5
2026-05-22,Cough Syrup 100ml,4,Summer,4,5
2026-05-22,Pantoprazole 40mg,21,Summer,4,5
2026-05-22,Metformin 500mg,20,Summer,4,5
2026-05-22,Amlodipine 5mg,17,Summer,4,5
2026-05-22,Azithromycin 500mg,3,Summer,4,5
2026-05-22,Ibuprofen 400mg,14,Summer,4,5
2026-05-22,Zinc Tablets 20mg,13,Summer,4,5
2026-05-22,Multivitamin Complex,7,Summer,4,5
2026-05-22,Folic Acid 5mg,18,Summer,4,5
2026-05-22,Atorvastatin 10mg,8,Summer,4,5
2026-05-22,Levocetirizine 5mg,12,Summer,4,5
2026-05-22,Ranitidine 150mg,15,Summer,4,5
2026-05-22,Diclofenac Gel 30g,6,Summer,4,5
2026-05-22,ORS (Orange Flavor),55,Summer,4,5
2026-05-22,Dolo 650mg,13,Summer,4,5
2026-05-22,Erythromycin 250mg,9,Summer,4,5
2026-05-22,Montelukast 10mg,1,Summer,4,5
2026-05-22,Carbamazepine 200mg,5,Summer,4,5
2026-05-23,Paracetamol 650mg,25,Summer,5,5
2026-05-23,Cetirizine 10mg,8,Summer,5,5
2026-05-23,Amoxicillin 500mg,7,Summer,5,5
2026-05-23,Insulin Glargine 100IU,3,Summer,5,5
2026-05-23,Salbutamol Inhaler,1,Summer,5,5
2026-05-23,Phenytoin 100mg,4,Summer,5,5
2026-05-23,ORS (Oral Rehydration),69,Summer,5,5
2026-05-23,Cough Syrup 100ml,7,Summer,5,5
2026-05-23,Pantoprazole 40mg,22,Summer,5,5
2026-05-23,Metformin 500mg,18,Summer,5,5
2026-05-23,Amlodipine 5mg,11,Summer,5,5
2026-05-23,Azithromycin 500mg,2,Summer,5,5
2026-05-23,Ibuprofen 400mg,7,Summer,5,5
2026-05-23,Zinc Tablets 20mg,14,Summer,5,5
2026-05-23,Multivitamin Complex,11,Summer,5,5
2026-05-23,Folic Acid 5mg,13,Summer,5,5
2026-05-23,Atorvastatin 10mg,15,Summer,5,5
2026-05-23,Levocetirizine 5mg,7,Summer,5,5
2026-05-23,Ranitidine 150mg,19,Summer,5,5
2026-05-23,Diclofenac Gel 30g,12,Summer,5,5
2026-05-23,ORS (Orange Flavor),45,Summer,5,5
2026-05-23,Dolo 650mg,22,Summer,5,5
2026-05-23,Erythromycin 250mg,4,Summer,5,5
2026-05-23,Montelukast 10mg,6,Summer,5,5
2026-05-23,Carbamazepine 200mg,5,Summer,5,5
2026-05-24,Paracetamol 650mg,13,Summer,6,5
2026-05-24,Cetirizine 10mg,8,Summer,6,5
2026-05-24,Amoxicillin 500mg,10,Summer,6,5
2026-05-24,Insulin Glargine 100IU,5,Summer,6,5
2026-05-24,Salbutamol Inhaler,3,Summer,6,5
2026-05-24,Phenytoin 100mg,1,Summer,6,5
2026-05-24,ORS (Oral Rehydration),61,Summer,6,5
2026-05-24,Cough Syrup 100ml,4,Summer,6,5
2026-05-24,Pantoprazole 40mg,24,Summer,6,5
2026-05-24,Metformin 500mg,15,Summer,6,5
2026-05-24,Amlodipine 5mg,17,Summer,6,5
2026-05-24,Azithromycin 500mg,2,Summer,6,5
2026-05-24,Ibuprofen 400mg,11,Summer,6,5
2026-05-24,Zinc Tablets 20mg,6,Summer,6,5
2026-05-24,Multivitamin Complex,13,Summer,6,5
2026-05-24,Folic Acid 5mg,13,Summer,6,5
2026-05-24,Atorvastatin 10mg,12,Summer,6,5
2026-05-24,Levocetirizine 5mg,8,Summer,6,5
2026-05-24,Ranitidine 150mg,15,Summer,6,5
2026-05-24,Diclofenac Gel 30g,6,Summer,6,5
2026-05-24,ORS (Orange Flavor),39,Summer,6,5
2026-05-24,Dolo 650mg,22,Summer,6,5
2026-05-24,Erythromycin 250mg,7,Summer,6,5
2026-05-24,Montelukast 10mg,3,Summer,6,5
2026-05-24,Carbamazepine 200mg,5,Summer,6,5
2026-05-25,Paracetamol 650mg,15,Summer,0,5
2026-05-25,Cetirizine 10mg,6,Summer,0,5
2026-05-25,Amoxicillin 500mg,11,Summer,0,5
2026-05-25,Insulin Glargine 100IU,5,Summer,0,5
2026-05-25,Salbutamol Inhaler,1,Summer,0,5
2026-05-25,Phenytoin 100mg,3,Summer,0,5
2026-05-25,ORS (Oral Rehydration),69,Summer,0,5
2026-05-25,Cough Syrup 100ml,5,Summer,0,5
2026-05-25,Pantoprazole 40mg,32,Summer,0,5
2026-05-25,Metformin 500mg,13,Summer,0,5
2026-05-25,Amlodipine 5mg,8,Summer,0,5
2026-05-25,Azithromycin 500mg,5,Summer,0,5
2026-05-25,Ibuprofen 400mg,8,Summer,0,5
2026-05-25,Zinc Tablets 20mg,14,Summer,0,5
2026-05-25,Multivitamin Complex,15,Summer,0,5
2026-05-25,Folic Acid 5mg,23,Summer,0,5
2026-05-25,Atorvastatin 10mg,12,Summer,0,5
2026-05-25,Levocetirizine 5mg,8,Summer,0,5
2026-05-25,Ranitidine 150mg,14,Summer,0,5
2026-05-25,Diclofenac Gel 30g,11,Summer,0,5
2026-05-25,ORS (Orange Flavor),67,Summer,0,5
2026-05-25,Dolo 650mg,20,Summer,0,5
2026-05-25,Erythromycin 250mg,10,Summer,0,5
2026-05-25,Montelukast 10mg,3,Summer,0,5
2026-05-25,Carbamazepine 200mg,1,Summer,0,5
2026-05-26,Paracetamol 650mg,15,Summer,1,5
2026-05-26,Cetirizine 10mg,13,Summer,1,5
2026-05-26,Amoxicillin 500mg,10,Summer,1,5
2026-05-26,Insulin Glargine 100IU,9,Summer,1,5
2026-05-26,Salbutamol Inhaler,2,Summer,1,5
2026-05-26,Phenytoin 100mg,2,Summer,1,5
2026-05-26,ORS (Oral Rehydration),62,Summer,1,5
2026-05-26,Cough Syrup 100ml,3,Summer,1,5
2026-05-26,Pantoprazole 40mg,17,Summer,1,5
2026-05-26,Metformin 500mg,18,Summer,1,5
2026-05-26,Amlodipine 5mg,11,Summer,1,5
2026-05-26,Azithromycin 500mg,5,Summer,1,5
2026-05-26,Ibuprofen 400mg,6,Summer,1,5
2026-05-26,Zinc Tablets 20mg,10,Summer,1,5
2026-05-26,Multivitamin Complex,11,Summer,1,5
2026-05-26,Folic Acid 5mg,18,Summer,1,5
2026-05-26,Atorvastatin 10mg,7,Summer,1,5
2026-05-26,Levocetirizine 5mg,3,Summer,1,5
2026-05-26,Ranitidine 150mg,17,Summer,1,5
2026-05-26,Diclofenac Gel 30g,9,Summer,1,5
2026-05-26,ORS (Orange Flavor),46,Summer,1,5
2026-05-26,Dolo 650mg,14,Summer,1,5
2026-05-26,Erythromycin 250mg,3,Summer,1,5
2026-05-26,Montelukast 10mg,2,Summer,1,5
2026-05-26,Carbamazepine 200mg,1,Summer,1,5
